<?xml version="1.0" encoding="UTF-8"?>
<gpx version="1.1"
   creator="MTK - https://www.toursprung.com"
   xmlns="http://www.topografix.com/GPX/1/1"
   xmlns:xsi="http://www.w3.org/2001/XMLSchema-instance"
   xsi:schemaLocation="http://www.topografix.com/GPX/1/1 http://www.topografix.com/GPX/1/1/gpx.xsd"
   xmlns:gpxtpx="http://www.garmin.com/xmlschemas/TrackPointExtension/v1"
   xmlns:gpxx="http://www.garmin.com/xmlschemas/GpxExtensions/v3"
   targetNamespace="http://www.topografix.com/GPX/1/1"
   elementFormDefault="qualified">
   <metadata>
      <name><![CDATA[Vienna-Brno via Znojmo &amp; Valtice]]></name>
         <desc><![CDATA[<p>Znojmo waypoint is the location of Maxwilliam Penzion.</p>

<p>Valtice waypoint is the location of Prinz Penzion</p>]]></desc>
   </metadata>
   
      <trk><name><![CDATA[Vienna-Brno via Znojmo &amp; Valtice]]></name><desc><![CDATA[<p>Znojmo waypoint is the location of Maxwilliam Penzion.</p>

<p>Valtice waypoint is the location of Prinz Penzion</p>]]></desc><trkseg>
         <trkpt lat="48.2057755856528" lon="16.3655206259691"><ele>185</ele></trkpt>
<trkpt lat="48.20553" lon="16.36585"><ele>183</ele></trkpt>
<trkpt lat="48.20541" lon="16.36565"><ele>183</ele></trkpt>
<trkpt lat="48.20525" lon="16.36586"><ele>182</ele></trkpt>
<trkpt lat="48.20544" lon="16.36617"><ele>181</ele></trkpt>
<trkpt lat="48.2048" lon="16.36693"><ele>179</ele></trkpt>
<trkpt lat="48.20443" lon="16.36741"><ele>178</ele></trkpt>
<trkpt lat="48.20441" lon="16.36771"><ele>179</ele></trkpt>
<trkpt lat="48.20441" lon="16.36777"><ele>179</ele></trkpt>
<trkpt lat="48.20445" lon="16.36783"><ele>179</ele></trkpt>
<trkpt lat="48.20397" lon="16.3685"><ele>181</ele></trkpt>
<trkpt lat="48.20394" lon="16.36861"><ele>182</ele></trkpt>
<trkpt lat="48.20394" lon="16.36869"><ele>182</ele></trkpt>
<trkpt lat="48.20406" lon="16.3687"><ele>182</ele></trkpt>
<trkpt lat="48.20435" lon="16.36885"><ele>183</ele></trkpt>
<trkpt lat="48.20511" lon="16.36844"><ele>186</ele></trkpt>
<trkpt lat="48.20523" lon="16.36829"><ele>186</ele></trkpt>
<trkpt lat="48.20529" lon="16.36819"><ele>186</ele></trkpt>
<trkpt lat="48.20539" lon="16.36808"><ele>186</ele></trkpt>
<trkpt lat="48.20604" lon="16.36778"><ele>186</ele></trkpt>
<trkpt lat="48.20624" lon="16.36764"><ele>186</ele></trkpt>
<trkpt lat="48.20695" lon="16.36732"><ele>187</ele></trkpt>
<trkpt lat="48.20773" lon="16.36682"><ele>188</ele></trkpt>
<trkpt lat="48.2078" lon="16.36673"><ele>188</ele></trkpt>
<trkpt lat="48.2079" lon="16.36683"><ele>188</ele></trkpt>
<trkpt lat="48.20794" lon="16.36685"><ele>189</ele></trkpt>
<trkpt lat="48.20803" lon="16.36684"><ele>189</ele></trkpt>
<trkpt lat="48.20814" lon="16.36674"><ele>189</ele></trkpt>
<trkpt lat="48.20819" lon="16.3666"><ele>189</ele></trkpt>
<trkpt lat="48.20819" lon="16.3665"><ele>189</ele></trkpt>
<trkpt lat="48.20828" lon="16.36649"><ele>189</ele></trkpt>
<trkpt lat="48.20936" lon="16.36596"><ele>189</ele></trkpt>
<trkpt lat="48.21041" lon="16.3652"><ele>186</ele></trkpt>
<trkpt lat="48.21133" lon="16.36459"><ele>185</ele></trkpt>
<trkpt lat="48.2116" lon="16.36447"><ele>185</ele></trkpt>
<trkpt lat="48.21178" lon="16.36444"><ele>185</ele></trkpt>
<trkpt lat="48.21193" lon="16.36426"><ele>185</ele></trkpt>
<trkpt lat="48.21197" lon="16.36418"><ele>185</ele></trkpt>
<trkpt lat="48.21198" lon="16.36411"><ele>185</ele></trkpt>
<trkpt lat="48.21205" lon="16.36416"><ele>185</ele></trkpt>
<trkpt lat="48.21293" lon="16.36354"><ele>185</ele></trkpt>
<trkpt lat="48.21379" lon="16.36266"><ele>184</ele></trkpt>
<trkpt lat="48.21388" lon="16.36284"><ele>184</ele></trkpt>
<trkpt lat="48.21403" lon="16.36293"><ele>184</ele></trkpt>
<trkpt lat="48.21616" lon="16.3676"><ele>176</ele></trkpt>
<trkpt lat="48.21734" lon="16.37016"><ele>169</ele></trkpt>
<trkpt lat="48.21731" lon="16.37036"><ele>168</ele></trkpt>
<trkpt lat="48.21757" lon="16.37006"><ele>166</ele></trkpt>
<trkpt lat="48.21767" lon="16.37001"><ele>166</ele></trkpt>
<trkpt lat="48.21805" lon="16.36962"><ele>163</ele></trkpt>
<trkpt lat="48.21822" lon="16.3695"><ele>162</ele></trkpt>
<trkpt lat="48.21832" lon="16.36944"><ele>162</ele></trkpt>
<trkpt lat="48.21855" lon="16.36966"><ele>161</ele></trkpt>
<trkpt lat="48.21863" lon="16.36963"><ele>161</ele></trkpt>
<trkpt lat="48.21928" lon="16.36877"><ele>161</ele></trkpt>
<trkpt lat="48.21932" lon="16.36876"><ele>161</ele></trkpt>
<trkpt lat="48.21934" lon="16.36879"><ele>161</ele></trkpt>
<trkpt lat="48.21953" lon="16.36858"><ele>161</ele></trkpt>
<trkpt lat="48.21979" lon="16.36837"><ele>161</ele></trkpt>
<trkpt lat="48.21998" lon="16.36825"><ele>161</ele></trkpt>
<trkpt lat="48.22051" lon="16.36802"><ele>161</ele></trkpt>
<trkpt lat="48.2215" lon="16.36782"><ele>161</ele></trkpt>
<trkpt lat="48.22255" lon="16.36773"><ele>161</ele></trkpt>
<trkpt lat="48.22379" lon="16.3677"><ele>162</ele></trkpt>
<trkpt lat="48.22421" lon="16.36765"><ele>162</ele></trkpt>
<trkpt lat="48.22463" lon="16.36753"><ele>162</ele></trkpt>
<trkpt lat="48.22511" lon="16.36732"><ele>163</ele></trkpt>
<trkpt lat="48.22578" lon="16.36685"><ele>164</ele></trkpt>
<trkpt lat="48.22605" lon="16.3666"><ele>164</ele></trkpt>
<trkpt lat="48.22721" lon="16.365"><ele>166</ele></trkpt>
<trkpt lat="48.22754" lon="16.36452"><ele>166</ele></trkpt>
<trkpt lat="48.2278" lon="16.36419"><ele>166</ele></trkpt>
<trkpt lat="48.22872" lon="16.3633"><ele>164</ele></trkpt>
<trkpt lat="48.22922" lon="16.36294"><ele>163</ele></trkpt>
<trkpt lat="48.22974" lon="16.36265"><ele>162</ele></trkpt>
<trkpt lat="48.23121" lon="16.36186"><ele>162</ele></trkpt>
<trkpt lat="48.23159" lon="16.3618"><ele>162</ele></trkpt>
<trkpt lat="48.23266" lon="16.3612"><ele>163</ele></trkpt>
<trkpt lat="48.23314" lon="16.36099"><ele>161</ele></trkpt>
<trkpt lat="48.2335" lon="16.36092"><ele>159</ele></trkpt>
<trkpt lat="48.23388" lon="16.36088"><ele>158</ele></trkpt>
<trkpt lat="48.23446" lon="16.36097"><ele>156</ele></trkpt>
<trkpt lat="48.23539" lon="16.36115"><ele>157</ele></trkpt>
<trkpt lat="48.23559" lon="16.36125"><ele>157</ele></trkpt>
<trkpt lat="48.23605" lon="16.36143"><ele>158</ele></trkpt>
<trkpt lat="48.23624" lon="16.36157"><ele>159</ele></trkpt>
<trkpt lat="48.23646" lon="16.36161"><ele>159</ele></trkpt>
<trkpt lat="48.23768" lon="16.36213"><ele>161</ele></trkpt>
<trkpt lat="48.23909" lon="16.36292"><ele>162</ele></trkpt>
<trkpt lat="48.23962" lon="16.36324"><ele>160</ele></trkpt>
<trkpt lat="48.23985" lon="16.36343"><ele>159</ele></trkpt>
<trkpt lat="48.24002" lon="16.36352"><ele>159</ele></trkpt>
<trkpt lat="48.24047" lon="16.36382"><ele>158</ele></trkpt>
<trkpt lat="48.24198" lon="16.36487"><ele>160</ele></trkpt>
<trkpt lat="48.24301" lon="16.36569"><ele>164</ele></trkpt>
<trkpt lat="48.24377" lon="16.36633"><ele>165</ele></trkpt>
<trkpt lat="48.24455" lon="16.36706"><ele>167</ele></trkpt>
<trkpt lat="48.24583" lon="16.36839"><ele>163</ele></trkpt>
<trkpt lat="48.24746" lon="16.36994"><ele>159</ele></trkpt>
<trkpt lat="48.24818" lon="16.37048"><ele>157</ele></trkpt>
<trkpt lat="48.24878" lon="16.37088"><ele>157</ele></trkpt>
<trkpt lat="48.2494" lon="16.37121"><ele>158</ele></trkpt>
<trkpt lat="48.25046" lon="16.37168"><ele>159</ele></trkpt>
<trkpt lat="48.25074" lon="16.37175"><ele>160</ele></trkpt>
<trkpt lat="48.25143" lon="16.37176"><ele>163</ele></trkpt>
<trkpt lat="48.25166" lon="16.37174"><ele>163</ele></trkpt>
<trkpt lat="48.25194" lon="16.37169"><ele>164</ele></trkpt>
<trkpt lat="48.25236" lon="16.37158"><ele>166</ele></trkpt>
<trkpt lat="48.25294" lon="16.37129"><ele>167</ele></trkpt>
<trkpt lat="48.25352" lon="16.37091"><ele>166</ele></trkpt>
<trkpt lat="48.25387" lon="16.37071"><ele>165</ele></trkpt>
<trkpt lat="48.25415" lon="16.3706"><ele>164</ele></trkpt>
<trkpt lat="48.25562" lon="16.36975"><ele>163</ele></trkpt>
<trkpt lat="48.25604" lon="16.36952"><ele>164</ele></trkpt>
<trkpt lat="48.25623" lon="16.36945"><ele>164</ele></trkpt>
<trkpt lat="48.25642" lon="16.36924"><ele>164</ele></trkpt>
<trkpt lat="48.25775" lon="16.36888"><ele>164</ele></trkpt>
<trkpt lat="48.25786" lon="16.36879"><ele>164</ele></trkpt>
<trkpt lat="48.25819" lon="16.36892"><ele>163</ele></trkpt>
<trkpt lat="48.25832" lon="16.36889"><ele>163</ele></trkpt>
<trkpt lat="48.25846" lon="16.36874"><ele>163</ele></trkpt>
<trkpt lat="48.25862" lon="16.36862"><ele>163</ele></trkpt>
<trkpt lat="48.25893" lon="16.36854"><ele>163</ele></trkpt>
<trkpt lat="48.25907" lon="16.36855"><ele>163</ele></trkpt>
<trkpt lat="48.25912" lon="16.36858"><ele>163</ele></trkpt>
<trkpt lat="48.25917" lon="16.36866"><ele>163</ele></trkpt>
<trkpt lat="48.26088" lon="16.36827"><ele>165</ele></trkpt>
<trkpt lat="48.26192" lon="16.36793"><ele>164</ele></trkpt>
<trkpt lat="48.2625" lon="16.3677"><ele>164</ele></trkpt>
<trkpt lat="48.26253" lon="16.36772"><ele>164</ele></trkpt>
<trkpt lat="48.26296" lon="16.36754"><ele>163</ele></trkpt>
<trkpt lat="48.26332" lon="16.36736"><ele>163</ele></trkpt>
<trkpt lat="48.26427" lon="16.36682"><ele>163</ele></trkpt>
<trkpt lat="48.26608" lon="16.36537"><ele>163</ele></trkpt>
<trkpt lat="48.26794" lon="16.36366"><ele>163</ele></trkpt>
<trkpt lat="48.27137" lon="16.36044"><ele>163</ele></trkpt>
<trkpt lat="48.27202" lon="16.35979"><ele>162</ele></trkpt>
<trkpt lat="48.27259" lon="16.35918"><ele>161</ele></trkpt>
<trkpt lat="48.27324" lon="16.35843"><ele>161</ele></trkpt>
<trkpt lat="48.27394" lon="16.35771"><ele>161</ele></trkpt>
<trkpt lat="48.27411" lon="16.35763"><ele>161</ele></trkpt>
<trkpt lat="48.27418" lon="16.35757"><ele>161</ele></trkpt>
<trkpt lat="48.27498" lon="16.35682"><ele>161</ele></trkpt>
<trkpt lat="48.27513" lon="16.35669"><ele>161</ele></trkpt>
<trkpt lat="48.27527" lon="16.35655"><ele>161</ele></trkpt>
<trkpt lat="48.27617" lon="16.35541"><ele>161</ele></trkpt>
<trkpt lat="48.27714" lon="16.35427"><ele>164</ele></trkpt>
<trkpt lat="48.27824" lon="16.35339"><ele>166</ele></trkpt>
<trkpt lat="48.27944" lon="16.35277"><ele>165</ele></trkpt>
<trkpt lat="48.27967" lon="16.35263"><ele>164</ele></trkpt>
<trkpt lat="48.28039" lon="16.35194"><ele>164</ele></trkpt>
<trkpt lat="48.28168" lon="16.35052"><ele>166</ele></trkpt>
<trkpt lat="48.28278" lon="16.34966"><ele>165</ele></trkpt>
<trkpt lat="48.28389" lon="16.34874"><ele>163</ele></trkpt>
<trkpt lat="48.28403" lon="16.34866"><ele>162</ele></trkpt>
<trkpt lat="48.28408" lon="16.34859"><ele>162</ele></trkpt>
<trkpt lat="48.28412" lon="16.34849"><ele>162</ele></trkpt>
<trkpt lat="48.28415" lon="16.34837"><ele>162</ele></trkpt>
<trkpt lat="48.28415" lon="16.34753"><ele>162</ele></trkpt>
<trkpt lat="48.28419" lon="16.34743"><ele>162</ele></trkpt>
<trkpt lat="48.28426" lon="16.34731"><ele>162</ele></trkpt>
<trkpt lat="48.28508" lon="16.34666"><ele>162</ele></trkpt>
<trkpt lat="48.28593" lon="16.34588"><ele>162</ele></trkpt>
<trkpt lat="48.28623" lon="16.34569"><ele>162</ele></trkpt>
<trkpt lat="48.28677" lon="16.34551"><ele>162</ele></trkpt>
<trkpt lat="48.28833" lon="16.34494"><ele>163</ele></trkpt>
<trkpt lat="48.28953" lon="16.34427"><ele>164</ele></trkpt>
<trkpt lat="48.28964" lon="16.34436"><ele>164</ele></trkpt>
<trkpt lat="48.28973" lon="16.34452"><ele>164</ele></trkpt>
<trkpt lat="48.28978" lon="16.34454"><ele>164</ele></trkpt>
<trkpt lat="48.28987" lon="16.34454"><ele>164</ele></trkpt>
<trkpt lat="48.29056" lon="16.34432"><ele>164</ele></trkpt>
<trkpt lat="48.29083" lon="16.34421"><ele>164</ele></trkpt>
<trkpt lat="48.2921" lon="16.34361"><ele>164</ele></trkpt>
<trkpt lat="48.29238" lon="16.34354"><ele>164</ele></trkpt>
<trkpt lat="48.29333" lon="16.34336"><ele>164</ele></trkpt>
<trkpt lat="48.29388" lon="16.3433"><ele>164</ele></trkpt>
<trkpt lat="48.29399" lon="16.34326"><ele>164</ele></trkpt>
<trkpt lat="48.29415" lon="16.34315"><ele>164</ele></trkpt>
<trkpt lat="48.29482" lon="16.34263"><ele>164</ele></trkpt>
<trkpt lat="48.29551" lon="16.34221"><ele>164</ele></trkpt>
<trkpt lat="48.29569" lon="16.34206"><ele>164</ele></trkpt>
<trkpt lat="48.29579" lon="16.34191"><ele>164</ele></trkpt>
<trkpt lat="48.29698" lon="16.34078"><ele>164</ele></trkpt>
<trkpt lat="48.29745" lon="16.34047"><ele>164</ele></trkpt>
<trkpt lat="48.29798" lon="16.34019"><ele>164</ele></trkpt>
<trkpt lat="48.29865" lon="16.33972"><ele>163</ele></trkpt>
<trkpt lat="48.29891" lon="16.3395"><ele>162</ele></trkpt>
<trkpt lat="48.29975" lon="16.33869"><ele>161</ele></trkpt>
<trkpt lat="48.30016" lon="16.33822"><ele>162</ele></trkpt>
<trkpt lat="48.30076" lon="16.33732"><ele>163</ele></trkpt>
<trkpt lat="48.30081" lon="16.33719"><ele>163</ele></trkpt>
<trkpt lat="48.30083" lon="16.33704"><ele>164</ele></trkpt>
<trkpt lat="48.30093" lon="16.33556"><ele>165</ele></trkpt>
<trkpt lat="48.30093" lon="16.33547"><ele>165</ele></trkpt>
<trkpt lat="48.30089" lon="16.33539"><ele>165</ele></trkpt>
<trkpt lat="48.30088" lon="16.33439"><ele>165</ele></trkpt>
<trkpt lat="48.30085" lon="16.3341"><ele>165</ele></trkpt>
<trkpt lat="48.30099" lon="16.33412"><ele>165</ele></trkpt>
<trkpt lat="48.30113" lon="16.33409"><ele>165</ele></trkpt>
<trkpt lat="48.30203" lon="16.3338"><ele>165</ele></trkpt>
<trkpt lat="48.30234" lon="16.33373"><ele>165</ele></trkpt>
<trkpt lat="48.3024" lon="16.33374"><ele>165</ele></trkpt>
<trkpt lat="48.30274" lon="16.33391"><ele>165</ele></trkpt>
<trkpt lat="48.30277" lon="16.33382"><ele>165</ele></trkpt>
<trkpt lat="48.30279" lon="16.33381"><ele>165</ele></trkpt>
<trkpt lat="48.30311" lon="16.33398"><ele>165</ele></trkpt>
<trkpt lat="48.3032" lon="16.33406"><ele>165</ele></trkpt>
<trkpt lat="48.3039" lon="16.33485"><ele>167</ele></trkpt>
<trkpt lat="48.30407" lon="16.33499"><ele>168</ele></trkpt>
<trkpt lat="48.30427" lon="16.33504"><ele>169</ele></trkpt>
<trkpt lat="48.30504" lon="16.33476"><ele>173</ele></trkpt>
<trkpt lat="48.30597" lon="16.33436"><ele>174</ele></trkpt>
<trkpt lat="48.30685" lon="16.33408"><ele>170</ele></trkpt>
<trkpt lat="48.30796" lon="16.33383"><ele>166</ele></trkpt>
<trkpt lat="48.30828" lon="16.33378"><ele>166</ele></trkpt>
<trkpt lat="48.30844" lon="16.3337"><ele>166</ele></trkpt>
<trkpt lat="48.30964" lon="16.33233"><ele>167</ele></trkpt>
<trkpt lat="48.30979" lon="16.33211"><ele>167</ele></trkpt>
<trkpt lat="48.31023" lon="16.33134"><ele>167</ele></trkpt>
<trkpt lat="48.31084" lon="16.33001"><ele>166</ele></trkpt>
<trkpt lat="48.31087" lon="16.32989"><ele>166</ele></trkpt>
<trkpt lat="48.31085" lon="16.32959"><ele>165</ele></trkpt>
<trkpt lat="48.3108" lon="16.32946"><ele>165</ele></trkpt>
<trkpt lat="48.31008" lon="16.32854"><ele>165</ele></trkpt>
<trkpt lat="48.31002" lon="16.32838"><ele>165</ele></trkpt>
<trkpt lat="48.31001" lon="16.32823"><ele>165</ele></trkpt>
<trkpt lat="48.31005" lon="16.32807"><ele>165</ele></trkpt>
<trkpt lat="48.31019" lon="16.32771"><ele>165</ele></trkpt>
<trkpt lat="48.31042" lon="16.32704"><ele>165</ele></trkpt>
<trkpt lat="48.31044" lon="16.32698"><ele>164</ele></trkpt>
<trkpt lat="48.31058" lon="16.32688"><ele>164</ele></trkpt>
<trkpt lat="48.31079" lon="16.32654"><ele>164</ele></trkpt>
<trkpt lat="48.31123" lon="16.32599"><ele>163</ele></trkpt>
<trkpt lat="48.31198" lon="16.3249"><ele>162</ele></trkpt>
<trkpt lat="48.31293" lon="16.32346"><ele>163</ele></trkpt>
<trkpt lat="48.3137" lon="16.32235"><ele>164</ele></trkpt>
<trkpt lat="48.31431" lon="16.32141"><ele>166</ele></trkpt>
<trkpt lat="48.31505" lon="16.32004"><ele>168</ele></trkpt>
<trkpt lat="48.31514" lon="16.3198"><ele>169</ele></trkpt>
<trkpt lat="48.31522" lon="16.31969"><ele>169</ele></trkpt>
<trkpt lat="48.31536" lon="16.31956"><ele>169</ele></trkpt>
<trkpt lat="48.31553" lon="16.3195"><ele>169</ele></trkpt>
<trkpt lat="48.31576" lon="16.31946"><ele>169</ele></trkpt>
<trkpt lat="48.31594" lon="16.31935"><ele>169</ele></trkpt>
<trkpt lat="48.31607" lon="16.31914"><ele>169</ele></trkpt>
<trkpt lat="48.31623" lon="16.3186"><ele>169</ele></trkpt>
<trkpt lat="48.31653" lon="16.31773"><ele>168</ele></trkpt>
<trkpt lat="48.31666" lon="16.31728"><ele>168</ele></trkpt>
<trkpt lat="48.31675" lon="16.31704"><ele>168</ele></trkpt>
<trkpt lat="48.31692" lon="16.31682"><ele>167</ele></trkpt>
<trkpt lat="48.31692" lon="16.31677"><ele>167</ele></trkpt>
<trkpt lat="48.31673" lon="16.31637"><ele>167</ele></trkpt>
<trkpt lat="48.3172" lon="16.31596"><ele>166</ele></trkpt>
<trkpt lat="48.31909" lon="16.31418"><ele>171</ele></trkpt>
<trkpt lat="48.31978" lon="16.31348"><ele>172</ele></trkpt>
<trkpt lat="48.3209" lon="16.31248"><ele>170</ele></trkpt>
<trkpt lat="48.32208" lon="16.31135"><ele>170</ele></trkpt>
<trkpt lat="48.32594" lon="16.30803"><ele>166</ele></trkpt>
<trkpt lat="48.32667" lon="16.30739"><ele>166</ele></trkpt>
<trkpt lat="48.32789" lon="16.30637"><ele>165</ele></trkpt>
<trkpt lat="48.32992" lon="16.30459"><ele>165</ele></trkpt>
<trkpt lat="48.33096" lon="16.30371"><ele>165</ele></trkpt>
<trkpt lat="48.33212" lon="16.30278"><ele>165</ele></trkpt>
<trkpt lat="48.33481" lon="16.30065"><ele>166</ele></trkpt>
<trkpt lat="48.33512" lon="16.30037"><ele>166</ele></trkpt>
<trkpt lat="48.33567" lon="16.2998"><ele>166</ele></trkpt>
<trkpt lat="48.33588" lon="16.29955"><ele>166</ele></trkpt>
<trkpt lat="48.3365" lon="16.29907"><ele>166</ele></trkpt>
<trkpt lat="48.337" lon="16.29872"><ele>166</ele></trkpt>
<trkpt lat="48.33709" lon="16.29877"><ele>166</ele></trkpt>
<trkpt lat="48.33713" lon="16.29875"><ele>166</ele></trkpt>
<trkpt lat="48.33735" lon="16.29862"><ele>166</ele></trkpt>
<trkpt lat="48.33739" lon="16.29854"><ele>166</ele></trkpt>
<trkpt lat="48.33767" lon="16.29846"><ele>166</ele></trkpt>
<trkpt lat="48.33872" lon="16.29765"><ele>166</ele></trkpt>
<trkpt lat="48.34054" lon="16.29643"><ele>165</ele></trkpt>
<trkpt lat="48.34092" lon="16.29615"><ele>165</ele></trkpt>
<trkpt lat="48.34373" lon="16.29363"><ele>166</ele></trkpt>
<trkpt lat="48.34456" lon="16.2928"><ele>166</ele></trkpt>
<trkpt lat="48.345" lon="16.29242"><ele>165</ele></trkpt>
<trkpt lat="48.34551" lon="16.29193"><ele>164</ele></trkpt>
<trkpt lat="48.34647" lon="16.29123"><ele>164</ele></trkpt>
<trkpt lat="48.34675" lon="16.29117"><ele>163</ele></trkpt>
<trkpt lat="48.34698" lon="16.29106"><ele>163</ele></trkpt>
<trkpt lat="48.34727" lon="16.29081"><ele>163</ele></trkpt>
<trkpt lat="48.34743" lon="16.29056"><ele>163</ele></trkpt>
<trkpt lat="48.34775" lon="16.28984"><ele>163</ele></trkpt>
<trkpt lat="48.34881" lon="16.28767"><ele>163</ele></trkpt>
<trkpt lat="48.34911" lon="16.28709"><ele>163</ele></trkpt>
<trkpt lat="48.34941" lon="16.28645"><ele>163</ele></trkpt>
<trkpt lat="48.34962" lon="16.28594"><ele>163</ele></trkpt>
<trkpt lat="48.34968" lon="16.2858"><ele>163</ele></trkpt>
<trkpt lat="48.35008" lon="16.28469"><ele>164</ele></trkpt>
<trkpt lat="48.35023" lon="16.28424"><ele>164</ele></trkpt>
<trkpt lat="48.35055" lon="16.28299"><ele>165</ele></trkpt>
<trkpt lat="48.35069" lon="16.28231"><ele>165</ele></trkpt>
<trkpt lat="48.35083" lon="16.28153"><ele>165</ele></trkpt>
<trkpt lat="48.35103" lon="16.28034"><ele>165</ele></trkpt>
<trkpt lat="48.35122" lon="16.27876"><ele>166</ele></trkpt>
<trkpt lat="48.35135" lon="16.27728"><ele>167</ele></trkpt>
<trkpt lat="48.35144" lon="16.27483"><ele>166</ele></trkpt>
<trkpt lat="48.35155" lon="16.272"><ele>167</ele></trkpt>
<trkpt lat="48.3516" lon="16.27033"><ele>169</ele></trkpt>
<trkpt lat="48.35149" lon="16.27007"><ele>169</ele></trkpt>
<trkpt lat="48.35151" lon="16.26926"><ele>169</ele></trkpt>
<trkpt lat="48.35149" lon="16.2687"><ele>170</ele></trkpt>
<trkpt lat="48.35161" lon="16.26507"><ele>171</ele></trkpt>
<trkpt lat="48.35163" lon="16.26324"><ele>171</ele></trkpt>
<trkpt lat="48.35163" lon="16.26234"><ele>172</ele></trkpt>
<trkpt lat="48.35162" lon="16.26187"><ele>173</ele></trkpt>
<trkpt lat="48.35157" lon="16.2614"><ele>173</ele></trkpt>
<trkpt lat="48.35152" lon="16.26114"><ele>174</ele></trkpt>
<trkpt lat="48.35164" lon="16.26091"><ele>174</ele></trkpt>
<trkpt lat="48.35169" lon="16.26069"><ele>174</ele></trkpt>
<trkpt lat="48.35171" lon="16.26029"><ele>174</ele></trkpt>
<trkpt lat="48.35165" lon="16.26001"><ele>174</ele></trkpt>
<trkpt lat="48.35169" lon="16.25989"><ele>174</ele></trkpt>
<trkpt lat="48.35174" lon="16.25927"><ele>174</ele></trkpt>
<trkpt lat="48.35172" lon="16.25901"><ele>174</ele></trkpt>
<trkpt lat="48.35169" lon="16.25887"><ele>173</ele></trkpt>
<trkpt lat="48.35163" lon="16.25876"><ele>173</ele></trkpt>
<trkpt lat="48.35157" lon="16.2587"><ele>173</ele></trkpt>
<trkpt lat="48.35106" lon="16.25857"><ele>173</ele></trkpt>
<trkpt lat="48.35123" lon="16.25759"><ele>172</ele></trkpt>
<trkpt lat="48.3513" lon="16.25691"><ele>171</ele></trkpt>
<trkpt lat="48.3513" lon="16.25668"><ele>170</ele></trkpt>
<trkpt lat="48.35129" lon="16.25632"><ele>170</ele></trkpt>
<trkpt lat="48.35117" lon="16.25515"><ele>168</ele></trkpt>
<trkpt lat="48.35116" lon="16.25456"><ele>168</ele></trkpt>
<trkpt lat="48.35114" lon="16.25441"><ele>168</ele></trkpt>
<trkpt lat="48.3511" lon="16.25428"><ele>168</ele></trkpt>
<trkpt lat="48.351" lon="16.25404"><ele>168</ele></trkpt>
<trkpt lat="48.35089" lon="16.25372"><ele>168</ele></trkpt>
<trkpt lat="48.3509" lon="16.25358"><ele>168</ele></trkpt>
<trkpt lat="48.35093" lon="16.25346"><ele>168</ele></trkpt>
<trkpt lat="48.35093" lon="16.25327"><ele>168</ele></trkpt>
<trkpt lat="48.35083" lon="16.25261"><ele>168</ele></trkpt>
<trkpt lat="48.35077" lon="16.2524"><ele>168</ele></trkpt>
<trkpt lat="48.35053" lon="16.25173"><ele>168</ele></trkpt>
<trkpt lat="48.35052" lon="16.25162"><ele>167</ele></trkpt>
<trkpt lat="48.3505" lon="16.25148"><ele>167</ele></trkpt>
<trkpt lat="48.35036" lon="16.25106"><ele>167</ele></trkpt>
<trkpt lat="48.35012" lon="16.25022"><ele>167</ele></trkpt>
<trkpt lat="48.34996" lon="16.24943"><ele>166</ele></trkpt>
<trkpt lat="48.34965" lon="16.24836"><ele>166</ele></trkpt>
<trkpt lat="48.34964" lon="16.24826"><ele>166</ele></trkpt>
<trkpt lat="48.34955" lon="16.24798"><ele>166</ele></trkpt>
<trkpt lat="48.34962" lon="16.24763"><ele>166</ele></trkpt>
<trkpt lat="48.34967" lon="16.24721"><ele>166</ele></trkpt>
<trkpt lat="48.34968" lon="16.24693"><ele>166</ele></trkpt>
<trkpt lat="48.34972" lon="16.24672"><ele>166</ele></trkpt>
<trkpt lat="48.34987" lon="16.24506"><ele>166</ele></trkpt>
<trkpt lat="48.35005" lon="16.24434"><ele>167</ele></trkpt>
<trkpt lat="48.34998" lon="16.24423"><ele>167</ele></trkpt>
<trkpt lat="48.34993" lon="16.24412"><ele>167</ele></trkpt>
<trkpt lat="48.34991" lon="16.24393"><ele>167</ele></trkpt>
<trkpt lat="48.34998" lon="16.24356"><ele>168</ele></trkpt>
<trkpt lat="48.34998" lon="16.24339"><ele>168</ele></trkpt>
<trkpt lat="48.34996" lon="16.2433"><ele>168</ele></trkpt>
<trkpt lat="48.34974" lon="16.24274"><ele>169</ele></trkpt>
<trkpt lat="48.34946" lon="16.24207"><ele>170</ele></trkpt>
<trkpt lat="48.3489" lon="16.24038"><ele>173</ele></trkpt>
<trkpt lat="48.34941" lon="16.2398"><ele>175</ele></trkpt>
<trkpt lat="48.34968" lon="16.23956"><ele>176</ele></trkpt>
<trkpt lat="48.34992" lon="16.23946"><ele>176</ele></trkpt>
<trkpt lat="48.35016" lon="16.23944"><ele>176</ele></trkpt>
<trkpt lat="48.35047" lon="16.23954"><ele>176</ele></trkpt>
<trkpt lat="48.35065" lon="16.23968"><ele>176</ele></trkpt>
<trkpt lat="48.35078" lon="16.23982"><ele>176</ele></trkpt>
<trkpt lat="48.35098" lon="16.24014"><ele>176</ele></trkpt>
<trkpt lat="48.3511" lon="16.24052"><ele>176</ele></trkpt>
<trkpt lat="48.35115" lon="16.24082"><ele>176</ele></trkpt>
<trkpt lat="48.35128" lon="16.24312"><ele>172</ele></trkpt>
<trkpt lat="48.3513" lon="16.24319"><ele>172</ele></trkpt>
<trkpt lat="48.35137" lon="16.24322"><ele>172</ele></trkpt>
<trkpt lat="48.35165" lon="16.24319"><ele>171</ele></trkpt>
<trkpt lat="48.35166" lon="16.24316"><ele>171</ele></trkpt>
<trkpt lat="48.35166" lon="16.24301"><ele>171</ele></trkpt>
<trkpt lat="48.35698" lon="16.2423"><ele>172</ele></trkpt>
<trkpt lat="48.35706" lon="16.24226"><ele>172</ele></trkpt>
<trkpt lat="48.35723" lon="16.24197"><ele>172</ele></trkpt>
<trkpt lat="48.35735" lon="16.24181"><ele>172</ele></trkpt>
<trkpt lat="48.35828" lon="16.24168"><ele>172</ele></trkpt>
<trkpt lat="48.35849" lon="16.24163"><ele>172</ele></trkpt>
<trkpt lat="48.35866" lon="16.24154"><ele>172</ele></trkpt>
<trkpt lat="48.35878" lon="16.24133"><ele>172</ele></trkpt>
<trkpt lat="48.35912" lon="16.24063"><ele>172</ele></trkpt>
<trkpt lat="48.35914" lon="16.24061"><ele>172</ele></trkpt>
<trkpt lat="48.35978" lon="16.23659"><ele>172</ele></trkpt>
<trkpt lat="48.35986" lon="16.23638"><ele>172</ele></trkpt>
<trkpt lat="48.35992" lon="16.23627"><ele>172</ele></trkpt>
<trkpt lat="48.36004" lon="16.2361"><ele>172</ele></trkpt>
<trkpt lat="48.36012" lon="16.23603"><ele>172</ele></trkpt>
<trkpt lat="48.36029" lon="16.23594"><ele>173</ele></trkpt>
<trkpt lat="48.36039" lon="16.23593"><ele>173</ele></trkpt>
<trkpt lat="48.36072" lon="16.23599"><ele>173</ele></trkpt>
<trkpt lat="48.36212" lon="16.23638"><ele>175</ele></trkpt>
<trkpt lat="48.3625" lon="16.23646"><ele>175</ele></trkpt>
<trkpt lat="48.36288" lon="16.23647"><ele>175</ele></trkpt>
<trkpt lat="48.36309" lon="16.23644"><ele>175</ele></trkpt>
<trkpt lat="48.36355" lon="16.23628"><ele>175</ele></trkpt>
<trkpt lat="48.36801" lon="16.23441"><ele>175</ele></trkpt>
<trkpt lat="48.36833" lon="16.23432"><ele>175</ele></trkpt>
<trkpt lat="48.36853" lon="16.2343"><ele>175</ele></trkpt>
<trkpt lat="48.36891" lon="16.2343"><ele>175</ele></trkpt>
<trkpt lat="48.36917" lon="16.23431"><ele>175</ele></trkpt>
<trkpt lat="48.37103" lon="16.23455"><ele>176</ele></trkpt>
<trkpt lat="48.37124" lon="16.23459"><ele>176</ele></trkpt>
<trkpt lat="48.3717" lon="16.23474"><ele>174</ele></trkpt>
<trkpt lat="48.37199" lon="16.23491"><ele>173</ele></trkpt>
<trkpt lat="48.37228" lon="16.23514"><ele>172</ele></trkpt>
<trkpt lat="48.37241" lon="16.23527"><ele>172</ele></trkpt>
<trkpt lat="48.37267" lon="16.23558"><ele>171</ele></trkpt>
<trkpt lat="48.37313" lon="16.2363"><ele>169</ele></trkpt>
<trkpt lat="48.3735" lon="16.23599"><ele>169</ele></trkpt>
<trkpt lat="48.37427" lon="16.23564"><ele>169</ele></trkpt>
<trkpt lat="48.37573" lon="16.23527"><ele>168</ele></trkpt>
<trkpt lat="48.37583" lon="16.23527"><ele>168</ele></trkpt>
<trkpt lat="48.37591" lon="16.23531"><ele>168</ele></trkpt>
<trkpt lat="48.37596" lon="16.23528"><ele>168</ele></trkpt>
<trkpt lat="48.37609" lon="16.23507"><ele>168</ele></trkpt>
<trkpt lat="48.37613" lon="16.23504"><ele>168</ele></trkpt>
<trkpt lat="48.37619" lon="16.23504"><ele>168</ele></trkpt>
<trkpt lat="48.37623" lon="16.23507"><ele>168</ele></trkpt>
<trkpt lat="48.3763" lon="16.2353"><ele>168</ele></trkpt>
<trkpt lat="48.37634" lon="16.23538"><ele>168</ele></trkpt>
<trkpt lat="48.37647" lon="16.23552"><ele>168</ele></trkpt>
<trkpt lat="48.37666" lon="16.23567"><ele>168</ele></trkpt>
<trkpt lat="48.37673" lon="16.2357"><ele>168</ele></trkpt>
<trkpt lat="48.37681" lon="16.2357"><ele>168</ele></trkpt>
<trkpt lat="48.37702" lon="16.23552"><ele>168</ele></trkpt>
<trkpt lat="48.3771" lon="16.23541"><ele>168</ele></trkpt>
<trkpt lat="48.37722" lon="16.23474"><ele>169</ele></trkpt>
<trkpt lat="48.37747" lon="16.23366"><ele>170</ele></trkpt>
<trkpt lat="48.37769" lon="16.2329"><ele>170</ele></trkpt>
<trkpt lat="48.37789" lon="16.23247"><ele>170</ele></trkpt>
<trkpt lat="48.37799" lon="16.23215"><ele>170</ele></trkpt>
<trkpt lat="48.37807" lon="16.23201"><ele>169</ele></trkpt>
<trkpt lat="48.37815" lon="16.23185"><ele>169</ele></trkpt>
<trkpt lat="48.37845" lon="16.23149"><ele>168</ele></trkpt>
<trkpt lat="48.37892" lon="16.2305"><ele>167</ele></trkpt>
<trkpt lat="48.37831" lon="16.22739"><ele>168</ele></trkpt>
<trkpt lat="48.37831" lon="16.22734"><ele>168</ele></trkpt>
<trkpt lat="48.37836" lon="16.22722"><ele>168</ele></trkpt>
<trkpt lat="48.37837" lon="16.22716"><ele>168</ele></trkpt>
<trkpt lat="48.37816" lon="16.22606"><ele>168</ele></trkpt>
<trkpt lat="48.37817" lon="16.22586"><ele>168</ele></trkpt>
<trkpt lat="48.37825" lon="16.22542"><ele>168</ele></trkpt>
<trkpt lat="48.3791" lon="16.22281"><ele>167</ele></trkpt>
<trkpt lat="48.37943" lon="16.22167"><ele>168</ele></trkpt>
<trkpt lat="48.38042" lon="16.21869"><ele>169</ele></trkpt>
<trkpt lat="48.38097" lon="16.2169"><ele>169</ele></trkpt>
<trkpt lat="48.38106" lon="16.21656"><ele>168</ele></trkpt>
<trkpt lat="48.38106" lon="16.21611"><ele>168</ele></trkpt>
<trkpt lat="48.38103" lon="16.21574"><ele>168</ele></trkpt>
<trkpt lat="48.38104" lon="16.21542"><ele>167</ele></trkpt>
<trkpt lat="48.38108" lon="16.21517"><ele>167</ele></trkpt>
<trkpt lat="48.38134" lon="16.21391"><ele>167</ele></trkpt>
<trkpt lat="48.38148" lon="16.2131"><ele>167</ele></trkpt>
<trkpt lat="48.38163" lon="16.21162"><ele>167</ele></trkpt>
<trkpt lat="48.38172" lon="16.21059"><ele>169</ele></trkpt>
<trkpt lat="48.38175" lon="16.21045"><ele>169</ele></trkpt>
<trkpt lat="48.38187" lon="16.21023"><ele>169</ele></trkpt>
<trkpt lat="48.38189" lon="16.21017"><ele>169</ele></trkpt>
<trkpt lat="48.38193" lon="16.21005"><ele>170</ele></trkpt>
<trkpt lat="48.38191" lon="16.20968"><ele>170</ele></trkpt>
<trkpt lat="48.38188" lon="16.20955"><ele>170</ele></trkpt>
<trkpt lat="48.38181" lon="16.20948"><ele>171</ele></trkpt>
<trkpt lat="48.38178" lon="16.20935"><ele>171</ele></trkpt>
<trkpt lat="48.38182" lon="16.20934"><ele>171</ele></trkpt>
<trkpt lat="48.38189" lon="16.2088"><ele>172</ele></trkpt>
<trkpt lat="48.382" lon="16.20835"><ele>172</ele></trkpt>
<trkpt lat="48.38201" lon="16.20812"><ele>173</ele></trkpt>
<trkpt lat="48.382" lon="16.20771"><ele>173</ele></trkpt>
<trkpt lat="48.38194" lon="16.2073"><ele>173</ele></trkpt>
<trkpt lat="48.38194" lon="16.20717"><ele>173</ele></trkpt>
<trkpt lat="48.38227" lon="16.20691"><ele>173</ele></trkpt>
<trkpt lat="48.38243" lon="16.20681"><ele>173</ele></trkpt>
<trkpt lat="48.38262" lon="16.20689"><ele>173</ele></trkpt>
<trkpt lat="48.38269" lon="16.2066"><ele>173</ele></trkpt>
<trkpt lat="48.38268" lon="16.20654"><ele>173</ele></trkpt>
<trkpt lat="48.38252" lon="16.20626"><ele>173</ele></trkpt>
<trkpt lat="48.38257" lon="16.20605"><ele>173</ele></trkpt>
<trkpt lat="48.38265" lon="16.20586"><ele>172</ele></trkpt>
<trkpt lat="48.38287" lon="16.20547"><ele>172</ele></trkpt>
<trkpt lat="48.38372" lon="16.20388"><ele>171</ele></trkpt>
<trkpt lat="48.38358" lon="16.20317"><ele>170</ele></trkpt>
<trkpt lat="48.38357" lon="16.20313"><ele>170</ele></trkpt>
<trkpt lat="48.38336" lon="16.20288"><ele>170</ele></trkpt>
<trkpt lat="48.38334" lon="16.20279"><ele>170</ele></trkpt>
<trkpt lat="48.38334" lon="16.20279"><ele>170</ele></trkpt>
<trkpt lat="48.38336" lon="16.20288"><ele>170</ele></trkpt>
<trkpt lat="48.38357" lon="16.20313"><ele>170</ele></trkpt>
<trkpt lat="48.38358" lon="16.20317"><ele>170</ele></trkpt>
<trkpt lat="48.38372" lon="16.20388"><ele>169</ele></trkpt>
<trkpt lat="48.38376" lon="16.20379"><ele>169</ele></trkpt>
<trkpt lat="48.38384" lon="16.2034"><ele>169</ele></trkpt>
<trkpt lat="48.38387" lon="16.20311"><ele>169</ele></trkpt>
<trkpt lat="48.38389" lon="16.20265"><ele>169</ele></trkpt>
<trkpt lat="48.38387" lon="16.20237"><ele>169</ele></trkpt>
<trkpt lat="48.3837" lon="16.20148"><ele>169</ele></trkpt>
<trkpt lat="48.38396" lon="16.20034"><ele>169</ele></trkpt>
<trkpt lat="48.38406" lon="16.19974"><ele>169</ele></trkpt>
<trkpt lat="48.38414" lon="16.19904"><ele>168</ele></trkpt>
<trkpt lat="48.38432" lon="16.19852"><ele>168</ele></trkpt>
<trkpt lat="48.38444" lon="16.19791"><ele>167</ele></trkpt>
<trkpt lat="48.38444" lon="16.19767"><ele>167</ele></trkpt>
<trkpt lat="48.3846" lon="16.19758"><ele>167</ele></trkpt>
<trkpt lat="48.38484" lon="16.19739"><ele>166</ele></trkpt>
<trkpt lat="48.38467" lon="16.19638"><ele>166</ele></trkpt>
<trkpt lat="48.38464" lon="16.19607"><ele>166</ele></trkpt>
<trkpt lat="48.3843" lon="16.19582"><ele>166</ele></trkpt>
<trkpt lat="48.38429" lon="16.19578"><ele>166</ele></trkpt>
<trkpt lat="48.38432" lon="16.19574"><ele>166</ele></trkpt>
<trkpt lat="48.38457" lon="16.19579"><ele>166</ele></trkpt>
<trkpt lat="48.38464" lon="16.19579"><ele>166</ele></trkpt>
<trkpt lat="48.38468" lon="16.19557"><ele>167</ele></trkpt>
<trkpt lat="48.38485" lon="16.19552"><ele>167</ele></trkpt>
<trkpt lat="48.38557" lon="16.19587"><ele>167</ele></trkpt>
<trkpt lat="48.38575" lon="16.19591"><ele>168</ele></trkpt>
<trkpt lat="48.3859" lon="16.19592"><ele>168</ele></trkpt>
<trkpt lat="48.386" lon="16.1959"><ele>168</ele></trkpt>
<trkpt lat="48.38598" lon="16.1958"><ele>168</ele></trkpt>
<trkpt lat="48.38596" lon="16.19551"><ele>168</ele></trkpt>
<trkpt lat="48.38599" lon="16.19525"><ele>168</ele></trkpt>
<trkpt lat="48.38611" lon="16.19527"><ele>168</ele></trkpt>
<trkpt lat="48.3867" lon="16.18934"><ele>171</ele></trkpt>
<trkpt lat="48.38675" lon="16.189"><ele>171</ele></trkpt>
<trkpt lat="48.38694" lon="16.18804"><ele>171</ele></trkpt>
<trkpt lat="48.38705" lon="16.1876"><ele>171</ele></trkpt>
<trkpt lat="48.3872" lon="16.18742"><ele>171</ele></trkpt>
<trkpt lat="48.38719" lon="16.18738"><ele>171</ele></trkpt>
<trkpt lat="48.38734" lon="16.18732"><ele>171</ele></trkpt>
<trkpt lat="48.3901" lon="16.18673"><ele>172</ele></trkpt>
<trkpt lat="48.39025" lon="16.18675"><ele>172</ele></trkpt>
<trkpt lat="48.39032" lon="16.18678"><ele>172</ele></trkpt>
<trkpt lat="48.39038" lon="16.18686"><ele>172</ele></trkpt>
<trkpt lat="48.3904" lon="16.18694"><ele>172</ele></trkpt>
<trkpt lat="48.39047" lon="16.1874"><ele>172</ele></trkpt>
<trkpt lat="48.39047" lon="16.18771"><ele>172</ele></trkpt>
<trkpt lat="48.39041" lon="16.18816"><ele>172</ele></trkpt>
<trkpt lat="48.39042" lon="16.1882"><ele>172</ele></trkpt>
<trkpt lat="48.39045" lon="16.18824"><ele>172</ele></trkpt>
<trkpt lat="48.39087" lon="16.18856"><ele>172</ele></trkpt>
<trkpt lat="48.39098" lon="16.1886"><ele>172</ele></trkpt>
<trkpt lat="48.39113" lon="16.1886"><ele>172</ele></trkpt>
<trkpt lat="48.39122" lon="16.18856"><ele>172</ele></trkpt>
<trkpt lat="48.39131" lon="16.18847"><ele>172</ele></trkpt>
<trkpt lat="48.3915" lon="16.18819"><ele>173</ele></trkpt>
<trkpt lat="48.39173" lon="16.18789"><ele>173</ele></trkpt>
<trkpt lat="48.39215" lon="16.18743"><ele>174</ele></trkpt>
<trkpt lat="48.39276" lon="16.18692"><ele>175</ele></trkpt>
<trkpt lat="48.39285" lon="16.18678"><ele>175</ele></trkpt>
<trkpt lat="48.39308" lon="16.18664"><ele>175</ele></trkpt>
<trkpt lat="48.39374" lon="16.18632"><ele>173</ele></trkpt>
<trkpt lat="48.39436" lon="16.18611"><ele>172</ele></trkpt>
<trkpt lat="48.39601" lon="16.18551"><ele>173</ele></trkpt>
<trkpt lat="48.39616" lon="16.1854"><ele>173</ele></trkpt>
<trkpt lat="48.39633" lon="16.18521"><ele>173</ele></trkpt>
<trkpt lat="48.39845" lon="16.18442"><ele>175</ele></trkpt>
<trkpt lat="48.39934" lon="16.18416"><ele>174</ele></trkpt>
<trkpt lat="48.39986" lon="16.18396"><ele>174</ele></trkpt>
<trkpt lat="48.39987" lon="16.18392"><ele>174</ele></trkpt>
<trkpt lat="48.39923" lon="16.18167"><ele>173</ele></trkpt>
<trkpt lat="48.39918" lon="16.18147"><ele>173</ele></trkpt>
<trkpt lat="48.39917" lon="16.18135"><ele>173</ele></trkpt>
<trkpt lat="48.39921" lon="16.18122"><ele>173</ele></trkpt>
<trkpt lat="48.39977" lon="16.18032"><ele>174</ele></trkpt>
<trkpt lat="48.39986" lon="16.18011"><ele>175</ele></trkpt>
<trkpt lat="48.40001" lon="16.17966"><ele>175</ele></trkpt>
<trkpt lat="48.40006" lon="16.17947"><ele>175</ele></trkpt>
<trkpt lat="48.40008" lon="16.17921"><ele>175</ele></trkpt>
<trkpt lat="48.40098" lon="16.17822"><ele>175</ele></trkpt>
<trkpt lat="48.40127" lon="16.17796"><ele>174</ele></trkpt>
<trkpt lat="48.40147" lon="16.17785"><ele>174</ele></trkpt>
<trkpt lat="48.40224" lon="16.17753"><ele>174</ele></trkpt>
<trkpt lat="48.40244" lon="16.17741"><ele>174</ele></trkpt>
<trkpt lat="48.40268" lon="16.17723"><ele>174</ele></trkpt>
<trkpt lat="48.403" lon="16.1769"><ele>175</ele></trkpt>
<trkpt lat="48.40324" lon="16.1766"><ele>175</ele></trkpt>
<trkpt lat="48.40349" lon="16.17623"><ele>175</ele></trkpt>
<trkpt lat="48.40369" lon="16.17589"><ele>175</ele></trkpt>
<trkpt lat="48.40383" lon="16.1757"><ele>176</ele></trkpt>
<trkpt lat="48.40408" lon="16.17548"><ele>176</ele></trkpt>
<trkpt lat="48.4043" lon="16.17533"><ele>176</ele></trkpt>
<trkpt lat="48.40444" lon="16.17527"><ele>176</ele></trkpt>
<trkpt lat="48.40624" lon="16.1746"><ele>176</ele></trkpt>
<trkpt lat="48.40659" lon="16.1745"><ele>176</ele></trkpt>
<trkpt lat="48.40679" lon="16.17448"><ele>176</ele></trkpt>
<trkpt lat="48.40713" lon="16.17456"><ele>175</ele></trkpt>
<trkpt lat="48.40893" lon="16.17512"><ele>175</ele></trkpt>
<trkpt lat="48.40918" lon="16.17514"><ele>175</ele></trkpt>
<trkpt lat="48.40934" lon="16.1751"><ele>175</ele></trkpt>
<trkpt lat="48.40952" lon="16.17499"><ele>175</ele></trkpt>
<trkpt lat="48.41058" lon="16.17413"><ele>175</ele></trkpt>
<trkpt lat="48.41077" lon="16.17404"><ele>175</ele></trkpt>
<trkpt lat="48.41089" lon="16.17403"><ele>175</ele></trkpt>
<trkpt lat="48.41102" lon="16.17405"><ele>175</ele></trkpt>
<trkpt lat="48.41176" lon="16.17428"><ele>176</ele></trkpt>
<trkpt lat="48.4119" lon="16.17428"><ele>176</ele></trkpt>
<trkpt lat="48.41207" lon="16.17424"><ele>176</ele></trkpt>
<trkpt lat="48.41226" lon="16.17411"><ele>177</ele></trkpt>
<trkpt lat="48.41248" lon="16.17389"><ele>177</ele></trkpt>
<trkpt lat="48.41259" lon="16.1737"><ele>177</ele></trkpt>
<trkpt lat="48.41406" lon="16.17075"><ele>177</ele></trkpt>
<trkpt lat="48.41457" lon="16.16986"><ele>176</ele></trkpt>
<trkpt lat="48.41734" lon="16.1657"><ele>179</ele></trkpt>
<trkpt lat="48.41755" lon="16.16546"><ele>179</ele></trkpt>
<trkpt lat="48.41765" lon="16.16537"><ele>179</ele></trkpt>
<trkpt lat="48.41791" lon="16.1652"><ele>179</ele></trkpt>
<trkpt lat="48.41813" lon="16.1651"><ele>179</ele></trkpt>
<trkpt lat="48.41832" lon="16.16506"><ele>179</ele></trkpt>
<trkpt lat="48.41859" lon="16.16505"><ele>179</ele></trkpt>
<trkpt lat="48.41884" lon="16.1651"><ele>179</ele></trkpt>
<trkpt lat="48.4205" lon="16.16557"><ele>181</ele></trkpt>
<trkpt lat="48.42137" lon="16.16583"><ele>182</ele></trkpt>
<trkpt lat="48.42175" lon="16.16605"><ele>182</ele></trkpt>
<trkpt lat="48.42191" lon="16.16619"><ele>182</ele></trkpt>
<trkpt lat="48.42202" lon="16.16634"><ele>182</ele></trkpt>
<trkpt lat="48.42382" lon="16.16909"><ele>183</ele></trkpt>
<trkpt lat="48.42441" lon="16.16964"><ele>183</ele></trkpt>
<trkpt lat="48.42586" lon="16.1709"><ele>183</ele></trkpt>
<trkpt lat="48.42694" lon="16.17178"><ele>183</ele></trkpt>
<trkpt lat="48.42751" lon="16.17218"><ele>184</ele></trkpt>
<trkpt lat="48.4274" lon="16.1724"><ele>184</ele></trkpt>
<trkpt lat="48.42723" lon="16.17264"><ele>184</ele></trkpt>
<trkpt lat="48.42731" lon="16.17282"><ele>184</ele></trkpt>
<trkpt lat="48.42918" lon="16.17443"><ele>185</ele></trkpt>
<trkpt lat="48.42942" lon="16.17461"><ele>185</ele></trkpt>
<trkpt lat="48.42964" lon="16.17466"><ele>185</ele></trkpt>
<trkpt lat="48.43177" lon="16.17483"><ele>186</ele></trkpt>
<trkpt lat="48.43199" lon="16.17486"><ele>186</ele></trkpt>
<trkpt lat="48.4321" lon="16.1749"><ele>186</ele></trkpt>
<trkpt lat="48.43219" lon="16.17497"><ele>186</ele></trkpt>
<trkpt lat="48.43228" lon="16.17513"><ele>186</ele></trkpt>
<trkpt lat="48.43229" lon="16.17525"><ele>186</ele></trkpt>
<trkpt lat="48.43225" lon="16.17589"><ele>185</ele></trkpt>
<trkpt lat="48.43253" lon="16.17584"><ele>185</ele></trkpt>
<trkpt lat="48.43318" lon="16.17564"><ele>185</ele></trkpt>
<trkpt lat="48.43431" lon="16.17533"><ele>188</ele></trkpt>
<trkpt lat="48.43586" lon="16.17495"><ele>189</ele></trkpt>
<trkpt lat="48.43621" lon="16.17489"><ele>188</ele></trkpt>
<trkpt lat="48.43667" lon="16.17487"><ele>187</ele></trkpt>
<trkpt lat="48.4382" lon="16.17453"><ele>186</ele></trkpt>
<trkpt lat="48.43851" lon="16.17445"><ele>186</ele></trkpt>
<trkpt lat="48.43927" lon="16.17422"><ele>186</ele></trkpt>
<trkpt lat="48.44382" lon="16.1731"><ele>185</ele></trkpt>
<trkpt lat="48.44454" lon="16.17299"><ele>185</ele></trkpt>
<trkpt lat="48.4452" lon="16.17297"><ele>185</ele></trkpt>
<trkpt lat="48.44579" lon="16.17298"><ele>185</ele></trkpt>
<trkpt lat="48.44646" lon="16.17304"><ele>185</ele></trkpt>
<trkpt lat="48.44748" lon="16.17319"><ele>186</ele></trkpt>
<trkpt lat="48.44825" lon="16.17328"><ele>186</ele></trkpt>
<trkpt lat="48.44832" lon="16.17333"><ele>187</ele></trkpt>
<trkpt lat="48.44843" lon="16.17351"><ele>187</ele></trkpt>
<trkpt lat="48.44866" lon="16.17356"><ele>187</ele></trkpt>
<trkpt lat="48.45029" lon="16.17406"><ele>187</ele></trkpt>
<trkpt lat="48.45054" lon="16.17409"><ele>187</ele></trkpt>
<trkpt lat="48.45151" lon="16.17411"><ele>187</ele></trkpt>
<trkpt lat="48.45291" lon="16.17407"><ele>187</ele></trkpt>
<trkpt lat="48.4531" lon="16.17408"><ele>187</ele></trkpt>
<trkpt lat="48.45358" lon="16.17418"><ele>187</ele></trkpt>
<trkpt lat="48.45409" lon="16.17432"><ele>187</ele></trkpt>
<trkpt lat="48.45425" lon="16.17434"><ele>187</ele></trkpt>
<trkpt lat="48.45469" lon="16.17427"><ele>187</ele></trkpt>
<trkpt lat="48.45489" lon="16.17421"><ele>188</ele></trkpt>
<trkpt lat="48.4554" lon="16.17398"><ele>188</ele></trkpt>
<trkpt lat="48.45571" lon="16.17378"><ele>188</ele></trkpt>
<trkpt lat="48.45809" lon="16.17198"><ele>190</ele></trkpt>
<trkpt lat="48.4583" lon="16.17184"><ele>190</ele></trkpt>
<trkpt lat="48.45854" lon="16.17175"><ele>190</ele></trkpt>
<trkpt lat="48.4596" lon="16.17149"><ele>190</ele></trkpt>
<trkpt lat="48.45982" lon="16.17141"><ele>190</ele></trkpt>
<trkpt lat="48.46031" lon="16.17111"><ele>191</ele></trkpt>
<trkpt lat="48.46057" lon="16.17101"><ele>191</ele></trkpt>
<trkpt lat="48.46073" lon="16.17098"><ele>191</ele></trkpt>
<trkpt lat="48.46155" lon="16.17091"><ele>192</ele></trkpt>
<trkpt lat="48.46186" lon="16.17109"><ele>192</ele></trkpt>
<trkpt lat="48.46197" lon="16.17119"><ele>192</ele></trkpt>
<trkpt lat="48.46224" lon="16.1715"><ele>192</ele></trkpt>
<trkpt lat="48.46235" lon="16.17158"><ele>192</ele></trkpt>
<trkpt lat="48.4624" lon="16.17158"><ele>192</ele></trkpt>
<trkpt lat="48.46246" lon="16.17156"><ele>192</ele></trkpt>
<trkpt lat="48.46314" lon="16.171"><ele>192</ele></trkpt>
<trkpt lat="48.46319" lon="16.17093"><ele>192</ele></trkpt>
<trkpt lat="48.46354" lon="16.17072"><ele>191</ele></trkpt>
<trkpt lat="48.46394" lon="16.17042"><ele>191</ele></trkpt>
<trkpt lat="48.46402" lon="16.17033"><ele>190</ele></trkpt>
<trkpt lat="48.46415" lon="16.1701"><ele>190</ele></trkpt>
<trkpt lat="48.46422" lon="16.17001"><ele>190</ele></trkpt>
<trkpt lat="48.46429" lon="16.16993"><ele>190</ele></trkpt>
<trkpt lat="48.4651" lon="16.16924"><ele>189</ele></trkpt>
<trkpt lat="48.46536" lon="16.16896"><ele>189</ele></trkpt>
<trkpt lat="48.46555" lon="16.16865"><ele>189</ele></trkpt>
<trkpt lat="48.46577" lon="16.16816"><ele>189</ele></trkpt>
<trkpt lat="48.46734" lon="16.16547"><ele>190</ele></trkpt>
<trkpt lat="48.46904" lon="16.16222"><ele>191</ele></trkpt>
<trkpt lat="48.46919" lon="16.16191"><ele>191</ele></trkpt>
<trkpt lat="48.46991" lon="16.16016"><ele>192</ele></trkpt>
<trkpt lat="48.46994" lon="16.16008"><ele>192</ele></trkpt>
<trkpt lat="48.46993" lon="16.15994"><ele>192</ele></trkpt>
<trkpt lat="48.46998" lon="16.15991"><ele>192</ele></trkpt>
<trkpt lat="48.47004" lon="16.15984"><ele>192</ele></trkpt>
<trkpt lat="48.47158" lon="16.15742"><ele>193</ele></trkpt>
<trkpt lat="48.47256" lon="16.15601"><ele>193</ele></trkpt>
<trkpt lat="48.47351" lon="16.15474"><ele>193</ele></trkpt>
<trkpt lat="48.47376" lon="16.15437"><ele>193</ele></trkpt>
<trkpt lat="48.47422" lon="16.15384"><ele>195</ele></trkpt>
<trkpt lat="48.47424" lon="16.15378"><ele>195</ele></trkpt>
<trkpt lat="48.47448" lon="16.15367"><ele>195</ele></trkpt>
<trkpt lat="48.47553" lon="16.15256"><ele>199</ele></trkpt>
<trkpt lat="48.47612" lon="16.15187"><ele>200</ele></trkpt>
<trkpt lat="48.47679" lon="16.15094"><ele>201</ele></trkpt>
<trkpt lat="48.47751" lon="16.14978"><ele>202</ele></trkpt>
<trkpt lat="48.47798" lon="16.14895"><ele>202</ele></trkpt>
<trkpt lat="48.4782" lon="16.14852"><ele>202</ele></trkpt>
<trkpt lat="48.47837" lon="16.14814"><ele>202</ele></trkpt>
<trkpt lat="48.47873" lon="16.14725"><ele>200</ele></trkpt>
<trkpt lat="48.47902" lon="16.14639"><ele>199</ele></trkpt>
<trkpt lat="48.48038" lon="16.14365"><ele>196</ele></trkpt>
<trkpt lat="48.48047" lon="16.14343"><ele>196</ele></trkpt>
<trkpt lat="48.48071" lon="16.14305"><ele>196</ele></trkpt>
<trkpt lat="48.48055" lon="16.14282"><ele>196</ele></trkpt>
<trkpt lat="48.48052" lon="16.1427"><ele>196</ele></trkpt>
<trkpt lat="48.48053" lon="16.14263"><ele>196</ele></trkpt>
<trkpt lat="48.48099" lon="16.14132"><ele>195</ele></trkpt>
<trkpt lat="48.4815" lon="16.13993"><ele>195</ele></trkpt>
<trkpt lat="48.48183" lon="16.13899"><ele>195</ele></trkpt>
<trkpt lat="48.48189" lon="16.1389"><ele>195</ele></trkpt>
<trkpt lat="48.48223" lon="16.1385"><ele>195</ele></trkpt>
<trkpt lat="48.48263" lon="16.13789"><ele>195</ele></trkpt>
<trkpt lat="48.48295" lon="16.13748"><ele>195</ele></trkpt>
<trkpt lat="48.48299" lon="16.1374"><ele>195</ele></trkpt>
<trkpt lat="48.48282" lon="16.13718"><ele>195</ele></trkpt>
<trkpt lat="48.48268" lon="16.13693"><ele>194</ele></trkpt>
<trkpt lat="48.4811" lon="16.13357"><ele>194</ele></trkpt>
<trkpt lat="48.48384" lon="16.13114"><ele>194</ele></trkpt>
<trkpt lat="48.48412" lon="16.13094"><ele>194</ele></trkpt>
<trkpt lat="48.48628" lon="16.12952"><ele>197</ele></trkpt>
<trkpt lat="48.48906" lon="16.12765"><ele>198</ele></trkpt>
<trkpt lat="48.49172" lon="16.1251"><ele>197</ele></trkpt>
<trkpt lat="48.49182" lon="16.12498"><ele>197</ele></trkpt>
<trkpt lat="48.49222" lon="16.12428"><ele>197</ele></trkpt>
<trkpt lat="48.49326" lon="16.12253"><ele>197</ele></trkpt>
<trkpt lat="48.49323" lon="16.12211"><ele>197</ele></trkpt>
<trkpt lat="48.49314" lon="16.12142"><ele>198</ele></trkpt>
<trkpt lat="48.49309" lon="16.12076"><ele>198</ele></trkpt>
<trkpt lat="48.49309" lon="16.12039"><ele>198</ele></trkpt>
<trkpt lat="48.49312" lon="16.1203"><ele>198</ele></trkpt>
<trkpt lat="48.49371" lon="16.11924"><ele>198</ele></trkpt>
<trkpt lat="48.49388" lon="16.11886"><ele>199</ele></trkpt>
<trkpt lat="48.49422" lon="16.11788"><ele>199</ele></trkpt>
<trkpt lat="48.49432" lon="16.11749"><ele>200</ele></trkpt>
<trkpt lat="48.49455" lon="16.11717"><ele>200</ele></trkpt>
<trkpt lat="48.49475" lon="16.11695"><ele>200</ele></trkpt>
<trkpt lat="48.49478" lon="16.11693"><ele>200</ele></trkpt>
<trkpt lat="48.4949" lon="16.11696"><ele>200</ele></trkpt>
<trkpt lat="48.49498" lon="16.11686"><ele>200</ele></trkpt>
<trkpt lat="48.49512" lon="16.11654"><ele>200</ele></trkpt>
<trkpt lat="48.49549" lon="16.11578"><ele>200</ele></trkpt>
<trkpt lat="48.49566" lon="16.11529"><ele>200</ele></trkpt>
<trkpt lat="48.49568" lon="16.11515"><ele>200</ele></trkpt>
<trkpt lat="48.49559" lon="16.11495"><ele>199</ele></trkpt>
<trkpt lat="48.49589" lon="16.11452"><ele>199</ele></trkpt>
<trkpt lat="48.49604" lon="16.11439"><ele>199</ele></trkpt>
<trkpt lat="48.49657" lon="16.1142"><ele>199</ele></trkpt>
<trkpt lat="48.49661" lon="16.11413"><ele>199</ele></trkpt>
<trkpt lat="48.49679" lon="16.11337"><ele>199</ele></trkpt>
<trkpt lat="48.49694" lon="16.11288"><ele>199</ele></trkpt>
<trkpt lat="48.4971" lon="16.11255"><ele>199</ele></trkpt>
<trkpt lat="48.49736" lon="16.11215"><ele>199</ele></trkpt>
<trkpt lat="48.49778" lon="16.11175"><ele>199</ele></trkpt>
<trkpt lat="48.49809" lon="16.11154"><ele>199</ele></trkpt>
<trkpt lat="48.50031" lon="16.11028"><ele>201</ele></trkpt>
<trkpt lat="48.50047" lon="16.11014"><ele>201</ele></trkpt>
<trkpt lat="48.5008" lon="16.10973"><ele>201</ele></trkpt>
<trkpt lat="48.50097" lon="16.10946"><ele>201</ele></trkpt>
<trkpt lat="48.50115" lon="16.10907"><ele>201</ele></trkpt>
<trkpt lat="48.50243" lon="16.10552"><ele>201</ele></trkpt>
<trkpt lat="48.50291" lon="16.10408"><ele>202</ele></trkpt>
<trkpt lat="48.5033" lon="16.10302"><ele>202</ele></trkpt>
<trkpt lat="48.50411" lon="16.10094"><ele>202</ele></trkpt>
<trkpt lat="48.50424" lon="16.10057"><ele>202</ele></trkpt>
<trkpt lat="48.50442" lon="16.09995"><ele>202</ele></trkpt>
<trkpt lat="48.5045" lon="16.0995"><ele>202</ele></trkpt>
<trkpt lat="48.50452" lon="16.09925"><ele>202</ele></trkpt>
<trkpt lat="48.50448" lon="16.09797"><ele>202</ele></trkpt>
<trkpt lat="48.50449" lon="16.09766"><ele>202</ele></trkpt>
<trkpt lat="48.50452" lon="16.09738"><ele>202</ele></trkpt>
<trkpt lat="48.50463" lon="16.09682"><ele>202</ele></trkpt>
<trkpt lat="48.50469" lon="16.09658"><ele>202</ele></trkpt>
<trkpt lat="48.5048" lon="16.09625"><ele>202</ele></trkpt>
<trkpt lat="48.50492" lon="16.09598"><ele>202</ele></trkpt>
<trkpt lat="48.50548" lon="16.09499"><ele>203</ele></trkpt>
<trkpt lat="48.50556" lon="16.09482"><ele>203</ele></trkpt>
<trkpt lat="48.50563" lon="16.09461"><ele>203</ele></trkpt>
<trkpt lat="48.50567" lon="16.09454"><ele>203</ele></trkpt>
<trkpt lat="48.50591" lon="16.0951"><ele>203</ele></trkpt>
<trkpt lat="48.50601" lon="16.09529"><ele>203</ele></trkpt>
<trkpt lat="48.50612" lon="16.09543"><ele>204</ele></trkpt>
<trkpt lat="48.50644" lon="16.09577"><ele>205</ele></trkpt>
<trkpt lat="48.50692" lon="16.0962"><ele>207</ele></trkpt>
<trkpt lat="48.50703" lon="16.09634"><ele>207</ele></trkpt>
<trkpt lat="48.50743" lon="16.09575"><ele>209</ele></trkpt>
<trkpt lat="48.50758" lon="16.09547"><ele>210</ele></trkpt>
<trkpt lat="48.50769" lon="16.0952"><ele>210</ele></trkpt>
<trkpt lat="48.50783" lon="16.09475"><ele>210</ele></trkpt>
<trkpt lat="48.50811" lon="16.09363"><ele>207</ele></trkpt>
<trkpt lat="48.50853" lon="16.09158"><ele>204</ele></trkpt>
<trkpt lat="48.50864" lon="16.09121"><ele>204</ele></trkpt>
<trkpt lat="48.50894" lon="16.09051"><ele>204</ele></trkpt>
<trkpt lat="48.50912" lon="16.09014"><ele>204</ele></trkpt>
<trkpt lat="48.50929" lon="16.08985"><ele>204</ele></trkpt>
<trkpt lat="48.51044" lon="16.08816"><ele>205</ele></trkpt>
<trkpt lat="48.51084" lon="16.08753"><ele>206</ele></trkpt>
<trkpt lat="48.51093" lon="16.08736"><ele>206</ele></trkpt>
<trkpt lat="48.51102" lon="16.08717"><ele>206</ele></trkpt>
<trkpt lat="48.51112" lon="16.08685"><ele>206</ele></trkpt>
<trkpt lat="48.51126" lon="16.08637"><ele>207</ele></trkpt>
<trkpt lat="48.51143" lon="16.08561"><ele>208</ele></trkpt>
<trkpt lat="48.51182" lon="16.0835"><ele>210</ele></trkpt>
<trkpt lat="48.51224" lon="16.08141"><ele>212</ele></trkpt>
<trkpt lat="48.51234" lon="16.08102"><ele>213</ele></trkpt>
<trkpt lat="48.51253" lon="16.08054"><ele>213</ele></trkpt>
<trkpt lat="48.51342" lon="16.07885"><ele>215</ele></trkpt>
<trkpt lat="48.51375" lon="16.07804"><ele>215</ele></trkpt>
<trkpt lat="48.51465" lon="16.07533"><ele>214</ele></trkpt>
<trkpt lat="48.51468" lon="16.07534"><ele>214</ele></trkpt>
<trkpt lat="48.51473" lon="16.07531"><ele>214</ele></trkpt>
<trkpt lat="48.51486" lon="16.07513"><ele>214</ele></trkpt>
<trkpt lat="48.51549" lon="16.07451"><ele>214</ele></trkpt>
<trkpt lat="48.51611" lon="16.07399"><ele>214</ele></trkpt>
<trkpt lat="48.51774" lon="16.07245"><ele>216</ele></trkpt>
<trkpt lat="48.51795" lon="16.07229"><ele>216</ele></trkpt>
<trkpt lat="48.51926" lon="16.07106"><ele>219</ele></trkpt>
<trkpt lat="48.51951" lon="16.07087"><ele>219</ele></trkpt>
<trkpt lat="48.51999" lon="16.07091"><ele>221</ele></trkpt>
<trkpt lat="48.52051" lon="16.07078"><ele>222</ele></trkpt>
<trkpt lat="48.52095" lon="16.07054"><ele>223</ele></trkpt>
<trkpt lat="48.52137" lon="16.07023"><ele>223</ele></trkpt>
<trkpt lat="48.52187" lon="16.06983"><ele>224</ele></trkpt>
<trkpt lat="48.52217" lon="16.06967"><ele>225</ele></trkpt>
<trkpt lat="48.52234" lon="16.0695"><ele>225</ele></trkpt>
<trkpt lat="48.52253" lon="16.06916"><ele>225</ele></trkpt>
<trkpt lat="48.52301" lon="16.06852"><ele>226</ele></trkpt>
<trkpt lat="48.52339" lon="16.06811"><ele>226</ele></trkpt>
<trkpt lat="48.52368" lon="16.06776"><ele>227</ele></trkpt>
<trkpt lat="48.52431" lon="16.06685"><ele>227</ele></trkpt>
<trkpt lat="48.52501" lon="16.06603"><ele>226</ele></trkpt>
<trkpt lat="48.52505" lon="16.06579"><ele>226</ele></trkpt>
<trkpt lat="48.52512" lon="16.06561"><ele>225</ele></trkpt>
<trkpt lat="48.52531" lon="16.06525"><ele>225</ele></trkpt>
<trkpt lat="48.52549" lon="16.06483"><ele>224</ele></trkpt>
<trkpt lat="48.52584" lon="16.06394"><ele>223</ele></trkpt>
<trkpt lat="48.52603" lon="16.06333"><ele>221</ele></trkpt>
<trkpt lat="48.5261" lon="16.0632"><ele>221</ele></trkpt>
<trkpt lat="48.52624" lon="16.06306"><ele>220</ele></trkpt>
<trkpt lat="48.52696" lon="16.06278"><ele>218</ele></trkpt>
<trkpt lat="48.52727" lon="16.06273"><ele>217</ele></trkpt>
<trkpt lat="48.52745" lon="16.06277"><ele>217</ele></trkpt>
<trkpt lat="48.52754" lon="16.0628"><ele>216</ele></trkpt>
<trkpt lat="48.5276" lon="16.06285"><ele>216</ele></trkpt>
<trkpt lat="48.52769" lon="16.06287"><ele>216</ele></trkpt>
<trkpt lat="48.52793" lon="16.06284"><ele>216</ele></trkpt>
<trkpt lat="48.52817" lon="16.06287"><ele>216</ele></trkpt>
<trkpt lat="48.52834" lon="16.06294"><ele>216</ele></trkpt>
<trkpt lat="48.52901" lon="16.06348"><ele>215</ele></trkpt>
<trkpt lat="48.52924" lon="16.06355"><ele>215</ele></trkpt>
<trkpt lat="48.52989" lon="16.06347"><ele>214</ele></trkpt>
<trkpt lat="48.53033" lon="16.06337"><ele>214</ele></trkpt>
<trkpt lat="48.53047" lon="16.06339"><ele>214</ele></trkpt>
<trkpt lat="48.53227" lon="16.06382"><ele>214</ele></trkpt>
<trkpt lat="48.53291" lon="16.06401"><ele>215</ele></trkpt>
<trkpt lat="48.53438" lon="16.0645"><ele>217</ele></trkpt>
<trkpt lat="48.53721" lon="16.06521"><ele>219</ele></trkpt>
<trkpt lat="48.53729" lon="16.0653"><ele>219</ele></trkpt>
<trkpt lat="48.53731" lon="16.06536"><ele>219</ele></trkpt>
<trkpt lat="48.53733" lon="16.06544"><ele>219</ele></trkpt>
<trkpt lat="48.53733" lon="16.06651"><ele>221</ele></trkpt>
<trkpt lat="48.53736" lon="16.06662"><ele>221</ele></trkpt>
<trkpt lat="48.53751" lon="16.06669"><ele>221</ele></trkpt>
<trkpt lat="48.53863" lon="16.06675"><ele>221</ele></trkpt>
<trkpt lat="48.53888" lon="16.06684"><ele>221</ele></trkpt>
<trkpt lat="48.53998" lon="16.06744"><ele>221</ele></trkpt>
<trkpt lat="48.54002" lon="16.0675"><ele>221</ele></trkpt>
<trkpt lat="48.54003" lon="16.06758"><ele>221</ele></trkpt>
<trkpt lat="48.54001" lon="16.06771"><ele>221</ele></trkpt>
<trkpt lat="48.53989" lon="16.0682"><ele>221</ele></trkpt>
<trkpt lat="48.53989" lon="16.06831"><ele>221</ele></trkpt>
<trkpt lat="48.53995" lon="16.06831"><ele>221</ele></trkpt>
<trkpt lat="48.54161" lon="16.068"><ele>220</ele></trkpt>
<trkpt lat="48.54163" lon="16.0682"><ele>220</ele></trkpt>
<trkpt lat="48.54172" lon="16.06855"><ele>220</ele></trkpt>
<trkpt lat="48.54425" lon="16.06959"><ele>219</ele></trkpt>
<trkpt lat="48.54799" lon="16.07112"><ele>216</ele></trkpt>
<trkpt lat="48.54835" lon="16.07131"><ele>216</ele></trkpt>
<trkpt lat="48.54858" lon="16.07146"><ele>216</ele></trkpt>
<trkpt lat="48.54891" lon="16.07171"><ele>216</ele></trkpt>
<trkpt lat="48.54915" lon="16.07193"><ele>216</ele></trkpt>
<trkpt lat="48.54972" lon="16.07259"><ele>216</ele></trkpt>
<trkpt lat="48.5502" lon="16.0733"><ele>217</ele></trkpt>
<trkpt lat="48.55044" lon="16.07373"><ele>217</ele></trkpt>
<trkpt lat="48.55067" lon="16.07419"><ele>217</ele></trkpt>
<trkpt lat="48.55114" lon="16.0754"><ele>219</ele></trkpt>
<trkpt lat="48.55138" lon="16.07608"><ele>220</ele></trkpt>
<trkpt lat="48.55153" lon="16.07642"><ele>220</ele></trkpt>
<trkpt lat="48.55163" lon="16.07661"><ele>221</ele></trkpt>
<trkpt lat="48.55195" lon="16.07704"><ele>221</ele></trkpt>
<trkpt lat="48.55331" lon="16.0785"><ele>220</ele></trkpt>
<trkpt lat="48.55334" lon="16.07855"><ele>220</ele></trkpt>
<trkpt lat="48.55336" lon="16.07866"><ele>220</ele></trkpt>
<trkpt lat="48.55375" lon="16.07861"><ele>220</ele></trkpt>
<trkpt lat="48.554" lon="16.07865"><ele>219</ele></trkpt>
<trkpt lat="48.55412" lon="16.07743"><ele>218</ele></trkpt>
<trkpt lat="48.55428" lon="16.07631"><ele>217</ele></trkpt>
<trkpt lat="48.55451" lon="16.07509"><ele>217</ele></trkpt>
<trkpt lat="48.55462" lon="16.07507"><ele>217</ele></trkpt>
<trkpt lat="48.55483" lon="16.07497"><ele>217</ele></trkpt>
<trkpt lat="48.55506" lon="16.07496"><ele>217</ele></trkpt>
<trkpt lat="48.55513" lon="16.07499"><ele>217</ele></trkpt>
<trkpt lat="48.55583" lon="16.07496"><ele>218</ele></trkpt>
<trkpt lat="48.55587" lon="16.07491"><ele>218</ele></trkpt>
<trkpt lat="48.55591" lon="16.07484"><ele>218</ele></trkpt>
<trkpt lat="48.55619" lon="16.07334"><ele>219</ele></trkpt>
<trkpt lat="48.5573" lon="16.07346"><ele>219</ele></trkpt>
<trkpt lat="48.55855" lon="16.07355"><ele>220</ele></trkpt>
<trkpt lat="48.56011" lon="16.0737"><ele>220</ele></trkpt>
<trkpt lat="48.56061" lon="16.07373"><ele>220</ele></trkpt>
<trkpt lat="48.56066" lon="16.07357"><ele>220</ele></trkpt>
<trkpt lat="48.56094" lon="16.07338"><ele>221</ele></trkpt>
<trkpt lat="48.56052" lon="16.07196"><ele>222</ele></trkpt>
<trkpt lat="48.56076" lon="16.07193"><ele>223</ele></trkpt>
<trkpt lat="48.56083" lon="16.07188"><ele>223</ele></trkpt>
<trkpt lat="48.56092" lon="16.07167"><ele>223</ele></trkpt>
<trkpt lat="48.56115" lon="16.07097"><ele>223</ele></trkpt>
<trkpt lat="48.5612" lon="16.07073"><ele>223</ele></trkpt>
<trkpt lat="48.5612" lon="16.07073"><ele>223</ele></trkpt>
<trkpt lat="48.56115" lon="16.07097"><ele>223</ele></trkpt>
<trkpt lat="48.56092" lon="16.07167"><ele>223</ele></trkpt>
<trkpt lat="48.56083" lon="16.07188"><ele>223</ele></trkpt>
<trkpt lat="48.5608" lon="16.07191"><ele>223</ele></trkpt>
<trkpt lat="48.56085" lon="16.07199"><ele>223</ele></trkpt>
<trkpt lat="48.56093" lon="16.07202"><ele>223</ele></trkpt>
<trkpt lat="48.56126" lon="16.07203"><ele>222</ele></trkpt>
<trkpt lat="48.56228" lon="16.07197"><ele>221</ele></trkpt>
<trkpt lat="48.56307" lon="16.07194"><ele>221</ele></trkpt>
<trkpt lat="48.56313" lon="16.07193"><ele>221</ele></trkpt>
<trkpt lat="48.56323" lon="16.07187"><ele>221</ele></trkpt>
<trkpt lat="48.56329" lon="16.07175"><ele>221</ele></trkpt>
<trkpt lat="48.5633" lon="16.07169"><ele>221</ele></trkpt>
<trkpt lat="48.56356" lon="16.06971"><ele>224</ele></trkpt>
<trkpt lat="48.5636" lon="16.06959"><ele>224</ele></trkpt>
<trkpt lat="48.5637" lon="16.06966"><ele>224</ele></trkpt>
<trkpt lat="48.56436" lon="16.07028"><ele>226</ele></trkpt>
<trkpt lat="48.56444" lon="16.07033"><ele>226</ele></trkpt>
<trkpt lat="48.5657" lon="16.07064"><ele>228</ele></trkpt>
<trkpt lat="48.56619" lon="16.07081"><ele>229</ele></trkpt>
<trkpt lat="48.56699" lon="16.07115"><ele>229</ele></trkpt>
<trkpt lat="48.56721" lon="16.07127"><ele>229</ele></trkpt>
<trkpt lat="48.56729" lon="16.07134"><ele>229</ele></trkpt>
<trkpt lat="48.56781" lon="16.07222"><ele>228</ele></trkpt>
<trkpt lat="48.56791" lon="16.07232"><ele>228</ele></trkpt>
<trkpt lat="48.56807" lon="16.07241"><ele>228</ele></trkpt>
<trkpt lat="48.56852" lon="16.07246"><ele>227</ele></trkpt>
<trkpt lat="48.56941" lon="16.0727"><ele>224</ele></trkpt>
<trkpt lat="48.56946" lon="16.07276"><ele>224</ele></trkpt>
<trkpt lat="48.56951" lon="16.07289"><ele>224</ele></trkpt>
<trkpt lat="48.5695" lon="16.07343"><ele>223</ele></trkpt>
<trkpt lat="48.56953" lon="16.07348"><ele>223</ele></trkpt>
<trkpt lat="48.56959" lon="16.07418"><ele>222</ele></trkpt>
<trkpt lat="48.56962" lon="16.07574"><ele>222</ele></trkpt>
<trkpt lat="48.57047" lon="16.07538"><ele>222</ele></trkpt>
<trkpt lat="48.57079" lon="16.07527"><ele>221</ele></trkpt>
<trkpt lat="48.57087" lon="16.07547"><ele>221</ele></trkpt>
<trkpt lat="48.57148" lon="16.07655"><ele>221</ele></trkpt>
<trkpt lat="48.5718" lon="16.07704"><ele>221</ele></trkpt>
<trkpt lat="48.57337" lon="16.07916"><ele>221</ele></trkpt>
<trkpt lat="48.57373" lon="16.0797"><ele>221</ele></trkpt>
<trkpt lat="48.57393" lon="16.08006"><ele>221</ele></trkpt>
<trkpt lat="48.574" lon="16.0802"><ele>221</ele></trkpt>
<trkpt lat="48.57438" lon="16.08121"><ele>221</ele></trkpt>
<trkpt lat="48.57465" lon="16.08179"><ele>221</ele></trkpt>
<trkpt lat="48.57537" lon="16.08317"><ele>221</ele></trkpt>
<trkpt lat="48.57594" lon="16.08416"><ele>221</ele></trkpt>
<trkpt lat="48.57677" lon="16.08531"><ele>221</ele></trkpt>
<trkpt lat="48.57696" lon="16.08551"><ele>221</ele></trkpt>
<trkpt lat="48.57728" lon="16.08575"><ele>221</ele></trkpt>
<trkpt lat="48.57811" lon="16.08631"><ele>221</ele></trkpt>
<trkpt lat="48.57878" lon="16.08694"><ele>221</ele></trkpt>
<trkpt lat="48.57903" lon="16.08713"><ele>221</ele></trkpt>
<trkpt lat="48.57931" lon="16.08744"><ele>221</ele></trkpt>
<trkpt lat="48.57966" lon="16.08777"><ele>220</ele></trkpt>
<trkpt lat="48.58021" lon="16.08818"><ele>220</ele></trkpt>
<trkpt lat="48.58104" lon="16.08858"><ele>220</ele></trkpt>
<trkpt lat="48.58483" lon="16.09002"><ele>221</ele></trkpt>
<trkpt lat="48.58496" lon="16.09014"><ele>221</ele></trkpt>
<trkpt lat="48.58504" lon="16.09028"><ele>221</ele></trkpt>
<trkpt lat="48.58533" lon="16.09105"><ele>221</ele></trkpt>
<trkpt lat="48.5858" lon="16.09195"><ele>221</ele></trkpt>
<trkpt lat="48.58593" lon="16.09172"><ele>221</ele></trkpt>
<trkpt lat="48.586" lon="16.09155"><ele>221</ele></trkpt>
<trkpt lat="48.58625" lon="16.0903"><ele>221</ele></trkpt>
<trkpt lat="48.58625" lon="16.09023"><ele>221</ele></trkpt>
<trkpt lat="48.58626" lon="16.09"><ele>221</ele></trkpt>
<trkpt lat="48.58626" lon="16.08994"><ele>221</ele></trkpt>
<trkpt lat="48.58722" lon="16.09"><ele>221</ele></trkpt>
<trkpt lat="48.58775" lon="16.08735"><ele>223</ele></trkpt>
<trkpt lat="48.58987" lon="16.08798"><ele>224</ele></trkpt>
<trkpt lat="48.59139" lon="16.08835"><ele>224</ele></trkpt>
<trkpt lat="48.59228" lon="16.08847"><ele>224</ele></trkpt>
<trkpt lat="48.59306" lon="16.08851"><ele>224</ele></trkpt>
<trkpt lat="48.59353" lon="16.08851"><ele>224</ele></trkpt>
<trkpt lat="48.5936" lon="16.08854"><ele>224</ele></trkpt>
<trkpt lat="48.59315" lon="16.09073"><ele>225</ele></trkpt>
<trkpt lat="48.59292" lon="16.09202"><ele>225</ele></trkpt>
<trkpt lat="48.594" lon="16.09219"><ele>224</ele></trkpt>
<trkpt lat="48.59424" lon="16.09127"><ele>224</ele></trkpt>
<trkpt lat="48.59432" lon="16.09107"><ele>224</ele></trkpt>
<trkpt lat="48.59613" lon="16.08982"><ele>224</ele></trkpt>
<trkpt lat="48.59678" lon="16.08952"><ele>225</ele></trkpt>
<trkpt lat="48.59735" lon="16.08937"><ele>226</ele></trkpt>
<trkpt lat="48.59769" lon="16.08939"><ele>226</ele></trkpt>
<trkpt lat="48.59834" lon="16.08945"><ele>227</ele></trkpt>
<trkpt lat="48.59944" lon="16.08967"><ele>229</ele></trkpt>
<trkpt lat="48.5999" lon="16.08973"><ele>229</ele></trkpt>
<trkpt lat="48.60037" lon="16.08975"><ele>229</ele></trkpt>
<trkpt lat="48.60074" lon="16.0897"><ele>228</ele></trkpt>
<trkpt lat="48.60115" lon="16.08961"><ele>227</ele></trkpt>
<trkpt lat="48.60151" lon="16.08935"><ele>227</ele></trkpt>
<trkpt lat="48.60227" lon="16.08869"><ele>226</ele></trkpt>
<trkpt lat="48.60268" lon="16.08848"><ele>226</ele></trkpt>
<trkpt lat="48.60294" lon="16.08839"><ele>226</ele></trkpt>
<trkpt lat="48.60354" lon="16.08822"><ele>226</ele></trkpt>
<trkpt lat="48.60371" lon="16.08822"><ele>226</ele></trkpt>
<trkpt lat="48.60402" lon="16.0883"><ele>226</ele></trkpt>
<trkpt lat="48.60421" lon="16.0884"><ele>225</ele></trkpt>
<trkpt lat="48.60435" lon="16.08851"><ele>225</ele></trkpt>
<trkpt lat="48.60459" lon="16.08875"><ele>225</ele></trkpt>
<trkpt lat="48.60481" lon="16.08904"><ele>225</ele></trkpt>
<trkpt lat="48.60499" lon="16.08935"><ele>225</ele></trkpt>
<trkpt lat="48.6053" lon="16.08998"><ele>224</ele></trkpt>
<trkpt lat="48.60585" lon="16.0913"><ele>223</ele></trkpt>
<trkpt lat="48.60659" lon="16.09324"><ele>221</ele></trkpt>
<trkpt lat="48.60675" lon="16.09384"><ele>221</ele></trkpt>
<trkpt lat="48.60684" lon="16.09407"><ele>221</ele></trkpt>
<trkpt lat="48.60696" lon="16.09433"><ele>221</ele></trkpt>
<trkpt lat="48.60714" lon="16.09465"><ele>221</ele></trkpt>
<trkpt lat="48.60734" lon="16.09492"><ele>221</ele></trkpt>
<trkpt lat="48.6075" lon="16.09511"><ele>221</ele></trkpt>
<trkpt lat="48.60772" lon="16.09531"><ele>221</ele></trkpt>
<trkpt lat="48.60781" lon="16.09546"><ele>221</ele></trkpt>
<trkpt lat="48.60799" lon="16.09553"><ele>221</ele></trkpt>
<trkpt lat="48.60849" lon="16.09565"><ele>222</ele></trkpt>
<trkpt lat="48.60864" lon="16.09567"><ele>222</ele></trkpt>
<trkpt lat="48.60906" lon="16.09566"><ele>223</ele></trkpt>
<trkpt lat="48.60934" lon="16.09561"><ele>224</ele></trkpt>
<trkpt lat="48.60996" lon="16.09537"><ele>225</ele></trkpt>
<trkpt lat="48.61025" lon="16.0953"><ele>226</ele></trkpt>
<trkpt lat="48.61041" lon="16.09535"><ele>226</ele></trkpt>
<trkpt lat="48.61048" lon="16.09543"><ele>226</ele></trkpt>
<trkpt lat="48.61076" lon="16.09593"><ele>226</ele></trkpt>
<trkpt lat="48.61116" lon="16.09466"><ele>225</ele></trkpt>
<trkpt lat="48.61123" lon="16.09454"><ele>225</ele></trkpt>
<trkpt lat="48.61132" lon="16.09448"><ele>224</ele></trkpt>
<trkpt lat="48.61178" lon="16.09451"><ele>224</ele></trkpt>
<trkpt lat="48.6118" lon="16.09445"><ele>224</ele></trkpt>
<trkpt lat="48.61194" lon="16.09452"><ele>224</ele></trkpt>
<trkpt lat="48.61308" lon="16.09535"><ele>224</ele></trkpt>
<trkpt lat="48.61318" lon="16.09539"><ele>224</ele></trkpt>
<trkpt lat="48.61382" lon="16.09487"><ele>224</ele></trkpt>
<trkpt lat="48.6139" lon="16.09474"><ele>224</ele></trkpt>
<trkpt lat="48.61427" lon="16.09277"><ele>225</ele></trkpt>
<trkpt lat="48.61436" lon="16.09262"><ele>225</ele></trkpt>
<trkpt lat="48.61446" lon="16.09257"><ele>226</ele></trkpt>
<trkpt lat="48.61641" lon="16.09215"><ele>227</ele></trkpt>
<trkpt lat="48.61651" lon="16.09274"><ele>227</ele></trkpt>
<trkpt lat="48.61661" lon="16.09309"><ele>227</ele></trkpt>
<trkpt lat="48.61665" lon="16.09317"><ele>227</ele></trkpt>
<trkpt lat="48.61695" lon="16.09341"><ele>227</ele></trkpt>
<trkpt lat="48.61788" lon="16.0941"><ele>227</ele></trkpt>
<trkpt lat="48.61876" lon="16.09468"><ele>227</ele></trkpt>
<trkpt lat="48.61995" lon="16.09538"><ele>229</ele></trkpt>
<trkpt lat="48.62195" lon="16.09607"><ele>230</ele></trkpt>
<trkpt lat="48.62284" lon="16.09644"><ele>229</ele></trkpt>
<trkpt lat="48.62344" lon="16.09675"><ele>229</ele></trkpt>
<trkpt lat="48.62434" lon="16.09729"><ele>229</ele></trkpt>
<trkpt lat="48.62443" lon="16.09737"><ele>229</ele></trkpt>
<trkpt lat="48.62445" lon="16.09743"><ele>229</ele></trkpt>
<trkpt lat="48.62453" lon="16.09742"><ele>229</ele></trkpt>
<trkpt lat="48.6246" lon="16.09744"><ele>229</ele></trkpt>
<trkpt lat="48.62553" lon="16.09793"><ele>229</ele></trkpt>
<trkpt lat="48.6257" lon="16.09797"><ele>229</ele></trkpt>
<trkpt lat="48.62577" lon="16.09796"><ele>229</ele></trkpt>
<trkpt lat="48.62581" lon="16.09806"><ele>229</ele></trkpt>
<trkpt lat="48.62586" lon="16.09807"><ele>229</ele></trkpt>
<trkpt lat="48.6259" lon="16.09805"><ele>229</ele></trkpt>
<trkpt lat="48.62593" lon="16.09795"><ele>229</ele></trkpt>
<trkpt lat="48.62622" lon="16.09789"><ele>229</ele></trkpt>
<trkpt lat="48.62734" lon="16.09784"><ele>228</ele></trkpt>
<trkpt lat="48.62765" lon="16.0979"><ele>228</ele></trkpt>
<trkpt lat="48.62825" lon="16.09815"><ele>228</ele></trkpt>
<trkpt lat="48.62941" lon="16.09873"><ele>227</ele></trkpt>
<trkpt lat="48.62951" lon="16.09881"><ele>227</ele></trkpt>
<trkpt lat="48.62956" lon="16.09875"><ele>227</ele></trkpt>
<trkpt lat="48.63015" lon="16.09836"><ele>226</ele></trkpt>
<trkpt lat="48.63101" lon="16.09762"><ele>225</ele></trkpt>
<trkpt lat="48.63129" lon="16.09733"><ele>225</ele></trkpt>
<trkpt lat="48.63443" lon="16.09341"><ele>228</ele></trkpt>
<trkpt lat="48.63493" lon="16.09268"><ele>228</ele></trkpt>
<trkpt lat="48.63566" lon="16.09155"><ele>227</ele></trkpt>
<trkpt lat="48.63933" lon="16.08574"><ele>230</ele></trkpt>
<trkpt lat="48.63976" lon="16.08508"><ele>230</ele></trkpt>
<trkpt lat="48.63995" lon="16.08485"><ele>230</ele></trkpt>
<trkpt lat="48.64016" lon="16.08471"><ele>230</ele></trkpt>
<trkpt lat="48.64044" lon="16.08458"><ele>230</ele></trkpt>
<trkpt lat="48.64096" lon="16.08438"><ele>230</ele></trkpt>
<trkpt lat="48.64108" lon="16.08436"><ele>230</ele></trkpt>
<trkpt lat="48.6413" lon="16.08443"><ele>230</ele></trkpt>
<trkpt lat="48.64163" lon="16.08461"><ele>230</ele></trkpt>
<trkpt lat="48.64175" lon="16.08478"><ele>230</ele></trkpt>
<trkpt lat="48.64185" lon="16.08497"><ele>230</ele></trkpt>
<trkpt lat="48.64198" lon="16.08511"><ele>230</ele></trkpt>
<trkpt lat="48.64207" lon="16.08514"><ele>230</ele></trkpt>
<trkpt lat="48.6428" lon="16.08518"><ele>231</ele></trkpt>
<trkpt lat="48.6429" lon="16.08516"><ele>231</ele></trkpt>
<trkpt lat="48.64313" lon="16.08502"><ele>231</ele></trkpt>
<trkpt lat="48.64365" lon="16.08459"><ele>232</ele></trkpt>
<trkpt lat="48.64413" lon="16.08413"><ele>232</ele></trkpt>
<trkpt lat="48.64434" lon="16.08385"><ele>232</ele></trkpt>
<trkpt lat="48.64489" lon="16.08304"><ele>232</ele></trkpt>
<trkpt lat="48.64493" lon="16.08294"><ele>232</ele></trkpt>
<trkpt lat="48.64501" lon="16.08303"><ele>232</ele></trkpt>
<trkpt lat="48.64508" lon="16.08307"><ele>232</ele></trkpt>
<trkpt lat="48.64602" lon="16.08329"><ele>232</ele></trkpt>
<trkpt lat="48.64619" lon="16.08331"><ele>232</ele></trkpt>
<trkpt lat="48.648" lon="16.08329"><ele>233</ele></trkpt>
<trkpt lat="48.64977" lon="16.08325"><ele>237</ele></trkpt>
<trkpt lat="48.65554" lon="16.08305"><ele>255</ele></trkpt>
<trkpt lat="48.65617" lon="16.08301"><ele>256</ele></trkpt>
<trkpt lat="48.65631" lon="16.08302"><ele>256</ele></trkpt>
<trkpt lat="48.65679" lon="16.0831"><ele>255</ele></trkpt>
<trkpt lat="48.65771" lon="16.08343"><ele>254</ele></trkpt>
<trkpt lat="48.65946" lon="16.08386"><ele>255</ele></trkpt>
<trkpt lat="48.66138" lon="16.08422"><ele>259</ele></trkpt>
<trkpt lat="48.66159" lon="16.08426"><ele>260</ele></trkpt>
<trkpt lat="48.66421" lon="16.08446"><ele>271</ele></trkpt>
<trkpt lat="48.66469" lon="16.08468"><ele>274</ele></trkpt>
<trkpt lat="48.66486" lon="16.08481"><ele>274</ele></trkpt>
<trkpt lat="48.66862" lon="16.08556"><ele>280</ele></trkpt>
<trkpt lat="48.67089" lon="16.08576"><ele>286</ele></trkpt>
<trkpt lat="48.67535" lon="16.08573"><ele>289</ele></trkpt>
<trkpt lat="48.67533" lon="16.08533"><ele>289</ele></trkpt>
<trkpt lat="48.6755" lon="16.08509"><ele>287</ele></trkpt>
<trkpt lat="48.67586" lon="16.08481"><ele>283</ele></trkpt>
<trkpt lat="48.67628" lon="16.08435"><ele>279</ele></trkpt>
<trkpt lat="48.67649" lon="16.08418"><ele>277</ele></trkpt>
<trkpt lat="48.6766" lon="16.08412"><ele>276</ele></trkpt>
<trkpt lat="48.67673" lon="16.08411"><ele>275</ele></trkpt>
<trkpt lat="48.67683" lon="16.08405"><ele>274</ele></trkpt>
<trkpt lat="48.67733" lon="16.08367"><ele>269</ele></trkpt>
<trkpt lat="48.67764" lon="16.08349"><ele>268</ele></trkpt>
<trkpt lat="48.6783" lon="16.08323"><ele>267</ele></trkpt>
<trkpt lat="48.67837" lon="16.08328"><ele>266</ele></trkpt>
<trkpt lat="48.6784" lon="16.08338"><ele>266</ele></trkpt>
<trkpt lat="48.67838" lon="16.08384"><ele>265</ele></trkpt>
<trkpt lat="48.6784" lon="16.08396"><ele>265</ele></trkpt>
<trkpt lat="48.67844" lon="16.084"><ele>265</ele></trkpt>
<trkpt lat="48.67918" lon="16.08366"><ele>262</ele></trkpt>
<trkpt lat="48.68006" lon="16.08334"><ele>257</ele></trkpt>
<trkpt lat="48.68008" lon="16.08336"><ele>257</ele></trkpt>
<trkpt lat="48.68009" lon="16.08339"><ele>257</ele></trkpt>
<trkpt lat="48.68011" lon="16.08389"><ele>255</ele></trkpt>
<trkpt lat="48.68006" lon="16.08449"><ele>252</ele></trkpt>
<trkpt lat="48.68008" lon="16.08486"><ele>251</ele></trkpt>
<trkpt lat="48.68011" lon="16.08506"><ele>250</ele></trkpt>
<trkpt lat="48.68036" lon="16.08593"><ele>244</ele></trkpt>
<trkpt lat="48.68038" lon="16.08595"><ele>244</ele></trkpt>
<trkpt lat="48.68166" lon="16.08553"><ele>231</ele></trkpt>
<trkpt lat="48.68306" lon="16.08518"><ele>223</ele></trkpt>
<trkpt lat="48.68319" lon="16.08515"><ele>223</ele></trkpt>
<trkpt lat="48.68545" lon="16.08422"><ele>214</ele></trkpt>
<trkpt lat="48.6861" lon="16.08399"><ele>213</ele></trkpt>
<trkpt lat="48.69288" lon="16.08218"><ele>208</ele></trkpt>
<trkpt lat="48.70141" lon="16.08033"><ele>204</ele></trkpt>
<trkpt lat="48.70156" lon="16.08023"><ele>204</ele></trkpt>
<trkpt lat="48.70204" lon="16.07968"><ele>203</ele></trkpt>
<trkpt lat="48.70239" lon="16.07931"><ele>203</ele></trkpt>
<trkpt lat="48.70249" lon="16.07924"><ele>203</ele></trkpt>
<trkpt lat="48.70259" lon="16.07952"><ele>202</ele></trkpt>
<trkpt lat="48.70298" lon="16.0796"><ele>202</ele></trkpt>
<trkpt lat="48.70297" lon="16.08013"><ele>201</ele></trkpt>
<trkpt lat="48.7029" lon="16.08069"><ele>201</ele></trkpt>
<trkpt lat="48.70326" lon="16.08073"><ele>201</ele></trkpt>
<trkpt lat="48.70504" lon="16.08124"><ele>200</ele></trkpt>
<trkpt lat="48.70511" lon="16.08136"><ele>200</ele></trkpt>
<trkpt lat="48.70526" lon="16.0812"><ele>200</ele></trkpt>
<trkpt lat="48.70529" lon="16.08131"><ele>200</ele></trkpt>
<trkpt lat="48.70531" lon="16.08141"><ele>200</ele></trkpt>
<trkpt lat="48.70523" lon="16.08209"><ele>199</ele></trkpt>
<trkpt lat="48.70503" lon="16.08336"><ele>199</ele></trkpt>
<trkpt lat="48.70475" lon="16.08462"><ele>197</ele></trkpt>
<trkpt lat="48.70421" lon="16.08671"><ele>195</ele></trkpt>
<trkpt lat="48.70354" lon="16.08858"><ele>194</ele></trkpt>
<trkpt lat="48.70353" lon="16.08867"><ele>194</ele></trkpt>
<trkpt lat="48.70353" lon="16.08876"><ele>194</ele></trkpt>
<trkpt lat="48.70357" lon="16.08891"><ele>194</ele></trkpt>
<trkpt lat="48.7038" lon="16.08961"><ele>193</ele></trkpt>
<trkpt lat="48.7038" lon="16.08967"><ele>193</ele></trkpt>
<trkpt lat="48.70378" lon="16.08972"><ele>193</ele></trkpt>
<trkpt lat="48.70359" lon="16.08989"><ele>193</ele></trkpt>
<trkpt lat="48.70348" lon="16.09001"><ele>193</ele></trkpt>
<trkpt lat="48.70337" lon="16.09023"><ele>193</ele></trkpt>
<trkpt lat="48.70316" lon="16.09078"><ele>193</ele></trkpt>
<trkpt lat="48.70306" lon="16.09139"><ele>192</ele></trkpt>
<trkpt lat="48.70304" lon="16.09168"><ele>192</ele></trkpt>
<trkpt lat="48.70305" lon="16.09191"><ele>192</ele></trkpt>
<trkpt lat="48.70309" lon="16.09227"><ele>192</ele></trkpt>
<trkpt lat="48.70314" lon="16.09259"><ele>192</ele></trkpt>
<trkpt lat="48.70322" lon="16.09288"><ele>192</ele></trkpt>
<trkpt lat="48.70334" lon="16.09322"><ele>192</ele></trkpt>
<trkpt lat="48.70534" lon="16.09746"><ele>193</ele></trkpt>
<trkpt lat="48.70564" lon="16.09815"><ele>194</ele></trkpt>
<trkpt lat="48.70612" lon="16.09787"><ele>194</ele></trkpt>
<trkpt lat="48.70634" lon="16.0977"><ele>195</ele></trkpt>
<trkpt lat="48.70647" lon="16.09753"><ele>195</ele></trkpt>
<trkpt lat="48.70664" lon="16.09741"><ele>195</ele></trkpt>
<trkpt lat="48.70729" lon="16.09705"><ele>196</ele></trkpt>
<trkpt lat="48.7074" lon="16.09732"><ele>196</ele></trkpt>
<trkpt lat="48.70945" lon="16.10132"><ele>194</ele></trkpt>
<trkpt lat="48.70948" lon="16.10162"><ele>194</ele></trkpt>
<trkpt lat="48.70955" lon="16.10265"><ele>196</ele></trkpt>
<trkpt lat="48.70959" lon="16.10285"><ele>196</ele></trkpt>
<trkpt lat="48.70967" lon="16.1032"><ele>196</ele></trkpt>
<trkpt lat="48.70983" lon="16.10376"><ele>196</ele></trkpt>
<trkpt lat="48.70999" lon="16.10482"><ele>195</ele></trkpt>
<trkpt lat="48.71016" lon="16.1053"><ele>195</ele></trkpt>
<trkpt lat="48.71027" lon="16.10565"><ele>195</ele></trkpt>
<trkpt lat="48.71036" lon="16.10638"><ele>195</ele></trkpt>
<trkpt lat="48.71047" lon="16.10689"><ele>195</ele></trkpt>
<trkpt lat="48.71057" lon="16.10713"><ele>195</ele></trkpt>
<trkpt lat="48.71084" lon="16.10758"><ele>195</ele></trkpt>
<trkpt lat="48.71152" lon="16.10851"><ele>195</ele></trkpt>
<trkpt lat="48.71201" lon="16.10927"><ele>196</ele></trkpt>
<trkpt lat="48.71207" lon="16.10939"><ele>196</ele></trkpt>
<trkpt lat="48.71216" lon="16.10969"><ele>197</ele></trkpt>
<trkpt lat="48.71219" lon="16.10992"><ele>197</ele></trkpt>
<trkpt lat="48.71221" lon="16.11038"><ele>197</ele></trkpt>
<trkpt lat="48.7122" lon="16.11054"><ele>197</ele></trkpt>
<trkpt lat="48.71212" lon="16.11164"><ele>198</ele></trkpt>
<trkpt lat="48.71208" lon="16.11188"><ele>198</ele></trkpt>
<trkpt lat="48.71192" lon="16.1126"><ele>198</ele></trkpt>
<trkpt lat="48.71175" lon="16.11324"><ele>197</ele></trkpt>
<trkpt lat="48.71173" lon="16.11358"><ele>197</ele></trkpt>
<trkpt lat="48.71178" lon="16.11477"><ele>196</ele></trkpt>
<trkpt lat="48.71186" lon="16.11553"><ele>196</ele></trkpt>
<trkpt lat="48.71233" lon="16.11537"><ele>198</ele></trkpt>
<trkpt lat="48.71262" lon="16.1152"><ele>199</ele></trkpt>
<trkpt lat="48.71285" lon="16.11504"><ele>200</ele></trkpt>
<trkpt lat="48.71316" lon="16.11477"><ele>201</ele></trkpt>
<trkpt lat="48.71445" lon="16.11339"><ele>206</ele></trkpt>
<trkpt lat="48.71461" lon="16.11325"><ele>207</ele></trkpt>
<trkpt lat="48.71506" lon="16.11294"><ele>208</ele></trkpt>
<trkpt lat="48.71642" lon="16.11159"><ele>214</ele></trkpt>
<trkpt lat="48.7168" lon="16.11114"><ele>216</ele></trkpt>
<trkpt lat="48.71735" lon="16.11043"><ele>218</ele></trkpt>
<trkpt lat="48.71767" lon="16.11007"><ele>220</ele></trkpt>
<trkpt lat="48.71802" lon="16.10971"><ele>221</ele></trkpt>
<trkpt lat="48.71882" lon="16.10897"><ele>225</ele></trkpt>
<trkpt lat="48.71912" lon="16.10873"><ele>226</ele></trkpt>
<trkpt lat="48.71936" lon="16.10858"><ele>228</ele></trkpt>
<trkpt lat="48.72134" lon="16.10757"><ele>240</ele></trkpt>
<trkpt lat="48.72332" lon="16.10634"><ele>241</ele></trkpt>
<trkpt lat="48.72349" lon="16.10626"><ele>242</ele></trkpt>
<trkpt lat="48.72367" lon="16.10621"><ele>243</ele></trkpt>
<trkpt lat="48.72383" lon="16.10621"><ele>243</ele></trkpt>
<trkpt lat="48.72466" lon="16.1063"><ele>247</ele></trkpt>
<trkpt lat="48.7252" lon="16.10647"><ele>250</ele></trkpt>
<trkpt lat="48.72599" lon="16.10682"><ele>250</ele></trkpt>
<trkpt lat="48.72771" lon="16.10727"><ele>247</ele></trkpt>
<trkpt lat="48.73202" lon="16.1087"><ele>257</ele></trkpt>
<trkpt lat="48.73249" lon="16.10881"><ele>262</ele></trkpt>
<trkpt lat="48.73453" lon="16.10884"><ele>278</ele></trkpt>
<trkpt lat="48.73475" lon="16.10887"><ele>280</ele></trkpt>
<trkpt lat="48.73528" lon="16.10905"><ele>283</ele></trkpt>
<trkpt lat="48.7358" lon="16.10911"><ele>286</ele></trkpt>
<trkpt lat="48.73686" lon="16.10911"><ele>290</ele></trkpt>
<trkpt lat="48.73875" lon="16.10928"><ele>294</ele></trkpt>
<trkpt lat="48.73958" lon="16.1094"><ele>294</ele></trkpt>
<trkpt lat="48.74003" lon="16.10939"><ele>294</ele></trkpt>
<trkpt lat="48.74015" lon="16.10935"><ele>294</ele></trkpt>
<trkpt lat="48.74033" lon="16.10929"><ele>294</ele></trkpt>
<trkpt lat="48.7417" lon="16.10837"><ele>290</ele></trkpt>
<trkpt lat="48.74184" lon="16.1083"><ele>290</ele></trkpt>
<trkpt lat="48.74201" lon="16.10826"><ele>289</ele></trkpt>
<trkpt lat="48.74218" lon="16.10826"><ele>288</ele></trkpt>
<trkpt lat="48.74241" lon="16.1083"><ele>288</ele></trkpt>
<trkpt lat="48.74265" lon="16.10838"><ele>287</ele></trkpt>
<trkpt lat="48.74315" lon="16.10862"><ele>285</ele></trkpt>
<trkpt lat="48.7435" lon="16.10875"><ele>284</ele></trkpt>
<trkpt lat="48.74544" lon="16.10928"><ele>277</ele></trkpt>
<trkpt lat="48.7455" lon="16.10932"><ele>277</ele></trkpt>
<trkpt lat="48.74563" lon="16.10938"><ele>276</ele></trkpt>
<trkpt lat="48.74596" lon="16.10939"><ele>275</ele></trkpt>
<trkpt lat="48.74917" lon="16.10903"><ele>258</ele></trkpt>
<trkpt lat="48.75396" lon="16.10804"><ele>228</ele></trkpt>
<trkpt lat="48.75402" lon="16.10805"><ele>228</ele></trkpt>
<trkpt lat="48.75406" lon="16.10808"><ele>228</ele></trkpt>
<trkpt lat="48.75532" lon="16.10448"><ele>226</ele></trkpt>
<trkpt lat="48.75542" lon="16.10431"><ele>226</ele></trkpt>
<trkpt lat="48.75554" lon="16.10418"><ele>226</ele></trkpt>
<trkpt lat="48.76152" lon="16.10067"><ele>225</ele></trkpt>
<trkpt lat="48.76183" lon="16.10039"><ele>225</ele></trkpt>
<trkpt lat="48.7628" lon="16.09921"><ele>225</ele></trkpt>
<trkpt lat="48.76295" lon="16.09909"><ele>225</ele></trkpt>
<trkpt lat="48.76362" lon="16.09898"><ele>224</ele></trkpt>
<trkpt lat="48.76804" lon="16.09855"><ele>217</ele></trkpt>
<trkpt lat="48.77175" lon="16.09824"><ele>213</ele></trkpt>
<trkpt lat="48.77505" lon="16.09807"><ele>212</ele></trkpt>
<trkpt lat="48.77636" lon="16.09797"><ele>212</ele></trkpt>
<trkpt lat="48.77707" lon="16.09794"><ele>212</ele></trkpt>
<trkpt lat="48.77994" lon="16.09809"><ele>212</ele></trkpt>
<trkpt lat="48.78015" lon="16.09805"><ele>213</ele></trkpt>
<trkpt lat="48.78031" lon="16.09797"><ele>213</ele></trkpt>
<trkpt lat="48.78057" lon="16.09775"><ele>213</ele></trkpt>
<trkpt lat="48.78071" lon="16.09758"><ele>213</ele></trkpt>
<trkpt lat="48.78077" lon="16.0974"><ele>213</ele></trkpt>
<trkpt lat="48.78081" lon="16.09717"><ele>213</ele></trkpt>
<trkpt lat="48.78086" lon="16.09652"><ele>213</ele></trkpt>
<trkpt lat="48.78093" lon="16.09623"><ele>213</ele></trkpt>
<trkpt lat="48.78104" lon="16.09597"><ele>213</ele></trkpt>
<trkpt lat="48.78124" lon="16.09573"><ele>213</ele></trkpt>
<trkpt lat="48.78151" lon="16.09564"><ele>213</ele></trkpt>
<trkpt lat="48.7821" lon="16.09554"><ele>213</ele></trkpt>
<trkpt lat="48.78228" lon="16.09555"><ele>213</ele></trkpt>
<trkpt lat="48.78289" lon="16.0957"><ele>213</ele></trkpt>
<trkpt lat="48.78425" lon="16.09564"><ele>212</ele></trkpt>
<trkpt lat="48.78469" lon="16.09558"><ele>211</ele></trkpt>
<trkpt lat="48.78479" lon="16.09567"><ele>211</ele></trkpt>
<trkpt lat="48.78793" lon="16.09692"><ele>211</ele></trkpt>
<trkpt lat="48.78901" lon="16.09723"><ele>211</ele></trkpt>
<trkpt lat="48.79366" lon="16.09711"><ele>212</ele></trkpt>
<trkpt lat="48.79398" lon="16.09713"><ele>212</ele></trkpt>
<trkpt lat="48.79458" lon="16.09733"><ele>212</ele></trkpt>
<trkpt lat="48.79526" lon="16.09776"><ele>212</ele></trkpt>
<trkpt lat="48.79569" lon="16.09908"><ele>212</ele></trkpt>
<trkpt lat="48.79569" lon="16.10153"><ele>212</ele></trkpt>
<trkpt lat="48.79575" lon="16.10174"><ele>212</ele></trkpt>
<trkpt lat="48.79591" lon="16.10165"><ele>212</ele></trkpt>
<trkpt lat="48.7967" lon="16.10076"><ele>212</ele></trkpt>
<trkpt lat="48.79797" lon="16.1005"><ele>213</ele></trkpt>
<trkpt lat="48.79876" lon="16.10065"><ele>214</ele></trkpt>
<trkpt lat="48.79972" lon="16.10055"><ele>214</ele></trkpt>
<trkpt lat="48.79995" lon="16.10038"><ele>214</ele></trkpt>
<trkpt lat="48.80058" lon="16.09922"><ele>215</ele></trkpt>
<trkpt lat="48.80066" lon="16.09852"><ele>215</ele></trkpt>
<trkpt lat="48.80211" lon="16.09108"><ele>226</ele></trkpt>
<trkpt lat="48.80227" lon="16.09081"><ele>226</ele></trkpt>
<trkpt lat="48.80266" lon="16.09044"><ele>227</ele></trkpt>
<trkpt lat="48.80488" lon="16.08829"><ele>226</ele></trkpt>
<trkpt lat="48.80501" lon="16.08807"><ele>226</ele></trkpt>
<trkpt lat="48.80538" lon="16.08629"><ele>226</ele></trkpt>
<trkpt lat="48.80552" lon="16.0851"><ele>226</ele></trkpt>
<trkpt lat="48.8058" lon="16.08268"><ele>226</ele></trkpt>
<trkpt lat="48.80599" lon="16.07977"><ele>227</ele></trkpt>
<trkpt lat="48.80981" lon="16.07876"><ele>245</ele></trkpt>
<trkpt lat="48.81711" lon="16.07666"><ele>248</ele></trkpt>
<trkpt lat="48.82023" lon="16.07573"><ele>248</ele></trkpt>
<trkpt lat="48.82091" lon="16.07545"><ele>248</ele></trkpt>
<trkpt lat="48.82027" lon="16.06953"><ele>249</ele></trkpt>
<trkpt lat="48.82007" lon="16.06756"><ele>249</ele></trkpt>
<trkpt lat="48.82003" lon="16.06734"><ele>249</ele></trkpt>
<trkpt lat="48.81998" lon="16.06716"><ele>249</ele></trkpt>
<trkpt lat="48.82103" lon="16.06674"><ele>246</ele></trkpt>
<trkpt lat="48.82469" lon="16.06498"><ele>232</ele></trkpt>
<trkpt lat="48.82615" lon="16.06422"><ele>227</ele></trkpt>
<trkpt lat="48.82694" lon="16.06377"><ele>224</ele></trkpt>
<trkpt lat="48.82751" lon="16.06319"><ele>221</ele></trkpt>
<trkpt lat="48.82867" lon="16.0619"><ele>219</ele></trkpt>
<trkpt lat="48.82876" lon="16.06187"><ele>219</ele></trkpt>
<trkpt lat="48.82895" lon="16.06157"><ele>218</ele></trkpt>
<trkpt lat="48.82946" lon="16.06106"><ele>218</ele></trkpt>
<trkpt lat="48.83181" lon="16.05923"><ele>219</ele></trkpt>
<trkpt lat="48.83201" lon="16.0591"><ele>218</ele></trkpt>
<trkpt lat="48.83278" lon="16.05872"><ele>215</ele></trkpt>
<trkpt lat="48.83311" lon="16.05846"><ele>213</ele></trkpt>
<trkpt lat="48.83437" lon="16.05696"><ele>212</ele></trkpt>
<trkpt lat="48.83565" lon="16.05575"><ele>213</ele></trkpt>
<trkpt lat="48.83697" lon="16.05469"><ele>211</ele></trkpt>
<trkpt lat="48.83719" lon="16.05472"><ele>211</ele></trkpt>
<trkpt lat="48.83728" lon="16.0548"><ele>211</ele></trkpt>
<trkpt lat="48.83773" lon="16.05564"><ele>210</ele></trkpt>
<trkpt lat="48.83844" lon="16.0569"><ele>210</ele></trkpt>
<trkpt lat="48.83866" lon="16.05705"><ele>210</ele></trkpt>
<trkpt lat="48.83992" lon="16.05669"><ele>214</ele></trkpt>
<trkpt lat="48.84149" lon="16.05689"><ele>222</ele></trkpt>
<trkpt lat="48.84191" lon="16.05702"><ele>224</ele></trkpt>
<trkpt lat="48.84333" lon="16.05687"><ele>231</ele></trkpt>
<trkpt lat="48.84348" lon="16.05689"><ele>231</ele></trkpt>
<trkpt lat="48.84448" lon="16.05717"><ele>236</ele></trkpt>
<trkpt lat="48.84503" lon="16.05711"><ele>238</ele></trkpt>
<trkpt lat="48.84564" lon="16.05699"><ele>241</ele></trkpt>
<trkpt lat="48.84604" lon="16.05799"><ele>243</ele></trkpt>
<trkpt lat="48.84716" lon="16.05708"><ele>246</ele></trkpt>
<trkpt lat="48.84706" lon="16.057"><ele>247</ele></trkpt>
<trkpt lat="48.84836" lon="16.056"><ele>250</ele></trkpt>
<trkpt lat="48.85046" lon="16.05432"><ele>258</ele></trkpt>
<trkpt lat="48.85054" lon="16.05433"><ele>258</ele></trkpt>
<trkpt lat="48.8511" lon="16.05374"><ele>261</ele></trkpt>
<trkpt lat="48.85244" lon="16.05246"><ele>269</ele></trkpt>
<trkpt lat="48.85238" lon="16.05234"><ele>269</ele></trkpt>
<trkpt lat="48.85283" lon="16.0521"><ele>271</ele></trkpt>
<trkpt lat="48.85286" lon="16.05218"><ele>271</ele></trkpt>
<trkpt lat="48.85323" lon="16.05197"><ele>272</ele></trkpt>
<trkpt lat="48.85337" lon="16.05186"><ele>272</ele></trkpt>
<trkpt lat="48.85371" lon="16.05122"><ele>274</ele></trkpt>
<trkpt lat="48.85366" lon="16.05116"><ele>274</ele></trkpt>
<trkpt lat="48.85397" lon="16.05056"><ele>275</ele></trkpt>
<trkpt lat="48.85363" lon="16.04992"><ele>276</ele></trkpt>
<trkpt lat="48.85349" lon="16.04971"><ele>277</ele></trkpt>
<trkpt lat="48.85339" lon="16.04962"><ele>277</ele></trkpt>
<trkpt lat="48.8532" lon="16.04914"><ele>278</ele></trkpt>
<trkpt lat="48.85309" lon="16.04871"><ele>279</ele></trkpt>
<trkpt lat="48.85339" lon="16.04849"><ele>280</ele></trkpt>
<trkpt lat="48.85359" lon="16.04841"><ele>281</ele></trkpt>
<trkpt lat="48.85376" lon="16.04847"><ele>282</ele></trkpt>
<trkpt lat="48.85397" lon="16.04856"><ele>282</ele></trkpt>
<trkpt lat="48.85396" lon="16.04856"><ele>282</ele></trkpt>
<trkpt lat="48.85401" lon="16.04858"><ele>282</ele></trkpt>
<trkpt lat="48.85448" lon="16.0486"><ele>282</ele></trkpt>
<trkpt lat="48.85471" lon="16.04914"><ele>281</ele></trkpt>
<trkpt lat="48.85363" lon="16.04992"><ele>279</ele></trkpt>
<trkpt lat="48.85397" lon="16.05056"><ele>276</ele></trkpt>
<trkpt lat="48.85366" lon="16.05116"><ele>273</ele></trkpt>
<trkpt lat="48.85371" lon="16.05122"><ele>273</ele></trkpt>
<trkpt lat="48.85337" lon="16.05186"><ele>270</ele></trkpt>
<trkpt lat="48.85323" lon="16.05197"><ele>269</ele></trkpt>
<trkpt lat="48.85272" lon="16.05226"><ele>266</ele></trkpt>
<trkpt lat="48.85264" lon="16.05232"><ele>266</ele></trkpt>
<trkpt lat="48.85258" lon="16.05241"><ele>265</ele></trkpt>
<trkpt lat="48.85251" lon="16.05242"><ele>265</ele></trkpt>
<trkpt lat="48.85239" lon="16.05249"><ele>264</ele></trkpt>
<trkpt lat="48.8511" lon="16.05374"><ele>257</ele></trkpt>
<trkpt lat="48.85054" lon="16.05433"><ele>254</ele></trkpt>
<trkpt lat="48.85046" lon="16.05432"><ele>254</ele></trkpt>
<trkpt lat="48.84836" lon="16.056"><ele>247</ele></trkpt>
<trkpt lat="48.84706" lon="16.057"><ele>245</ele></trkpt>
<trkpt lat="48.84696" lon="16.0569"><ele>244</ele></trkpt>
<trkpt lat="48.84695" lon="16.05669"><ele>244</ele></trkpt>
<trkpt lat="48.84692" lon="16.05647"><ele>244</ele></trkpt>
<trkpt lat="48.84677" lon="16.05628"><ele>243</ele></trkpt>
<trkpt lat="48.84653" lon="16.05681"><ele>242</ele></trkpt>
<trkpt lat="48.8463" lon="16.05681"><ele>241</ele></trkpt>
<trkpt lat="48.84564" lon="16.05699"><ele>240</ele></trkpt>
<trkpt lat="48.84503" lon="16.05711"><ele>237</ele></trkpt>
<trkpt lat="48.84448" lon="16.05717"><ele>234</ele></trkpt>
<trkpt lat="48.84362" lon="16.05692"><ele>229</ele></trkpt>
<trkpt lat="48.84333" lon="16.05687"><ele>228</ele></trkpt>
<trkpt lat="48.84191" lon="16.05702"><ele>224</ele></trkpt>
<trkpt lat="48.84188" lon="16.05809"><ele>222</ele></trkpt>
<trkpt lat="48.8419" lon="16.05838"><ele>222</ele></trkpt>
<trkpt lat="48.84273" lon="16.06052"><ele>217</ele></trkpt>
<trkpt lat="48.84185" lon="16.06148"><ele>214</ele></trkpt>
<trkpt lat="48.84204" lon="16.06189"><ele>213</ele></trkpt>
<trkpt lat="48.84204" lon="16.06195"><ele>213</ele></trkpt>
<trkpt lat="48.84039" lon="16.06377"><ele>210</ele></trkpt>
<trkpt lat="48.84027" lon="16.06382"><ele>210</ele></trkpt>
<trkpt lat="48.83978" lon="16.06386"><ele>209</ele></trkpt>
<trkpt lat="48.83989" lon="16.06427"><ele>208</ele></trkpt>
<trkpt lat="48.84012" lon="16.06464"><ele>208</ele></trkpt>
<trkpt lat="48.84011" lon="16.06472"><ele>208</ele></trkpt>
<trkpt lat="48.84007" lon="16.06486"><ele>208</ele></trkpt>
<trkpt lat="48.83999" lon="16.06491"><ele>208</ele></trkpt>
<trkpt lat="48.83982" lon="16.06486"><ele>208</ele></trkpt>
<trkpt lat="48.83978" lon="16.06487"><ele>208</ele></trkpt>
<trkpt lat="48.83912" lon="16.06546"><ele>208</ele></trkpt>
<trkpt lat="48.83784" lon="16.06666"><ele>209</ele></trkpt>
<trkpt lat="48.8378" lon="16.06671"><ele>209</ele></trkpt>
<trkpt lat="48.83778" lon="16.06679"><ele>209</ele></trkpt>
<trkpt lat="48.83778" lon="16.06689"><ele>209</ele></trkpt>
<trkpt lat="48.83776" lon="16.06698"><ele>209</ele></trkpt>
<trkpt lat="48.83772" lon="16.06705"><ele>209</ele></trkpt>
<trkpt lat="48.8376" lon="16.06716"><ele>209</ele></trkpt>
<trkpt lat="48.83742" lon="16.06676"><ele>209</ele></trkpt>
<trkpt lat="48.83566" lon="16.06836"><ele>209</ele></trkpt>
<trkpt lat="48.8355" lon="16.06848"><ele>210</ele></trkpt>
<trkpt lat="48.83522" lon="16.06863"><ele>210</ele></trkpt>
<trkpt lat="48.82928" lon="16.07141"><ele>218</ele></trkpt>
<trkpt lat="48.82595" lon="16.07301"><ele>234</ele></trkpt>
<trkpt lat="48.82237" lon="16.07477"><ele>245</ele></trkpt>
<trkpt lat="48.82067" lon="16.07556"><ele>247</ele></trkpt>
<trkpt lat="48.82023" lon="16.07573"><ele>247</ele></trkpt>
<trkpt lat="48.81711" lon="16.07666"><ele>248</ele></trkpt>
<trkpt lat="48.81127" lon="16.07834"><ele>247</ele></trkpt>
<trkpt lat="48.80981" lon="16.07876"><ele>242</ele></trkpt>
<trkpt lat="48.80599" lon="16.07977"><ele>228</ele></trkpt>
<trkpt lat="48.8058" lon="16.08268"><ele>226</ele></trkpt>
<trkpt lat="48.80552" lon="16.0851"><ele>226</ele></trkpt>
<trkpt lat="48.80538" lon="16.08629"><ele>226</ele></trkpt>
<trkpt lat="48.80501" lon="16.08807"><ele>226</ele></trkpt>
<trkpt lat="48.80488" lon="16.08829"><ele>226</ele></trkpt>
<trkpt lat="48.80227" lon="16.09081"><ele>225</ele></trkpt>
<trkpt lat="48.80211" lon="16.09108"><ele>224</ele></trkpt>
<trkpt lat="48.80066" lon="16.09852"><ele>214</ele></trkpt>
<trkpt lat="48.80058" lon="16.09922"><ele>214</ele></trkpt>
<trkpt lat="48.79995" lon="16.10038"><ele>213</ele></trkpt>
<trkpt lat="48.79972" lon="16.10055"><ele>213</ele></trkpt>
<trkpt lat="48.79876" lon="16.10065"><ele>213</ele></trkpt>
<trkpt lat="48.79797" lon="16.1005"><ele>212</ele></trkpt>
<trkpt lat="48.7967" lon="16.10076"><ele>212</ele></trkpt>
<trkpt lat="48.79591" lon="16.10165"><ele>212</ele></trkpt>
<trkpt lat="48.79575" lon="16.10174"><ele>212</ele></trkpt>
<trkpt lat="48.79569" lon="16.10153"><ele>212</ele></trkpt>
<trkpt lat="48.79569" lon="16.09908"><ele>212</ele></trkpt>
<trkpt lat="48.79526" lon="16.09776"><ele>212</ele></trkpt>
<trkpt lat="48.79458" lon="16.09733"><ele>212</ele></trkpt>
<trkpt lat="48.79398" lon="16.09713"><ele>211</ele></trkpt>
<trkpt lat="48.79366" lon="16.09711"><ele>211</ele></trkpt>
<trkpt lat="48.78901" lon="16.09723"><ele>211</ele></trkpt>
<trkpt lat="48.78793" lon="16.09692"><ele>211</ele></trkpt>
<trkpt lat="48.78479" lon="16.09567"><ele>212</ele></trkpt>
<trkpt lat="48.78469" lon="16.09558"><ele>212</ele></trkpt>
<trkpt lat="48.78425" lon="16.09564"><ele>212</ele></trkpt>
<trkpt lat="48.78386" lon="16.09566"><ele>212</ele></trkpt>
<trkpt lat="48.78386" lon="16.09584"><ele>212</ele></trkpt>
<trkpt lat="48.78361" lon="16.09698"><ele>212</ele></trkpt>
<trkpt lat="48.78361" lon="16.09698"><ele>212</ele></trkpt>
<trkpt lat="48.78386" lon="16.09584"><ele>212</ele></trkpt>
<trkpt lat="48.78386" lon="16.09566"><ele>212</ele></trkpt>
<trkpt lat="48.78336" lon="16.09566"><ele>212</ele></trkpt>
<trkpt lat="48.78289" lon="16.0957"><ele>213</ele></trkpt>
<trkpt lat="48.78228" lon="16.09555"><ele>213</ele></trkpt>
<trkpt lat="48.7821" lon="16.09554"><ele>213</ele></trkpt>
<trkpt lat="48.78197" lon="16.09666"><ele>213</ele></trkpt>
<trkpt lat="48.78176" lon="16.09789"><ele>212</ele></trkpt>
<trkpt lat="48.78171" lon="16.09853"><ele>212</ele></trkpt>
<trkpt lat="48.78167" lon="16.10139"><ele>212</ele></trkpt>
<trkpt lat="48.78149" lon="16.10303"><ele>212</ele></trkpt>
<trkpt lat="48.77955" lon="16.11"><ele>211</ele></trkpt>
<trkpt lat="48.77949" lon="16.1104"><ele>210</ele></trkpt>
<trkpt lat="48.77944" lon="16.11467"><ele>208</ele></trkpt>
<trkpt lat="48.77945" lon="16.11542"><ele>208</ele></trkpt>
<trkpt lat="48.77941" lon="16.11676"><ele>208</ele></trkpt>
<trkpt lat="48.77932" lon="16.11723"><ele>208</ele></trkpt>
<trkpt lat="48.77559" lon="16.13237"><ele>212</ele></trkpt>
<trkpt lat="48.7755" lon="16.13257"><ele>212</ele></trkpt>
<trkpt lat="48.77547" lon="16.13284"><ele>212</ele></trkpt>
<trkpt lat="48.77919" lon="16.13464"><ele>208</ele></trkpt>
<trkpt lat="48.78027" lon="16.13947"><ele>206</ele></trkpt>
<trkpt lat="48.78121" lon="16.14421"><ele>206</ele></trkpt>
<trkpt lat="48.78225" lon="16.14925"><ele>206</ele></trkpt>
<trkpt lat="48.7824" lon="16.15011"><ele>206</ele></trkpt>
<trkpt lat="48.78255" lon="16.15076"><ele>206</ele></trkpt>
<trkpt lat="48.78273" lon="16.15133"><ele>206</ele></trkpt>
<trkpt lat="48.78294" lon="16.15188"><ele>206</ele></trkpt>
<trkpt lat="48.7834" lon="16.15298"><ele>207</ele></trkpt>
<trkpt lat="48.7837" lon="16.15362"><ele>207</ele></trkpt>
<trkpt lat="48.78398" lon="16.15412"><ele>207</ele></trkpt>
<trkpt lat="48.78428" lon="16.15454"><ele>207</ele></trkpt>
<trkpt lat="48.78617" lon="16.15687"><ele>204</ele></trkpt>
<trkpt lat="48.78652" lon="16.15739"><ele>203</ele></trkpt>
<trkpt lat="48.78744" lon="16.15899"><ele>202</ele></trkpt>
<trkpt lat="48.78768" lon="16.15902"><ele>202</ele></trkpt>
<trkpt lat="48.78809" lon="16.15934"><ele>203</ele></trkpt>
<trkpt lat="48.78923" lon="16.15998"><ele>203</ele></trkpt>
<trkpt lat="48.79011" lon="16.16178"><ele>197</ele></trkpt>
<trkpt lat="48.79122" lon="16.16289"><ele>195</ele></trkpt>
<trkpt lat="48.79427" lon="16.16664"><ele>196</ele></trkpt>
<trkpt lat="48.79504" lon="16.16763"><ele>197</ele></trkpt>
<trkpt lat="48.79547" lon="16.16872"><ele>198</ele></trkpt>
<trkpt lat="48.7957" lon="16.16952"><ele>198</ele></trkpt>
<trkpt lat="48.79602" lon="16.17017"><ele>198</ele></trkpt>
<trkpt lat="48.79562" lon="16.17065"><ele>198</ele></trkpt>
<trkpt lat="48.79535" lon="16.17114"><ele>198</ele></trkpt>
<trkpt lat="48.79499" lon="16.17188"><ele>196</ele></trkpt>
<trkpt lat="48.79427" lon="16.17344"><ele>194</ele></trkpt>
<trkpt lat="48.79376" lon="16.17408"><ele>193</ele></trkpt>
<trkpt lat="48.7933" lon="16.17481"><ele>193</ele></trkpt>
<trkpt lat="48.7929" lon="16.17564"><ele>193</ele></trkpt>
<trkpt lat="48.79247" lon="16.17663"><ele>193</ele></trkpt>
<trkpt lat="48.79166" lon="16.17862"><ele>192</ele></trkpt>
<trkpt lat="48.78981" lon="16.18228"><ele>192</ele></trkpt>
<trkpt lat="48.78943" lon="16.18295"><ele>192</ele></trkpt>
<trkpt lat="48.78737" lon="16.18594"><ele>191</ele></trkpt>
<trkpt lat="48.78488" lon="16.19028"><ele>190</ele></trkpt>
<trkpt lat="48.78415" lon="16.19162"><ele>190</ele></trkpt>
<trkpt lat="48.7832" lon="16.19381"><ele>191</ele></trkpt>
<trkpt lat="48.78211" lon="16.19664"><ele>191</ele></trkpt>
<trkpt lat="48.78203" lon="16.19695"><ele>191</ele></trkpt>
<trkpt lat="48.78145" lon="16.19915"><ele>192</ele></trkpt>
<trkpt lat="48.78095" lon="16.2006"><ele>192</ele></trkpt>
<trkpt lat="48.78081" lon="16.20096"><ele>191</ele></trkpt>
<trkpt lat="48.78035" lon="16.20169"><ele>191</ele></trkpt>
<trkpt lat="48.78029" lon="16.20176"><ele>191</ele></trkpt>
<trkpt lat="48.78009" lon="16.20194"><ele>191</ele></trkpt>
<trkpt lat="48.77957" lon="16.2021"><ele>191</ele></trkpt>
<trkpt lat="48.77936" lon="16.20226"><ele>191</ele></trkpt>
<trkpt lat="48.7784" lon="16.20338"><ele>190</ele></trkpt>
<trkpt lat="48.77561" lon="16.20678"><ele>192</ele></trkpt>
<trkpt lat="48.77298" lon="16.2099"><ele>193</ele></trkpt>
<trkpt lat="48.77257" lon="16.21025"><ele>193</ele></trkpt>
<trkpt lat="48.76472" lon="16.21611"><ele>226</ele></trkpt>
<trkpt lat="48.76436" lon="16.21645"><ele>226</ele></trkpt>
<trkpt lat="48.76414" lon="16.21678"><ele>227</ele></trkpt>
<trkpt lat="48.76284" lon="16.21984"><ele>228</ele></trkpt>
<trkpt lat="48.762" lon="16.22154"><ele>228</ele></trkpt>
<trkpt lat="48.7616" lon="16.22217"><ele>227</ele></trkpt>
<trkpt lat="48.76107" lon="16.22253"><ele>223</ele></trkpt>
<trkpt lat="48.76045" lon="16.22328"><ele>217</ele></trkpt>
<trkpt lat="48.75999" lon="16.22361"><ele>213</ele></trkpt>
<trkpt lat="48.75932" lon="16.224"><ele>209</ele></trkpt>
<trkpt lat="48.75821" lon="16.22535"><ele>200</ele></trkpt>
<trkpt lat="48.75785" lon="16.22573"><ele>197</ele></trkpt>
<trkpt lat="48.75766" lon="16.22614"><ele>197</ele></trkpt>
<trkpt lat="48.75758" lon="16.22656"><ele>197</ele></trkpt>
<trkpt lat="48.75733" lon="16.22877"><ele>195</ele></trkpt>
<trkpt lat="48.75737" lon="16.23042"><ele>193</ele></trkpt>
<trkpt lat="48.75766" lon="16.23135"><ele>192</ele></trkpt>
<trkpt lat="48.75775" lon="16.23234"><ele>192</ele></trkpt>
<trkpt lat="48.75767" lon="16.23314"><ele>194</ele></trkpt>
<trkpt lat="48.7575" lon="16.23413"><ele>195</ele></trkpt>
<trkpt lat="48.75814" lon="16.23442"><ele>197</ele></trkpt>
<trkpt lat="48.7581" lon="16.23482"><ele>197</ele></trkpt>
<trkpt lat="48.75813" lon="16.23494"><ele>197</ele></trkpt>
<trkpt lat="48.75819" lon="16.23506"><ele>196</ele></trkpt>
<trkpt lat="48.75831" lon="16.23518"><ele>196</ele></trkpt>
<trkpt lat="48.75904" lon="16.23548"><ele>193</ele></trkpt>
<trkpt lat="48.75926" lon="16.23544"><ele>192</ele></trkpt>
<trkpt lat="48.75944" lon="16.23537"><ele>191</ele></trkpt>
<trkpt lat="48.75951" lon="16.23542"><ele>191</ele></trkpt>
<trkpt lat="48.75986" lon="16.23583"><ele>189</ele></trkpt>
<trkpt lat="48.76034" lon="16.23633"><ele>188</ele></trkpt>
<trkpt lat="48.76174" lon="16.23787"><ele>185</ele></trkpt>
<trkpt lat="48.76173" lon="16.23854"><ele>185</ele></trkpt>
<trkpt lat="48.7618" lon="16.2428"><ele>187</ele></trkpt>
<trkpt lat="48.76191" lon="16.24348"><ele>187</ele></trkpt>
<trkpt lat="48.76195" lon="16.24421"><ele>187</ele></trkpt>
<trkpt lat="48.76197" lon="16.24554"><ele>187</ele></trkpt>
<trkpt lat="48.76209" lon="16.249"><ele>186</ele></trkpt>
<trkpt lat="48.76213" lon="16.24934"><ele>186</ele></trkpt>
<trkpt lat="48.76242" lon="16.25112"><ele>186</ele></trkpt>
<trkpt lat="48.76242" lon="16.25137"><ele>186</ele></trkpt>
<trkpt lat="48.76255" lon="16.25147"><ele>186</ele></trkpt>
<trkpt lat="48.76407" lon="16.25382"><ele>186</ele></trkpt>
<trkpt lat="48.76472" lon="16.25447"><ele>186</ele></trkpt>
<trkpt lat="48.76797" lon="16.25721"><ele>185</ele></trkpt>
<trkpt lat="48.76841" lon="16.2577"><ele>185</ele></trkpt>
<trkpt lat="48.76873" lon="16.25815"><ele>185</ele></trkpt>
<trkpt lat="48.769" lon="16.25863"><ele>185</ele></trkpt>
<trkpt lat="48.76924" lon="16.25921"><ele>185</ele></trkpt>
<trkpt lat="48.7694" lon="16.25969"><ele>186</ele></trkpt>
<trkpt lat="48.76953" lon="16.26024"><ele>186</ele></trkpt>
<trkpt lat="48.76963" lon="16.26076"><ele>186</ele></trkpt>
<trkpt lat="48.76967" lon="16.26131"><ele>186</ele></trkpt>
<trkpt lat="48.76971" lon="16.26296"><ele>186</ele></trkpt>
<trkpt lat="48.76977" lon="16.26364"><ele>186</ele></trkpt>
<trkpt lat="48.76992" lon="16.26431"><ele>185</ele></trkpt>
<trkpt lat="48.77005" lon="16.26466"><ele>185</ele></trkpt>
<trkpt lat="48.77039" lon="16.26527"><ele>185</ele></trkpt>
<trkpt lat="48.77075" lon="16.26571"><ele>185</ele></trkpt>
<trkpt lat="48.77119" lon="16.26616"><ele>187</ele></trkpt>
<trkpt lat="48.7715" lon="16.26652"><ele>188</ele></trkpt>
<trkpt lat="48.77191" lon="16.26712"><ele>190</ele></trkpt>
<trkpt lat="48.7726" lon="16.26787"><ele>192</ele></trkpt>
<trkpt lat="48.77239" lon="16.26861"><ele>194</ele></trkpt>
<trkpt lat="48.77196" lon="16.27005"><ele>196</ele></trkpt>
<trkpt lat="48.77186" lon="16.27052"><ele>197</ele></trkpt>
<trkpt lat="48.77164" lon="16.27307"><ele>201</ele></trkpt>
<trkpt lat="48.7714" lon="16.27458"><ele>199</ele></trkpt>
<trkpt lat="48.77077" lon="16.27734"><ele>194</ele></trkpt>
<trkpt lat="48.7707" lon="16.27773"><ele>194</ele></trkpt>
<trkpt lat="48.77069" lon="16.27866"><ele>194</ele></trkpt>
<trkpt lat="48.77024" lon="16.2827"><ele>193</ele></trkpt>
<trkpt lat="48.77021" lon="16.28314"><ele>193</ele></trkpt>
<trkpt lat="48.77019" lon="16.28325"><ele>193</ele></trkpt>
<trkpt lat="48.7702" lon="16.2837"><ele>192</ele></trkpt>
<trkpt lat="48.77011" lon="16.28426"><ele>191</ele></trkpt>
<trkpt lat="48.76996" lon="16.28603"><ele>189</ele></trkpt>
<trkpt lat="48.76979" lon="16.2876"><ele>188</ele></trkpt>
<trkpt lat="48.76981" lon="16.28801"><ele>189</ele></trkpt>
<trkpt lat="48.76968" lon="16.2886"><ele>189</ele></trkpt>
<trkpt lat="48.76961" lon="16.28952"><ele>190</ele></trkpt>
<trkpt lat="48.76961" lon="16.28967"><ele>190</ele></trkpt>
<trkpt lat="48.76978" lon="16.2904"><ele>190</ele></trkpt>
<trkpt lat="48.76981" lon="16.29052"><ele>190</ele></trkpt>
<trkpt lat="48.76986" lon="16.29189"><ele>188</ele></trkpt>
<trkpt lat="48.76938" lon="16.29449"><ele>186</ele></trkpt>
<trkpt lat="48.76943" lon="16.29534"><ele>186</ele></trkpt>
<trkpt lat="48.76965" lon="16.29689"><ele>186</ele></trkpt>
<trkpt lat="48.76999" lon="16.29862"><ele>186</ele></trkpt>
<trkpt lat="48.77034" lon="16.29991"><ele>185</ele></trkpt>
<trkpt lat="48.77051" lon="16.30033"><ele>185</ele></trkpt>
<trkpt lat="48.77059" lon="16.30053"><ele>185</ele></trkpt>
<trkpt lat="48.77075" lon="16.30095"><ele>185</ele></trkpt>
<trkpt lat="48.77013" lon="16.3013"><ele>184</ele></trkpt>
<trkpt lat="48.77001" lon="16.30142"><ele>184</ele></trkpt>
<trkpt lat="48.76998" lon="16.3016"><ele>184</ele></trkpt>
<trkpt lat="48.77007" lon="16.3034"><ele>183</ele></trkpt>
<trkpt lat="48.77005" lon="16.30352"><ele>183</ele></trkpt>
<trkpt lat="48.76997" lon="16.30371"><ele>183</ele></trkpt>
<trkpt lat="48.76975" lon="16.30391"><ele>182</ele></trkpt>
<trkpt lat="48.76949" lon="16.30408"><ele>182</ele></trkpt>
<trkpt lat="48.76871" lon="16.30446"><ele>182</ele></trkpt>
<trkpt lat="48.76859" lon="16.30447"><ele>182</ele></trkpt>
<trkpt lat="48.76848" lon="16.30445"><ele>182</ele></trkpt>
<trkpt lat="48.76734" lon="16.30402"><ele>182</ele></trkpt>
<trkpt lat="48.767" lon="16.30397"><ele>182</ele></trkpt>
<trkpt lat="48.76599" lon="16.30396"><ele>183</ele></trkpt>
<trkpt lat="48.76589" lon="16.30396"><ele>183</ele></trkpt>
<trkpt lat="48.7657" lon="16.30405"><ele>183</ele></trkpt>
<trkpt lat="48.76554" lon="16.30422"><ele>183</ele></trkpt>
<trkpt lat="48.76473" lon="16.30524"><ele>183</ele></trkpt>
<trkpt lat="48.76327" lon="16.30663"><ele>182</ele></trkpt>
<trkpt lat="48.76232" lon="16.30747"><ele>182</ele></trkpt>
<trkpt lat="48.76195" lon="16.30758"><ele>182</ele></trkpt>
<trkpt lat="48.75807" lon="16.30862"><ele>179</ele></trkpt>
<trkpt lat="48.75484" lon="16.30977"><ele>181</ele></trkpt>
<trkpt lat="48.75468" lon="16.31036"><ele>181</ele></trkpt>
<trkpt lat="48.75393" lon="16.34172"><ele>180</ele></trkpt>
<trkpt lat="48.75246" lon="16.35901"><ele>177</ele></trkpt>
<trkpt lat="48.75193" lon="16.36504"><ele>176</ele></trkpt>
<trkpt lat="48.75181" lon="16.36527"><ele>176</ele></trkpt>
<trkpt lat="48.74832" lon="16.36516"><ele>177</ele></trkpt>
<trkpt lat="48.74818" lon="16.36543"><ele>177</ele></trkpt>
<trkpt lat="48.74796" lon="16.37688"><ele>179</ele></trkpt>
<trkpt lat="48.74803" lon="16.38076"><ele>177</ele></trkpt>
<trkpt lat="48.74797" lon="16.38074"><ele>177</ele></trkpt>
<trkpt lat="48.74633" lon="16.38084"><ele>176</ele></trkpt>
<trkpt lat="48.74507" lon="16.38094"><ele>176</ele></trkpt>
<trkpt lat="48.74414" lon="16.38109"><ele>177</ele></trkpt>
<trkpt lat="48.74403" lon="16.38117"><ele>178</ele></trkpt>
<trkpt lat="48.74359" lon="16.38127"><ele>178</ele></trkpt>
<trkpt lat="48.74339" lon="16.38131"><ele>179</ele></trkpt>
<trkpt lat="48.74331" lon="16.3813"><ele>179</ele></trkpt>
<trkpt lat="48.74243" lon="16.38147"><ele>179</ele></trkpt>
<trkpt lat="48.73918" lon="16.38194"><ele>176</ele></trkpt>
<trkpt lat="48.73447" lon="16.38254"><ele>182</ele></trkpt>
<trkpt lat="48.73398" lon="16.38258"><ele>182</ele></trkpt>
<trkpt lat="48.73368" lon="16.38268"><ele>182</ele></trkpt>
<trkpt lat="48.7335" lon="16.38271"><ele>182</ele></trkpt>
<trkpt lat="48.73324" lon="16.38271"><ele>182</ele></trkpt>
<trkpt lat="48.73145" lon="16.38295"><ele>180</ele></trkpt>
<trkpt lat="48.73082" lon="16.38305"><ele>179</ele></trkpt>
<trkpt lat="48.73049" lon="16.38313"><ele>179</ele></trkpt>
<trkpt lat="48.7304" lon="16.38327"><ele>179</ele></trkpt>
<trkpt lat="48.72984" lon="16.38337"><ele>179</ele></trkpt>
<trkpt lat="48.72969" lon="16.38346"><ele>179</ele></trkpt>
<trkpt lat="48.72952" lon="16.3834"><ele>179</ele></trkpt>
<trkpt lat="48.72941" lon="16.3834"><ele>179</ele></trkpt>
<trkpt lat="48.72608" lon="16.38388"><ele>179</ele></trkpt>
<trkpt lat="48.72619" lon="16.38407"><ele>179</ele></trkpt>
<trkpt lat="48.72587" lon="16.3843"><ele>179</ele></trkpt>
<trkpt lat="48.72597" lon="16.38469"><ele>180</ele></trkpt>
<trkpt lat="48.726" lon="16.3848"><ele>180</ele></trkpt>
<trkpt lat="48.72594" lon="16.3846"><ele>180</ele></trkpt>
<trkpt lat="48.72577" lon="16.38385"><ele>181</ele></trkpt>
<trkpt lat="48.72561" lon="16.38387"><ele>181</ele></trkpt>
<trkpt lat="48.72514" lon="16.38401"><ele>182</ele></trkpt>
<trkpt lat="48.72517" lon="16.3843"><ele>183</ele></trkpt>
<trkpt lat="48.72514" lon="16.385"><ele>183</ele></trkpt>
<trkpt lat="48.72353" lon="16.38586"><ele>183</ele></trkpt>
<trkpt lat="48.72307" lon="16.38614"><ele>183</ele></trkpt>
<trkpt lat="48.72198" lon="16.38673"><ele>182</ele></trkpt>
<trkpt lat="48.72184" lon="16.38679"><ele>182</ele></trkpt>
<trkpt lat="48.72207" lon="16.38777"><ele>182</ele></trkpt>
<trkpt lat="48.72184" lon="16.38789"><ele>181</ele></trkpt>
<trkpt lat="48.72136" lon="16.38804"><ele>181</ele></trkpt>
<trkpt lat="48.72156" lon="16.3889"><ele>180</ele></trkpt>
<trkpt lat="48.72167" lon="16.38959"><ele>179</ele></trkpt>
<trkpt lat="48.72176" lon="16.38983"><ele>179</ele></trkpt>
<trkpt lat="48.72179" lon="16.39012"><ele>179</ele></trkpt>
<trkpt lat="48.72187" lon="16.39059"><ele>179</ele></trkpt>
<trkpt lat="48.72209" lon="16.3913"><ele>179</ele></trkpt>
<trkpt lat="48.72215" lon="16.39179"><ele>179</ele></trkpt>
<trkpt lat="48.7222" lon="16.39247"><ele>179</ele></trkpt>
<trkpt lat="48.7222" lon="16.3929"><ele>179</ele></trkpt>
<trkpt lat="48.72217" lon="16.39297"><ele>179</ele></trkpt>
<trkpt lat="48.72189" lon="16.39301"><ele>179</ele></trkpt>
<trkpt lat="48.72183" lon="16.39307"><ele>179</ele></trkpt>
<trkpt lat="48.72182" lon="16.39311"><ele>179</ele></trkpt>
<trkpt lat="48.72179" lon="16.39355"><ele>180</ele></trkpt>
<trkpt lat="48.7218" lon="16.39367"><ele>180</ele></trkpt>
<trkpt lat="48.72356" lon="16.40046"><ele>181</ele></trkpt>
<trkpt lat="48.72355" lon="16.40053"><ele>181</ele></trkpt>
<trkpt lat="48.72353" lon="16.40056"><ele>181</ele></trkpt>
<trkpt lat="48.72276" lon="16.40101"><ele>181</ele></trkpt>
<trkpt lat="48.72312" lon="16.40237"><ele>182</ele></trkpt>
<trkpt lat="48.72303" lon="16.4025"><ele>182</ele></trkpt>
<trkpt lat="48.72295" lon="16.40257"><ele>182</ele></trkpt>
<trkpt lat="48.72271" lon="16.4027"><ele>182</ele></trkpt>
<trkpt lat="48.72265" lon="16.40273"><ele>182</ele></trkpt>
<trkpt lat="48.72256" lon="16.40272"><ele>182</ele></trkpt>
<trkpt lat="48.72247" lon="16.4029"><ele>182</ele></trkpt>
<trkpt lat="48.72215" lon="16.40321"><ele>182</ele></trkpt>
<trkpt lat="48.72199" lon="16.40333"><ele>182</ele></trkpt>
<trkpt lat="48.72153" lon="16.40354"><ele>182</ele></trkpt>
<trkpt lat="48.72176" lon="16.40445"><ele>183</ele></trkpt>
<trkpt lat="48.72184" lon="16.40486"><ele>185</ele></trkpt>
<trkpt lat="48.72219" lon="16.40758"><ele>190</ele></trkpt>
<trkpt lat="48.72223" lon="16.40757"><ele>190</ele></trkpt>
<trkpt lat="48.72226" lon="16.4076"><ele>190</ele></trkpt>
<trkpt lat="48.72256" lon="16.40828"><ele>191</ele></trkpt>
<trkpt lat="48.72283" lon="16.40883"><ele>192</ele></trkpt>
<trkpt lat="48.72328" lon="16.40965"><ele>192</ele></trkpt>
<trkpt lat="48.72346" lon="16.40997"><ele>192</ele></trkpt>
<trkpt lat="48.7238" lon="16.41043"><ele>191</ele></trkpt>
<trkpt lat="48.72381" lon="16.41061"><ele>191</ele></trkpt>
<trkpt lat="48.72428" lon="16.41179"><ele>189</ele></trkpt>
<trkpt lat="48.72609" lon="16.41692"><ele>182</ele></trkpt>
<trkpt lat="48.72614" lon="16.41711"><ele>181</ele></trkpt>
<trkpt lat="48.72628" lon="16.41744"><ele>181</ele></trkpt>
<trkpt lat="48.72647" lon="16.41777"><ele>180</ele></trkpt>
<trkpt lat="48.72871" lon="16.42257"><ele>178</ele></trkpt>
<trkpt lat="48.7303" lon="16.42538"><ele>178</ele></trkpt>
<trkpt lat="48.73086" lon="16.42604"><ele>178</ele></trkpt>
<trkpt lat="48.7352" lon="16.43096"><ele>177</ele></trkpt>
<trkpt lat="48.73539" lon="16.43119"><ele>177</ele></trkpt>
<trkpt lat="48.73498" lon="16.4318"><ele>177</ele></trkpt>
<trkpt lat="48.73474" lon="16.43223"><ele>178</ele></trkpt>
<trkpt lat="48.73373" lon="16.43422"><ele>178</ele></trkpt>
<trkpt lat="48.73548" lon="16.43623"><ele>178</ele></trkpt>
<trkpt lat="48.73612" lon="16.4372"><ele>178</ele></trkpt>
<trkpt lat="48.73556" lon="16.43845"><ele>179</ele></trkpt>
<trkpt lat="48.73547" lon="16.43871"><ele>179</ele></trkpt>
<trkpt lat="48.73462" lon="16.44248"><ele>184</ele></trkpt>
<trkpt lat="48.73242" lon="16.45185"><ele>189</ele></trkpt>
<trkpt lat="48.72859" lon="16.46263"><ele>183</ele></trkpt>
<trkpt lat="48.7288" lon="16.46293"><ele>183</ele></trkpt>
<trkpt lat="48.72882" lon="16.46301"><ele>183</ele></trkpt>
<trkpt lat="48.72883" lon="16.46313"><ele>183</ele></trkpt>
<trkpt lat="48.72599" lon="16.48097"><ele>190</ele></trkpt>
<trkpt lat="48.72596" lon="16.48125"><ele>190</ele></trkpt>
<trkpt lat="48.72596" lon="16.48147"><ele>190</ele></trkpt>
<trkpt lat="48.72598" lon="16.4817"><ele>190</ele></trkpt>
<trkpt lat="48.72608" lon="16.48217"><ele>190</ele></trkpt>
<trkpt lat="48.72611" lon="16.48249"><ele>190</ele></trkpt>
<trkpt lat="48.72618" lon="16.4825"><ele>190</ele></trkpt>
<trkpt lat="48.72629" lon="16.48247"><ele>190</ele></trkpt>
<trkpt lat="48.72645" lon="16.48237"><ele>190</ele></trkpt>
<trkpt lat="48.72781" lon="16.48074"><ele>191</ele></trkpt>
<trkpt lat="48.72788" lon="16.4807"><ele>191</ele></trkpt>
<trkpt lat="48.72798" lon="16.48069"><ele>191</ele></trkpt>
<trkpt lat="48.73597" lon="16.48244"><ele>189</ele></trkpt>
<trkpt lat="48.74264" lon="16.48435"><ele>199</ele></trkpt>
<trkpt lat="48.7427" lon="16.48436"><ele>199</ele></trkpt>
<trkpt lat="48.74288" lon="16.48433"><ele>200</ele></trkpt>
<trkpt lat="48.74884" lon="16.48182"><ele>202</ele></trkpt>
<trkpt lat="48.7488" lon="16.48193"><ele>202</ele></trkpt>
<trkpt lat="48.74823" lon="16.48282"><ele>203</ele></trkpt>
<trkpt lat="48.74801" lon="16.48321"><ele>203</ele></trkpt>
<trkpt lat="48.74779" lon="16.48363"><ele>203</ele></trkpt>
<trkpt lat="48.74757" lon="16.48419"><ele>202</ele></trkpt>
<trkpt lat="48.74732" lon="16.4848"><ele>202</ele></trkpt>
<trkpt lat="48.74732" lon="16.48488"><ele>202</ele></trkpt>
<trkpt lat="48.74735" lon="16.48492"><ele>201</ele></trkpt>
<trkpt lat="48.74879" lon="16.48455"><ele>199</ele></trkpt>
<trkpt lat="48.74819" lon="16.50107"><ele>197</ele></trkpt>
<trkpt lat="48.7482" lon="16.50118"><ele>197</ele></trkpt>
<trkpt lat="48.74947" lon="16.50088"><ele>197</ele></trkpt>
<trkpt lat="48.75076" lon="16.50054"><ele>197</ele></trkpt>
<trkpt lat="48.75379" lon="16.49982"><ele>197</ele></trkpt>
<trkpt lat="48.75479" lon="16.49955"><ele>198</ele></trkpt>
<trkpt lat="48.75475" lon="16.49928"><ele>198</ele></trkpt>
<trkpt lat="48.7553" lon="16.49922"><ele>199</ele></trkpt>
<trkpt lat="48.75595" lon="16.49911"><ele>200</ele></trkpt>
<trkpt lat="48.75617" lon="16.49912"><ele>200</ele></trkpt>
<trkpt lat="48.75636" lon="16.50023"><ele>201</ele></trkpt>
<trkpt lat="48.7564" lon="16.50071"><ele>202</ele></trkpt>
<trkpt lat="48.7564" lon="16.5011"><ele>202</ele></trkpt>
<trkpt lat="48.75637" lon="16.50131"><ele>202</ele></trkpt>
<trkpt lat="48.75642" lon="16.50206"><ele>203</ele></trkpt>
<trkpt lat="48.75646" lon="16.50247"><ele>203</ele></trkpt>
<trkpt lat="48.75645" lon="16.50267"><ele>203</ele></trkpt>
<trkpt lat="48.75643" lon="16.50282"><ele>204</ele></trkpt>
<trkpt lat="48.75633" lon="16.50317"><ele>204</ele></trkpt>
<trkpt lat="48.75626" lon="16.50357"><ele>204</ele></trkpt>
<trkpt lat="48.75622" lon="16.50371"><ele>204</ele></trkpt>
<trkpt lat="48.75618" lon="16.50375"><ele>204</ele></trkpt>
<trkpt lat="48.75617" lon="16.50396"><ele>204</ele></trkpt>
<trkpt lat="48.75598" lon="16.50456"><ele>204</ele></trkpt>
<trkpt lat="48.75596" lon="16.50495"><ele>204</ele></trkpt>
<trkpt lat="48.75601" lon="16.50516"><ele>204</ele></trkpt>
<trkpt lat="48.75601" lon="16.50541"><ele>204</ele></trkpt>
<trkpt lat="48.75593" lon="16.50547"><ele>204</ele></trkpt>
<trkpt lat="48.75598" lon="16.50655"><ele>205</ele></trkpt>
<trkpt lat="48.75608" lon="16.50664"><ele>205</ele></trkpt>
<trkpt lat="48.75612" lon="16.50671"><ele>205</ele></trkpt>
<trkpt lat="48.75617" lon="16.50679"><ele>205</ele></trkpt>
<trkpt lat="48.75629" lon="16.50685"><ele>205</ele></trkpt>
<trkpt lat="48.76586" lon="16.51627"><ele>218</ele></trkpt>
<trkpt lat="48.76593" lon="16.51638"><ele>218</ele></trkpt>
<trkpt lat="48.76842" lon="16.52317"><ele>211</ele></trkpt>
<trkpt lat="48.76945" lon="16.52698"><ele>209</ele></trkpt>
<trkpt lat="48.76949" lon="16.52734"><ele>209</ele></trkpt>
<trkpt lat="48.771" lon="16.53433"><ele>222</ele></trkpt>
<trkpt lat="48.7715" lon="16.53582"><ele>217</ele></trkpt>
<trkpt lat="48.77159" lon="16.53615"><ele>216</ele></trkpt>
<trkpt lat="48.77188" lon="16.53741"><ele>216</ele></trkpt>
<trkpt lat="48.77179" lon="16.53747"><ele>216</ele></trkpt>
<trkpt lat="48.77094" lon="16.53783"><ele>215</ele></trkpt>
<trkpt lat="48.77005" lon="16.5383"><ele>214</ele></trkpt>
<trkpt lat="48.76989" lon="16.53843"><ele>214</ele></trkpt>
<trkpt lat="48.76855" lon="16.53992"><ele>212</ele></trkpt>
<trkpt lat="48.76789" lon="16.54047"><ele>209</ele></trkpt>
<trkpt lat="48.76769" lon="16.54069"><ele>208</ele></trkpt>
<trkpt lat="48.76746" lon="16.54108"><ele>207</ele></trkpt>
<trkpt lat="48.76706" lon="16.5418"><ele>206</ele></trkpt>
<trkpt lat="48.76624" lon="16.5429"><ele>206</ele></trkpt>
<trkpt lat="48.7656" lon="16.54383"><ele>206</ele></trkpt>
<trkpt lat="48.76534" lon="16.54416"><ele>205</ele></trkpt>
<trkpt lat="48.76522" lon="16.54427"><ele>205</ele></trkpt>
<trkpt lat="48.76445" lon="16.54472"><ele>204</ele></trkpt>
<trkpt lat="48.76454" lon="16.54495"><ele>204</ele></trkpt>
<trkpt lat="48.7647" lon="16.54533"><ele>203</ele></trkpt>
<trkpt lat="48.7648" lon="16.54564"><ele>203</ele></trkpt>
<trkpt lat="48.765" lon="16.54662"><ele>202</ele></trkpt>
<trkpt lat="48.7658" lon="16.55001"><ele>202</ele></trkpt>
<trkpt lat="48.76582" lon="16.55015"><ele>202</ele></trkpt>
<trkpt lat="48.76583" lon="16.55032"><ele>202</ele></trkpt>
<trkpt lat="48.76585" lon="16.55048"><ele>202</ele></trkpt>
<trkpt lat="48.76589" lon="16.55109"><ele>203</ele></trkpt>
<trkpt lat="48.76592" lon="16.55125"><ele>203</ele></trkpt>
<trkpt lat="48.7661" lon="16.55184"><ele>204</ele></trkpt>
<trkpt lat="48.76646" lon="16.55288"><ele>205</ele></trkpt>
<trkpt lat="48.76675" lon="16.55358"><ele>205</ele></trkpt>
<trkpt lat="48.76734" lon="16.55449"><ele>204</ele></trkpt>
<trkpt lat="48.76771" lon="16.55516"><ele>203</ele></trkpt>
<trkpt lat="48.76855" lon="16.55675"><ele>202</ele></trkpt>
<trkpt lat="48.76868" lon="16.55696"><ele>202</ele></trkpt>
<trkpt lat="48.76977" lon="16.55841"><ele>208</ele></trkpt>
<trkpt lat="48.77033" lon="16.55912"><ele>213</ele></trkpt>
<trkpt lat="48.77044" lon="16.55934"><ele>214</ele></trkpt>
<trkpt lat="48.77049" lon="16.55951"><ele>215</ele></trkpt>
<trkpt lat="48.77074" lon="16.56078"><ele>218</ele></trkpt>
<trkpt lat="48.77206" lon="16.56688"><ele>232</ele></trkpt>
<trkpt lat="48.77218" lon="16.56721"><ele>231</ele></trkpt>
<trkpt lat="48.77224" lon="16.56732"><ele>231</ele></trkpt>
<trkpt lat="48.77371" lon="16.56966"><ele>229</ele></trkpt>
<trkpt lat="48.77391" lon="16.56993"><ele>230</ele></trkpt>
<trkpt lat="48.77461" lon="16.57075"><ele>232</ele></trkpt>
<trkpt lat="48.77477" lon="16.57097"><ele>233</ele></trkpt>
<trkpt lat="48.77546" lon="16.57237"><ele>234</ele></trkpt>
<trkpt lat="48.77561" lon="16.57287"><ele>235</ele></trkpt>
<trkpt lat="48.77726" lon="16.57903"><ele>228</ele></trkpt>
<trkpt lat="48.7774" lon="16.57947"><ele>228</ele></trkpt>
<trkpt lat="48.77753" lon="16.57974"><ele>227</ele></trkpt>
<trkpt lat="48.77948" lon="16.58305"><ele>222</ele></trkpt>
<trkpt lat="48.77971" lon="16.58354"><ele>219</ele></trkpt>
<trkpt lat="48.78017" lon="16.58467"><ele>214</ele></trkpt>
<trkpt lat="48.7805" lon="16.58562"><ele>209</ele></trkpt>
<trkpt lat="48.78256" lon="16.59226"><ele>200</ele></trkpt>
<trkpt lat="48.78263" lon="16.59267"><ele>200</ele></trkpt>
<trkpt lat="48.78266" lon="16.59294"><ele>200</ele></trkpt>
<trkpt lat="48.78265" lon="16.59318"><ele>200</ele></trkpt>
<trkpt lat="48.78268" lon="16.59329"><ele>199</ele></trkpt>
<trkpt lat="48.78276" lon="16.59337"><ele>199</ele></trkpt>
<trkpt lat="48.78301" lon="16.59352"><ele>199</ele></trkpt>
<trkpt lat="48.78305" lon="16.59357"><ele>199</ele></trkpt>
<trkpt lat="48.78794" lon="16.60157"><ele>201</ele></trkpt>
<trkpt lat="48.79089" lon="16.60647"><ele>209</ele></trkpt>
<trkpt lat="48.79617" lon="16.61885"><ele>199</ele></trkpt>
<trkpt lat="48.79687" lon="16.62043"><ele>200</ele></trkpt>
<trkpt lat="48.79806" lon="16.62294"><ele>199</ele></trkpt>
<trkpt lat="48.79905" lon="16.62515"><ele>200</ele></trkpt>
<trkpt lat="48.79961" lon="16.6268"><ele>201</ele></trkpt>
<trkpt lat="48.79988" lon="16.6274"><ele>203</ele></trkpt>
<trkpt lat="48.80052" lon="16.629"><ele>205</ele></trkpt>
<trkpt lat="48.80054" lon="16.62909"><ele>206</ele></trkpt>
<trkpt lat="48.8006" lon="16.62916"><ele>206</ele></trkpt>
<trkpt lat="48.80087" lon="16.62982"><ele>207</ele></trkpt>
<trkpt lat="48.80102" lon="16.63003"><ele>207</ele></trkpt>
<trkpt lat="48.80096" lon="16.631"><ele>209</ele></trkpt>
<trkpt lat="48.80104" lon="16.63121"><ele>209</ele></trkpt>
<trkpt lat="48.80111" lon="16.63131"><ele>209</ele></trkpt>
<trkpt lat="48.8016" lon="16.63181"><ele>211</ele></trkpt>
<trkpt lat="48.80205" lon="16.63221"><ele>212</ele></trkpt>
<trkpt lat="48.8021" lon="16.63226"><ele>212</ele></trkpt>
<trkpt lat="48.80221" lon="16.63242"><ele>212</ele></trkpt>
<trkpt lat="48.80222" lon="16.63255"><ele>212</ele></trkpt>
<trkpt lat="48.80221" lon="16.63264"><ele>212</ele></trkpt>
<trkpt lat="48.80213" lon="16.63306"><ele>213</ele></trkpt>
<trkpt lat="48.80226" lon="16.63343"><ele>213</ele></trkpt>
<trkpt lat="48.80332" lon="16.63503"><ele>217</ele></trkpt>
<trkpt lat="48.80344" lon="16.63486"><ele>217</ele></trkpt>
<trkpt lat="48.80352" lon="16.6348"><ele>217</ele></trkpt>
<trkpt lat="48.80347" lon="16.63467"><ele>218</ele></trkpt>
<trkpt lat="48.80347" lon="16.6345"><ele>218</ele></trkpt>
<trkpt lat="48.80347" lon="16.63449"><ele>218</ele></trkpt>
<trkpt lat="48.80347" lon="16.63467"><ele>218</ele></trkpt>
<trkpt lat="48.80352" lon="16.6348"><ele>219</ele></trkpt>
<trkpt lat="48.80344" lon="16.63486"><ele>219</ele></trkpt>
<trkpt lat="48.80332" lon="16.63503"><ele>219</ele></trkpt>
<trkpt lat="48.80352" lon="16.63532"><ele>220</ele></trkpt>
<trkpt lat="48.80374" lon="16.63559"><ele>221</ele></trkpt>
<trkpt lat="48.80397" lon="16.63585"><ele>221</ele></trkpt>
<trkpt lat="48.80414" lon="16.63601"><ele>221</ele></trkpt>
<trkpt lat="48.80405" lon="16.63625"><ele>222</ele></trkpt>
<trkpt lat="48.80383" lon="16.63691"><ele>222</ele></trkpt>
<trkpt lat="48.803" lon="16.63964"><ele>226</ele></trkpt>
<trkpt lat="48.80264" lon="16.64022"><ele>228</ele></trkpt>
<trkpt lat="48.8025" lon="16.64053"><ele>228</ele></trkpt>
<trkpt lat="48.80194" lon="16.64225"><ele>227</ele></trkpt>
<trkpt lat="48.80189" lon="16.64229"><ele>227</ele></trkpt>
<trkpt lat="48.80171" lon="16.64243"><ele>226</ele></trkpt>
<trkpt lat="48.80126" lon="16.64263"><ele>224</ele></trkpt>
<trkpt lat="48.80097" lon="16.6427"><ele>224</ele></trkpt>
<trkpt lat="48.80074" lon="16.64271"><ele>223</ele></trkpt>
<trkpt lat="48.80013" lon="16.64252"><ele>221</ele></trkpt>
<trkpt lat="48.7981" lon="16.64196"><ele>217</ele></trkpt>
<trkpt lat="48.79633" lon="16.64151"><ele>213</ele></trkpt>
<trkpt lat="48.79084" lon="16.6399"><ele>195</ele></trkpt>
<trkpt lat="48.79081" lon="16.64015"><ele>195</ele></trkpt>
<trkpt lat="48.79037" lon="16.64163"><ele>195</ele></trkpt>
<trkpt lat="48.79021" lon="16.64194"><ele>196</ele></trkpt>
<trkpt lat="48.78994" lon="16.64281"><ele>197</ele></trkpt>
<trkpt lat="48.78628" lon="16.65465"><ele>186</ele></trkpt>
<trkpt lat="48.78623" lon="16.65478"><ele>186</ele></trkpt>
<trkpt lat="48.78622" lon="16.65488"><ele>186</ele></trkpt>
<trkpt lat="48.78622" lon="16.65495"><ele>186</ele></trkpt>
<trkpt lat="48.78619" lon="16.65505"><ele>185</ele></trkpt>
<trkpt lat="48.78608" lon="16.65525"><ele>185</ele></trkpt>
<trkpt lat="48.78552" lon="16.65697"><ele>183</ele></trkpt>
<trkpt lat="48.78539" lon="16.65727"><ele>183</ele></trkpt>
<trkpt lat="48.78275" lon="16.66578"><ele>190</ele></trkpt>
<trkpt lat="48.78218" lon="16.66759"><ele>188</ele></trkpt>
<trkpt lat="48.78124" lon="16.66908"><ele>187</ele></trkpt>
<trkpt lat="48.78043" lon="16.67031"><ele>187</ele></trkpt>
<trkpt lat="48.77964" lon="16.6716"><ele>186</ele></trkpt>
<trkpt lat="48.77947" lon="16.67617"><ele>179</ele></trkpt>
<trkpt lat="48.77945" lon="16.67643"><ele>179</ele></trkpt>
<trkpt lat="48.77533" lon="16.68992"><ele>174</ele></trkpt>
<trkpt lat="48.7746" lon="16.69721"><ele>174</ele></trkpt>
<trkpt lat="48.77453" lon="16.69733"><ele>174</ele></trkpt>
<trkpt lat="48.76623" lon="16.6998"><ele>200</ele></trkpt>
<trkpt lat="48.75949" lon="16.704"><ele>212</ele></trkpt>
<trkpt lat="48.75898" lon="16.70387"><ele>213</ele></trkpt>
<trkpt lat="48.75815" lon="16.70379"><ele>213</ele></trkpt>
<trkpt lat="48.74879" lon="16.70248"><ele>220</ele></trkpt>
<trkpt lat="48.74778" lon="16.70236"><ele>222</ele></trkpt>
<trkpt lat="48.74673" lon="16.70247"><ele>221</ele></trkpt>
<trkpt lat="48.74618" lon="16.70264"><ele>219</ele></trkpt>
<trkpt lat="48.7454" lon="16.70296"><ele>217</ele></trkpt>
<trkpt lat="48.74514" lon="16.70296"><ele>216</ele></trkpt>
<trkpt lat="48.74384" lon="16.70265"><ele>210</ele></trkpt>
<trkpt lat="48.74372" lon="16.70337"><ele>208</ele></trkpt>
<trkpt lat="48.74363" lon="16.70369"><ele>207</ele></trkpt>
<trkpt lat="48.74349" lon="16.70401"><ele>206</ele></trkpt>
<trkpt lat="48.7433" lon="16.70451"><ele>205</ele></trkpt>
<trkpt lat="48.74322" lon="16.70503"><ele>204</ele></trkpt>
<trkpt lat="48.74307" lon="16.70649"><ele>201</ele></trkpt>
<trkpt lat="48.74302" lon="16.70672"><ele>201</ele></trkpt>
<trkpt lat="48.74296" lon="16.70681"><ele>201</ele></trkpt>
<trkpt lat="48.74289" lon="16.70683"><ele>201</ele></trkpt>
<trkpt lat="48.74281" lon="16.70675"><ele>201</ele></trkpt>
<trkpt lat="48.74271" lon="16.70657"><ele>201</ele></trkpt>
<trkpt lat="48.74263" lon="16.7063"><ele>201</ele></trkpt>
<trkpt lat="48.74255" lon="16.70614"><ele>201</ele></trkpt>
<trkpt lat="48.7423" lon="16.70595"><ele>201</ele></trkpt>
<trkpt lat="48.74222" lon="16.7059"><ele>201</ele></trkpt>
<trkpt lat="48.742" lon="16.70584"><ele>201</ele></trkpt>
<trkpt lat="48.74162" lon="16.70578"><ele>201</ele></trkpt>
<trkpt lat="48.74153" lon="16.70583"><ele>201</ele></trkpt>
<trkpt lat="48.74138" lon="16.70711"><ele>201</ele></trkpt>
<trkpt lat="48.7414" lon="16.70755"><ele>201</ele></trkpt>
<trkpt lat="48.74147" lon="16.70794"><ele>201</ele></trkpt>
<trkpt lat="48.74171" lon="16.70879"><ele>201</ele></trkpt>
<trkpt lat="48.7418" lon="16.70931"><ele>201</ele></trkpt>
<trkpt lat="48.74177" lon="16.70973"><ele>201</ele></trkpt>
<trkpt lat="48.74164" lon="16.71035"><ele>201</ele></trkpt>
<trkpt lat="48.7406" lon="16.71421"><ele>206</ele></trkpt>
<trkpt lat="48.7397" lon="16.71787"><ele>217</ele></trkpt>
<trkpt lat="48.73938" lon="16.71906"><ele>222</ele></trkpt>
<trkpt lat="48.73927" lon="16.71994"><ele>224</ele></trkpt>
<trkpt lat="48.73917" lon="16.7217"><ele>228</ele></trkpt>
<trkpt lat="48.73888" lon="16.72513"><ele>240</ele></trkpt>
<trkpt lat="48.73873" lon="16.72766"><ele>247</ele></trkpt>
<trkpt lat="48.73876" lon="16.72802"><ele>247</ele></trkpt>
<trkpt lat="48.73895" lon="16.72893"><ele>249</ele></trkpt>
<trkpt lat="48.73903" lon="16.72956"><ele>250</ele></trkpt>
<trkpt lat="48.73909" lon="16.73064"><ele>252</ele></trkpt>
<trkpt lat="48.73911" lon="16.73127"><ele>253</ele></trkpt>
<trkpt lat="48.73908" lon="16.73164"><ele>254</ele></trkpt>
<trkpt lat="48.73903" lon="16.73204"><ele>254</ele></trkpt>
<trkpt lat="48.73896" lon="16.73246"><ele>255</ele></trkpt>
<trkpt lat="48.73883" lon="16.73305"><ele>255</ele></trkpt>
<trkpt lat="48.73879" lon="16.73331"><ele>255</ele></trkpt>
<trkpt lat="48.73877" lon="16.73359"><ele>256</ele></trkpt>
<trkpt lat="48.7388" lon="16.7339"><ele>256</ele></trkpt>
<trkpt lat="48.73904" lon="16.73526"><ele>257</ele></trkpt>
<trkpt lat="48.73913" lon="16.73557"><ele>257</ele></trkpt>
<trkpt lat="48.73922" lon="16.7358"><ele>256</ele></trkpt>
<trkpt lat="48.73949" lon="16.73629"><ele>253</ele></trkpt>
<trkpt lat="48.74042" lon="16.73782"><ele>244</ele></trkpt>
<trkpt lat="48.741" lon="16.7387"><ele>238</ele></trkpt>
<trkpt lat="48.74178" lon="16.7401"><ele>229</ele></trkpt>
<trkpt lat="48.74189" lon="16.74044"><ele>227</ele></trkpt>
<trkpt lat="48.74191" lon="16.74071"><ele>226</ele></trkpt>
<trkpt lat="48.74177" lon="16.7434"><ele>217</ele></trkpt>
<trkpt lat="48.74175" lon="16.74436"><ele>214</ele></trkpt>
<trkpt lat="48.74164" lon="16.74488"><ele>213</ele></trkpt>
<trkpt lat="48.74139" lon="16.74622"><ele>209</ele></trkpt>
<trkpt lat="48.74136" lon="16.74665"><ele>207</ele></trkpt>
<trkpt lat="48.7412" lon="16.74695"><ele>206</ele></trkpt>
<trkpt lat="48.73993" lon="16.74867"><ele>199</ele></trkpt>
<trkpt lat="48.73977" lon="16.7489"><ele>198</ele></trkpt>
<trkpt lat="48.73966" lon="16.74914"><ele>197</ele></trkpt>
<trkpt lat="48.73962" lon="16.74941"><ele>197</ele></trkpt>
<trkpt lat="48.73939" lon="16.75027"><ele>195</ele></trkpt>
<trkpt lat="48.73879" lon="16.7512"><ele>194</ele></trkpt>
<trkpt lat="48.73883" lon="16.75139"><ele>194</ele></trkpt>
<trkpt lat="48.73896" lon="16.75172"><ele>193</ele></trkpt>
<trkpt lat="48.73934" lon="16.75275"><ele>193</ele></trkpt>
<trkpt lat="48.73954" lon="16.75309"><ele>193</ele></trkpt>
<trkpt lat="48.73995" lon="16.7536"><ele>193</ele></trkpt>
<trkpt lat="48.74013" lon="16.75385"><ele>193</ele></trkpt>
<trkpt lat="48.74023" lon="16.75403"><ele>193</ele></trkpt>
<trkpt lat="48.74074" lon="16.75486"><ele>193</ele></trkpt>
<trkpt lat="48.74131" lon="16.75557"><ele>191</ele></trkpt>
<trkpt lat="48.74131" lon="16.75557"><ele>191</ele></trkpt>
<trkpt lat="48.74149" lon="16.75584"><ele>191</ele></trkpt>
<trkpt lat="48.74171" lon="16.75624"><ele>190</ele></trkpt>
<trkpt lat="48.7418" lon="16.75637"><ele>190</ele></trkpt>
<trkpt lat="48.74194" lon="16.75647"><ele>189</ele></trkpt>
<trkpt lat="48.74223" lon="16.75659"><ele>189</ele></trkpt>
<trkpt lat="48.74255" lon="16.75695"><ele>189</ele></trkpt>
<trkpt lat="48.74316" lon="16.75814"><ele>190</ele></trkpt>
<trkpt lat="48.74337" lon="16.75836"><ele>190</ele></trkpt>
<trkpt lat="48.74487" lon="16.75961"><ele>193</ele></trkpt>
<trkpt lat="48.74517" lon="16.75986"><ele>194</ele></trkpt>
<trkpt lat="48.74725" lon="16.76148"><ele>197</ele></trkpt>
<trkpt lat="48.7488" lon="16.76272"><ele>203</ele></trkpt>
<trkpt lat="48.74909" lon="16.76296"><ele>204</ele></trkpt>
<trkpt lat="48.77357" lon="16.78242"><ele>183</ele></trkpt>
<trkpt lat="48.77361" lon="16.78244"><ele>183</ele></trkpt>
<trkpt lat="48.77695" lon="16.78509"><ele>179</ele></trkpt>
<trkpt lat="48.77972" lon="16.78732"><ele>171</ele></trkpt>
<trkpt lat="48.78706" lon="16.79311"><ele>186</ele></trkpt>
<trkpt lat="48.79041" lon="16.79577"><ele>182</ele></trkpt>
<trkpt lat="48.79429" lon="16.79891"><ele>173</ele></trkpt>
<trkpt lat="48.79533" lon="16.79971"><ele>174</ele></trkpt>
<trkpt lat="48.79572" lon="16.8"><ele>174</ele></trkpt>
<trkpt lat="48.79596" lon="16.80011"><ele>174</ele></trkpt>
<trkpt lat="48.79616" lon="16.80015"><ele>174</ele></trkpt>
<trkpt lat="48.79627" lon="16.80014"><ele>174</ele></trkpt>
<trkpt lat="48.79653" lon="16.80005"><ele>174</ele></trkpt>
<trkpt lat="48.79719" lon="16.79974"><ele>174</ele></trkpt>
<trkpt lat="48.7974" lon="16.79966"><ele>174</ele></trkpt>
<trkpt lat="48.79781" lon="16.79961"><ele>174</ele></trkpt>
<trkpt lat="48.79806" lon="16.79964"><ele>174</ele></trkpt>
<trkpt lat="48.79831" lon="16.79974"><ele>174</ele></trkpt>
<trkpt lat="48.79843" lon="16.7998"><ele>174</ele></trkpt>
<trkpt lat="48.79878" lon="16.80007"><ele>174</ele></trkpt>
<trkpt lat="48.79881" lon="16.8"><ele>174</ele></trkpt>
<trkpt lat="48.79886" lon="16.80005"><ele>174</ele></trkpt>
<trkpt lat="48.79917" lon="16.79955"><ele>173</ele></trkpt>
<trkpt lat="48.79929" lon="16.79932"><ele>173</ele></trkpt>
<trkpt lat="48.79951" lon="16.79876"><ele>173</ele></trkpt>
<trkpt lat="48.79963" lon="16.79834"><ele>172</ele></trkpt>
<trkpt lat="48.79979" lon="16.79762"><ele>172</ele></trkpt>
<trkpt lat="48.79983" lon="16.79753"><ele>172</ele></trkpt>
<trkpt lat="48.79975" lon="16.79733"><ele>172</ele></trkpt>
<trkpt lat="48.7996" lon="16.79684"><ele>171</ele></trkpt>
<trkpt lat="48.79936" lon="16.79574"><ele>170</ele></trkpt>
<trkpt lat="48.79928" lon="16.79518"><ele>170</ele></trkpt>
<trkpt lat="48.79928" lon="16.79486"><ele>170</ele></trkpt>
<trkpt lat="48.79936" lon="16.79363"><ele>169</ele></trkpt>
<trkpt lat="48.79936" lon="16.79342"><ele>169</ele></trkpt>
<trkpt lat="48.79932" lon="16.79322"><ele>169</ele></trkpt>
<trkpt lat="48.79976" lon="16.7921"><ele>171</ele></trkpt>
<trkpt lat="48.80224" lon="16.78354"><ele>169</ele></trkpt>
<trkpt lat="48.80289" lon="16.78147"><ele>169</ele></trkpt>
<trkpt lat="48.80306" lon="16.78116"><ele>169</ele></trkpt>
<trkpt lat="48.80338" lon="16.78088"><ele>169</ele></trkpt>
<trkpt lat="48.80358" lon="16.78055"><ele>169</ele></trkpt>
<trkpt lat="48.80491" lon="16.77766"><ele>169</ele></trkpt>
<trkpt lat="48.80744" lon="16.77423"><ele>169</ele></trkpt>
<trkpt lat="48.80824" lon="16.773"><ele>171</ele></trkpt>
<trkpt lat="48.81005" lon="16.76963"><ele>177</ele></trkpt>
<trkpt lat="48.81106" lon="16.76925"><ele>176</ele></trkpt>
<trkpt lat="48.81125" lon="16.7691"><ele>176</ele></trkpt>
<trkpt lat="48.81393" lon="16.7655"><ele>172</ele></trkpt>
<trkpt lat="48.81466" lon="16.76422"><ele>170</ele></trkpt>
<trkpt lat="48.81506" lon="16.76315"><ele>169</ele></trkpt>
<trkpt lat="48.81535" lon="16.76262"><ele>168</ele></trkpt>
<trkpt lat="48.81709" lon="16.76049"><ele>168</ele></trkpt>
<trkpt lat="48.81765" lon="16.76013"><ele>170</ele></trkpt>
<trkpt lat="48.81881" lon="16.7591"><ele>173</ele></trkpt>
<trkpt lat="48.82126" lon="16.75598"><ele>173</ele></trkpt>
<trkpt lat="48.826" lon="16.752"><ele>172</ele></trkpt>
<trkpt lat="48.82684" lon="16.75104"><ele>172</ele></trkpt>
<trkpt lat="48.82786" lon="16.74978"><ele>171</ele></trkpt>
<trkpt lat="48.82808" lon="16.74957"><ele>170</ele></trkpt>
<trkpt lat="48.82832" lon="16.74981"><ele>170</ele></trkpt>
<trkpt lat="48.82871" lon="16.74937"><ele>170</ele></trkpt>
<trkpt lat="48.82955" lon="16.7488"><ele>170</ele></trkpt>
<trkpt lat="48.82982" lon="16.74872"><ele>170</ele></trkpt>
<trkpt lat="48.83009" lon="16.74893"><ele>170</ele></trkpt>
<trkpt lat="48.83055" lon="16.74941"><ele>170</ele></trkpt>
<trkpt lat="48.83093" lon="16.74995"><ele>170</ele></trkpt>
<trkpt lat="48.83146" lon="16.74913"><ele>170</ele></trkpt>
<trkpt lat="48.83158" lon="16.74874"><ele>170</ele></trkpt>
<trkpt lat="48.83163" lon="16.74842"><ele>171</ele></trkpt>
<trkpt lat="48.83185" lon="16.74747"><ele>172</ele></trkpt>
<trkpt lat="48.83193" lon="16.74722"><ele>173</ele></trkpt>
<trkpt lat="48.83203" lon="16.74695"><ele>173</ele></trkpt>
<trkpt lat="48.83215" lon="16.74673"><ele>174</ele></trkpt>
<trkpt lat="48.83229" lon="16.74651"><ele>174</ele></trkpt>
<trkpt lat="48.83315" lon="16.74564"><ele>177</ele></trkpt>
<trkpt lat="48.83354" lon="16.74516"><ele>178</ele></trkpt>
<trkpt lat="48.83399" lon="16.74448"><ele>180</ele></trkpt>
<trkpt lat="48.83428" lon="16.74401"><ele>180</ele></trkpt>
<trkpt lat="48.83438" lon="16.74381"><ele>180</ele></trkpt>
<trkpt lat="48.83462" lon="16.74323"><ele>178</ele></trkpt>
<trkpt lat="48.83474" lon="16.74303"><ele>177</ele></trkpt>
<trkpt lat="48.8352" lon="16.74241"><ele>175</ele></trkpt>
<trkpt lat="48.83528" lon="16.74233"><ele>174</ele></trkpt>
<trkpt lat="48.83568" lon="16.74213"><ele>173</ele></trkpt>
<trkpt lat="48.83593" lon="16.7419"><ele>172</ele></trkpt>
<trkpt lat="48.83605" lon="16.74171"><ele>172</ele></trkpt>
<trkpt lat="48.83626" lon="16.74122"><ele>175</ele></trkpt>
<trkpt lat="48.83637" lon="16.74107"><ele>175</ele></trkpt>
<trkpt lat="48.83647" lon="16.74098"><ele>176</ele></trkpt>
<trkpt lat="48.83662" lon="16.74088"><ele>177</ele></trkpt>
<trkpt lat="48.83678" lon="16.74082"><ele>178</ele></trkpt>
<trkpt lat="48.83709" lon="16.74077"><ele>179</ele></trkpt>
<trkpt lat="48.83724" lon="16.7407"><ele>180</ele></trkpt>
<trkpt lat="48.83733" lon="16.74064"><ele>181</ele></trkpt>
<trkpt lat="48.83745" lon="16.74051"><ele>182</ele></trkpt>
<trkpt lat="48.83752" lon="16.74039"><ele>182</ele></trkpt>
<trkpt lat="48.83791" lon="16.7395"><ele>185</ele></trkpt>
<trkpt lat="48.83842" lon="16.73815"><ele>188</ele></trkpt>
<trkpt lat="48.83876" lon="16.73743"><ele>190</ele></trkpt>
<trkpt lat="48.84007" lon="16.73541"><ele>189</ele></trkpt>
<trkpt lat="48.84026" lon="16.73506"><ele>189</ele></trkpt>
<trkpt lat="48.84068" lon="16.73416"><ele>189</ele></trkpt>
<trkpt lat="48.84094" lon="16.73378"><ele>189</ele></trkpt>
<trkpt lat="48.84115" lon="16.73345"><ele>190</ele></trkpt>
<trkpt lat="48.84127" lon="16.73321"><ele>190</ele></trkpt>
<trkpt lat="48.84163" lon="16.73227"><ele>190</ele></trkpt>
<trkpt lat="48.84173" lon="16.73191"><ele>189</ele></trkpt>
<trkpt lat="48.84178" lon="16.73158"><ele>188</ele></trkpt>
<trkpt lat="48.84182" lon="16.73118"><ele>186</ele></trkpt>
<trkpt lat="48.84191" lon="16.73081"><ele>184</ele></trkpt>
<trkpt lat="48.84202" lon="16.73058"><ele>182</ele></trkpt>
<trkpt lat="48.84241" lon="16.72992"><ele>178</ele></trkpt>
<trkpt lat="48.84255" lon="16.72957"><ele>176</ele></trkpt>
<trkpt lat="48.84268" lon="16.72911"><ele>175</ele></trkpt>
<trkpt lat="48.84279" lon="16.72864"><ele>175</ele></trkpt>
<trkpt lat="48.8429" lon="16.7279"><ele>176</ele></trkpt>
<trkpt lat="48.84298" lon="16.7272"><ele>176</ele></trkpt>
<trkpt lat="48.84306" lon="16.72676"><ele>177</ele></trkpt>
<trkpt lat="48.84355" lon="16.72439"><ele>176</ele></trkpt>
<trkpt lat="48.8438" lon="16.72369"><ele>175</ele></trkpt>
<trkpt lat="48.84408" lon="16.72275"><ele>174</ele></trkpt>
<trkpt lat="48.8442" lon="16.72246"><ele>174</ele></trkpt>
<trkpt lat="48.84449" lon="16.72184"><ele>173</ele></trkpt>
<trkpt lat="48.84603" lon="16.71902"><ele>171</ele></trkpt>
<trkpt lat="48.84613" lon="16.71865"><ele>172</ele></trkpt>
<trkpt lat="48.84617" lon="16.7184"><ele>172</ele></trkpt>
<trkpt lat="48.84618" lon="16.71809"><ele>173</ele></trkpt>
<trkpt lat="48.84617" lon="16.71731"><ele>173</ele></trkpt>
<trkpt lat="48.84623" lon="16.71675"><ele>174</ele></trkpt>
<trkpt lat="48.84636" lon="16.71615"><ele>176</ele></trkpt>
<trkpt lat="48.84664" lon="16.71544"><ele>177</ele></trkpt>
<trkpt lat="48.847" lon="16.71459"><ele>179</ele></trkpt>
<trkpt lat="48.8485" lon="16.71148"><ele>176</ele></trkpt>
<trkpt lat="48.84866" lon="16.7112"><ele>176</ele></trkpt>
<trkpt lat="48.84884" lon="16.71095"><ele>176</ele></trkpt>
<trkpt lat="48.84914" lon="16.71064"><ele>175</ele></trkpt>
<trkpt lat="48.84971" lon="16.71013"><ele>174</ele></trkpt>
<trkpt lat="48.85085" lon="16.70941"><ele>172</ele></trkpt>
<trkpt lat="48.85114" lon="16.70911"><ele>170</ele></trkpt>
<trkpt lat="48.8521" lon="16.70786"><ele>167</ele></trkpt>
<trkpt lat="48.85222" lon="16.70768"><ele>167</ele></trkpt>
<trkpt lat="48.85249" lon="16.70718"><ele>168</ele></trkpt>
<trkpt lat="48.85262" lon="16.707"><ele>168</ele></trkpt>
<trkpt lat="48.85261" lon="16.70677"><ele>169</ele></trkpt>
<trkpt lat="48.85263" lon="16.70646"><ele>169</ele></trkpt>
<trkpt lat="48.85293" lon="16.70497"><ele>171</ele></trkpt>
<trkpt lat="48.853" lon="16.7044"><ele>172</ele></trkpt>
<trkpt lat="48.85303" lon="16.70372"><ele>172</ele></trkpt>
<trkpt lat="48.85305" lon="16.70269"><ele>173</ele></trkpt>
<trkpt lat="48.85304" lon="16.70183"><ele>173</ele></trkpt>
<trkpt lat="48.85306" lon="16.70162"><ele>173</ele></trkpt>
<trkpt lat="48.85318" lon="16.7011"><ele>173</ele></trkpt>
<trkpt lat="48.85342" lon="16.69981"><ele>172</ele></trkpt>
<trkpt lat="48.85355" lon="16.69923"><ele>172</ele></trkpt>
<trkpt lat="48.85363" lon="16.69902"><ele>172</ele></trkpt>
<trkpt lat="48.85371" lon="16.69885"><ele>172</ele></trkpt>
<trkpt lat="48.85398" lon="16.69853"><ele>171</ele></trkpt>
<trkpt lat="48.85425" lon="16.69837"><ele>171</ele></trkpt>
<trkpt lat="48.85454" lon="16.69832"><ele>171</ele></trkpt>
<trkpt lat="48.85477" lon="16.69839"><ele>171</ele></trkpt>
<trkpt lat="48.85631" lon="16.69897"><ele>169</ele></trkpt>
<trkpt lat="48.85846" lon="16.69984"><ele>166</ele></trkpt>
<trkpt lat="48.85865" lon="16.69985"><ele>166</ele></trkpt>
<trkpt lat="48.85888" lon="16.69973"><ele>166</ele></trkpt>
<trkpt lat="48.8593" lon="16.69932"><ele>166</ele></trkpt>
<trkpt lat="48.85998" lon="16.69845"><ele>166</ele></trkpt>
<trkpt lat="48.86078" lon="16.69724"><ele>167</ele></trkpt>
<trkpt lat="48.86156" lon="16.69596"><ele>169</ele></trkpt>
<trkpt lat="48.86305" lon="16.69308"><ele>169</ele></trkpt>
<trkpt lat="48.86711" lon="16.68635"><ele>174</ele></trkpt>
<trkpt lat="48.86783" lon="16.68523"><ele>173</ele></trkpt>
<trkpt lat="48.86797" lon="16.68512"><ele>173</ele></trkpt>
<trkpt lat="48.86812" lon="16.68503"><ele>173</ele></trkpt>
<trkpt lat="48.86991" lon="16.68425"><ele>171</ele></trkpt>
<trkpt lat="48.87133" lon="16.68369"><ele>171</ele></trkpt>
<trkpt lat="48.87193" lon="16.68323"><ele>172</ele></trkpt>
<trkpt lat="48.87239" lon="16.68262"><ele>172</ele></trkpt>
<trkpt lat="48.8733" lon="16.68166"><ele>173</ele></trkpt>
<trkpt lat="48.87357" lon="16.68149"><ele>174</ele></trkpt>
<trkpt lat="48.87391" lon="16.68136"><ele>174</ele></trkpt>
<trkpt lat="48.87486" lon="16.68051"><ele>176</ele></trkpt>
<trkpt lat="48.87604" lon="16.67972"><ele>176</ele></trkpt>
<trkpt lat="48.87627" lon="16.67955"><ele>176</ele></trkpt>
<trkpt lat="48.87644" lon="16.67938"><ele>175</ele></trkpt>
<trkpt lat="48.87801" lon="16.67769"><ele>175</ele></trkpt>
<trkpt lat="48.87824" lon="16.67735"><ele>175</ele></trkpt>
<trkpt lat="48.87872" lon="16.67634"><ele>175</ele></trkpt>
<trkpt lat="48.87941" lon="16.67457"><ele>176</ele></trkpt>
<trkpt lat="48.87958" lon="16.67422"><ele>176</ele></trkpt>
<trkpt lat="48.87989" lon="16.67377"><ele>176</ele></trkpt>
<trkpt lat="48.88014" lon="16.67347"><ele>177</ele></trkpt>
<trkpt lat="48.88064" lon="16.67298"><ele>179</ele></trkpt>
<trkpt lat="48.88103" lon="16.67255"><ele>180</ele></trkpt>
<trkpt lat="48.88184" lon="16.67146"><ele>183</ele></trkpt>
<trkpt lat="48.88266" lon="16.67046"><ele>180</ele></trkpt>
<trkpt lat="48.88287" lon="16.67002"><ele>178</ele></trkpt>
<trkpt lat="48.88354" lon="16.66701"><ele>177</ele></trkpt>
<trkpt lat="48.88383" lon="16.66591"><ele>177</ele></trkpt>
<trkpt lat="48.88414" lon="16.66507"><ele>179</ele></trkpt>
<trkpt lat="48.88456" lon="16.66416"><ele>182</ele></trkpt>
<trkpt lat="48.88502" lon="16.66324"><ele>185</ele></trkpt>
<trkpt lat="48.88526" lon="16.66271"><ele>186</ele></trkpt>
<trkpt lat="48.88581" lon="16.66104"><ele>186</ele></trkpt>
<trkpt lat="48.8861" lon="16.66007"><ele>186</ele></trkpt>
<trkpt lat="48.88616" lon="16.6597"><ele>186</ele></trkpt>
<trkpt lat="48.88615" lon="16.65832"><ele>181</ele></trkpt>
<trkpt lat="48.88636" lon="16.65736"><ele>178</ele></trkpt>
<trkpt lat="48.88639" lon="16.65704"><ele>177</ele></trkpt>
<trkpt lat="48.88636" lon="16.65624"><ele>176</ele></trkpt>
<trkpt lat="48.8864" lon="16.65605"><ele>175</ele></trkpt>
<trkpt lat="48.88648" lon="16.65585"><ele>175</ele></trkpt>
<trkpt lat="48.88675" lon="16.65536"><ele>173</ele></trkpt>
<trkpt lat="48.88705" lon="16.65463"><ele>171</ele></trkpt>
<trkpt lat="48.88724" lon="16.65407"><ele>170</ele></trkpt>
<trkpt lat="48.88729" lon="16.65389"><ele>170</ele></trkpt>
<trkpt lat="48.88755" lon="16.65266"><ele>170</ele></trkpt>
<trkpt lat="48.8878" lon="16.65202"><ele>171</ele></trkpt>
<trkpt lat="48.88785" lon="16.65174"><ele>171</ele></trkpt>
<trkpt lat="48.88786" lon="16.6516"><ele>171</ele></trkpt>
<trkpt lat="48.88783" lon="16.65097"><ele>171</ele></trkpt>
<trkpt lat="48.88788" lon="16.64986"><ele>171</ele></trkpt>
<trkpt lat="48.88787" lon="16.64907"><ele>170</ele></trkpt>
<trkpt lat="48.88788" lon="16.64866"><ele>169</ele></trkpt>
<trkpt lat="48.88801" lon="16.6471"><ele>167</ele></trkpt>
<trkpt lat="48.888" lon="16.64665"><ele>167</ele></trkpt>
<trkpt lat="48.88803" lon="16.64629"><ele>167</ele></trkpt>
<trkpt lat="48.8882" lon="16.64568"><ele>167</ele></trkpt>
<trkpt lat="48.88825" lon="16.64548"><ele>167</ele></trkpt>
<trkpt lat="48.88827" lon="16.64519"><ele>167</ele></trkpt>
<trkpt lat="48.88823" lon="16.64469"><ele>167</ele></trkpt>
<trkpt lat="48.88824" lon="16.64455"><ele>167</ele></trkpt>
<trkpt lat="48.88826" lon="16.64439"><ele>167</ele></trkpt>
<trkpt lat="48.88839" lon="16.64375"><ele>166</ele></trkpt>
<trkpt lat="48.88843" lon="16.6438"><ele>166</ele></trkpt>
<trkpt lat="48.88852" lon="16.64385"><ele>166</ele></trkpt>
<trkpt lat="48.8887" lon="16.64384"><ele>166</ele></trkpt>
<trkpt lat="48.88882" lon="16.64379"><ele>166</ele></trkpt>
<trkpt lat="48.88914" lon="16.64356"><ele>166</ele></trkpt>
<trkpt lat="48.88963" lon="16.64325"><ele>166</ele></trkpt>
<trkpt lat="48.89047" lon="16.64277"><ele>165</ele></trkpt>
<trkpt lat="48.89057" lon="16.64273"><ele>165</ele></trkpt>
<trkpt lat="48.89078" lon="16.64269"><ele>165</ele></trkpt>
<trkpt lat="48.89097" lon="16.6427"><ele>165</ele></trkpt>
<trkpt lat="48.89127" lon="16.64288"><ele>165</ele></trkpt>
<trkpt lat="48.89175" lon="16.64345"><ele>164</ele></trkpt>
<trkpt lat="48.89206" lon="16.64374"><ele>164</ele></trkpt>
<trkpt lat="48.89234" lon="16.64392"><ele>164</ele></trkpt>
<trkpt lat="48.89265" lon="16.64408"><ele>164</ele></trkpt>
<trkpt lat="48.89312" lon="16.64427"><ele>164</ele></trkpt>
<trkpt lat="48.89329" lon="16.64431"><ele>164</ele></trkpt>
<trkpt lat="48.89365" lon="16.64435"><ele>164</ele></trkpt>
<trkpt lat="48.8943" lon="16.6443"><ele>164</ele></trkpt>
<trkpt lat="48.89782" lon="16.6433"><ele>166</ele></trkpt>
<trkpt lat="48.8985" lon="16.64315"><ele>166</ele></trkpt>
<trkpt lat="48.8992" lon="16.64309"><ele>166</ele></trkpt>
<trkpt lat="48.89945" lon="16.6431"><ele>166</ele></trkpt>
<trkpt lat="48.89984" lon="16.64317"><ele>166</ele></trkpt>
<trkpt lat="48.90019" lon="16.64332"><ele>166</ele></trkpt>
<trkpt lat="48.90052" lon="16.6435"><ele>166</ele></trkpt>
<trkpt lat="48.90088" lon="16.64378"><ele>166</ele></trkpt>
<trkpt lat="48.90124" lon="16.64417"><ele>166</ele></trkpt>
<trkpt lat="48.90141" lon="16.64441"><ele>166</ele></trkpt>
<trkpt lat="48.90162" lon="16.64479"><ele>166</ele></trkpt>
<trkpt lat="48.90177" lon="16.64512"><ele>166</ele></trkpt>
<trkpt lat="48.90188" lon="16.6454"><ele>166</ele></trkpt>
<trkpt lat="48.90203" lon="16.64603"><ele>166</ele></trkpt>
<trkpt lat="48.90209" lon="16.64642"><ele>166</ele></trkpt>
<trkpt lat="48.90214" lon="16.64701"><ele>167</ele></trkpt>
<trkpt lat="48.90214" lon="16.64738"><ele>167</ele></trkpt>
<trkpt lat="48.90211" lon="16.64844"><ele>167</ele></trkpt>
<trkpt lat="48.90213" lon="16.64866"><ele>167</ele></trkpt>
<trkpt lat="48.90219" lon="16.64891"><ele>167</ele></trkpt>
<trkpt lat="48.9023" lon="16.64923"><ele>167</ele></trkpt>
<trkpt lat="48.90243" lon="16.64942"><ele>167</ele></trkpt>
<trkpt lat="48.90259" lon="16.64956"><ele>167</ele></trkpt>
<trkpt lat="48.9035" lon="16.65011"><ele>167</ele></trkpt>
<trkpt lat="48.90352" lon="16.64981"><ele>167</ele></trkpt>
<trkpt lat="48.90351" lon="16.64918"><ele>167</ele></trkpt>
<trkpt lat="48.90364" lon="16.64906"><ele>167</ele></trkpt>
<trkpt lat="48.904" lon="16.64914"><ele>167</ele></trkpt>
<trkpt lat="48.90464" lon="16.64903"><ele>168</ele></trkpt>
<trkpt lat="48.90652" lon="16.64911"><ele>171</ele></trkpt>
<trkpt lat="48.90674" lon="16.64906"><ele>171</ele></trkpt>
<trkpt lat="48.90661" lon="16.64939"><ele>171</ele></trkpt>
<trkpt lat="48.90654" lon="16.64976"><ele>172</ele></trkpt>
<trkpt lat="48.90653" lon="16.65029"><ele>172</ele></trkpt>
<trkpt lat="48.9073" lon="16.64929"><ele>174</ele></trkpt>
<trkpt lat="48.90792" lon="16.64871"><ele>174</ele></trkpt>
<trkpt lat="48.90806" lon="16.64841"><ele>174</ele></trkpt>
<trkpt lat="48.9081" lon="16.64824"><ele>175</ele></trkpt>
<trkpt lat="48.90812" lon="16.6481"><ele>175</ele></trkpt>
<trkpt lat="48.90825" lon="16.64768"><ele>175</ele></trkpt>
<trkpt lat="48.90862" lon="16.64716"><ele>175</ele></trkpt>
<trkpt lat="48.90905" lon="16.64648"><ele>177</ele></trkpt>
<trkpt lat="48.90959" lon="16.64584"><ele>179</ele></trkpt>
<trkpt lat="48.9098" lon="16.64537"><ele>180</ele></trkpt>
<trkpt lat="48.91005" lon="16.64467"><ele>182</ele></trkpt>
<trkpt lat="48.91032" lon="16.64418"><ele>184</ele></trkpt>
<trkpt lat="48.91126" lon="16.643"><ele>191</ele></trkpt>
<trkpt lat="48.91203" lon="16.64188"><ele>195</ele></trkpt>
<trkpt lat="48.91315" lon="16.64063"><ele>199</ele></trkpt>
<trkpt lat="48.91422" lon="16.6397"><ele>202</ele></trkpt>
<trkpt lat="48.91505" lon="16.63893"><ele>204</ele></trkpt>
<trkpt lat="48.91551" lon="16.63862"><ele>205</ele></trkpt>
<trkpt lat="48.91747" lon="16.63778"><ele>208</ele></trkpt>
<trkpt lat="48.91875" lon="16.63709"><ele>209</ele></trkpt>
<trkpt lat="48.9196" lon="16.63682"><ele>209</ele></trkpt>
<trkpt lat="48.92183" lon="16.63641"><ele>211</ele></trkpt>
<trkpt lat="48.92358" lon="16.63587"><ele>212</ele></trkpt>
<trkpt lat="48.9261" lon="16.63515"><ele>209</ele></trkpt>
<trkpt lat="48.92704" lon="16.63494"><ele>207</ele></trkpt>
<trkpt lat="48.92738" lon="16.63472"><ele>207</ele></trkpt>
<trkpt lat="48.92755" lon="16.63435"><ele>207</ele></trkpt>
<trkpt lat="48.92848" lon="16.63096"><ele>202</ele></trkpt>
<trkpt lat="48.92896" lon="16.62963"><ele>200</ele></trkpt>
<trkpt lat="48.92949" lon="16.62782"><ele>195</ele></trkpt>
<trkpt lat="48.92953" lon="16.62763"><ele>195</ele></trkpt>
<trkpt lat="48.9298" lon="16.62594"><ele>191</ele></trkpt>
<trkpt lat="48.92983" lon="16.62584"><ele>190</ele></trkpt>
<trkpt lat="48.92989" lon="16.62576"><ele>190</ele></trkpt>
<trkpt lat="48.92996" lon="16.6257"><ele>190</ele></trkpt>
<trkpt lat="48.93006" lon="16.62565"><ele>189</ele></trkpt>
<trkpt lat="48.93094" lon="16.62567"><ele>186</ele></trkpt>
<trkpt lat="48.93165" lon="16.62548"><ele>183</ele></trkpt>
<trkpt lat="48.93191" lon="16.62549"><ele>183</ele></trkpt>
<trkpt lat="48.93255" lon="16.62636"><ele>179</ele></trkpt>
<trkpt lat="48.93336" lon="16.62528"><ele>176</ele></trkpt>
<trkpt lat="48.93378" lon="16.62496"><ele>175</ele></trkpt>
<trkpt lat="48.93428" lon="16.6249"><ele>174</ele></trkpt>
<trkpt lat="48.93501" lon="16.62508"><ele>172</ele></trkpt>
<trkpt lat="48.9354" lon="16.62534"><ele>172</ele></trkpt>
<trkpt lat="48.93584" lon="16.62574"><ele>172</ele></trkpt>
<trkpt lat="48.93617" lon="16.62608"><ele>172</ele></trkpt>
<trkpt lat="48.93751" lon="16.62714"><ele>172</ele></trkpt>
<trkpt lat="48.9385" lon="16.62831"><ele>172</ele></trkpt>
<trkpt lat="48.93883" lon="16.62863"><ele>172</ele></trkpt>
<trkpt lat="48.93941" lon="16.62894"><ele>174</ele></trkpt>
<trkpt lat="48.93959" lon="16.62918"><ele>175</ele></trkpt>
<trkpt lat="48.94104" lon="16.63136"><ele>179</ele></trkpt>
<trkpt lat="48.94131" lon="16.6319"><ele>179</ele></trkpt>
<trkpt lat="48.94618" lon="16.62642"><ele>178</ele></trkpt>
<trkpt lat="48.94683" lon="16.62546"><ele>174</ele></trkpt>
<trkpt lat="48.94769" lon="16.62451"><ele>171</ele></trkpt>
<trkpt lat="48.94792" lon="16.62413"><ele>171</ele></trkpt>
<trkpt lat="48.94804" lon="16.62387"><ele>171</ele></trkpt>
<trkpt lat="48.94812" lon="16.62361"><ele>171</ele></trkpt>
<trkpt lat="48.94815" lon="16.62337"><ele>171</ele></trkpt>
<trkpt lat="48.94815" lon="16.62318"><ele>171</ele></trkpt>
<trkpt lat="48.94809" lon="16.62292"><ele>171</ele></trkpt>
<trkpt lat="48.94808" lon="16.62271"><ele>171</ele></trkpt>
<trkpt lat="48.94809" lon="16.62255"><ele>171</ele></trkpt>
<trkpt lat="48.94818" lon="16.62237"><ele>171</ele></trkpt>
<trkpt lat="48.94864" lon="16.6217"><ele>171</ele></trkpt>
<trkpt lat="48.94946" lon="16.61927"><ele>171</ele></trkpt>
<trkpt lat="48.94956" lon="16.61906"><ele>172</ele></trkpt>
<trkpt lat="48.95013" lon="16.61857"><ele>175</ele></trkpt>
<trkpt lat="48.95206" lon="16.61702"><ele>182</ele></trkpt>
<trkpt lat="48.95231" lon="16.61679"><ele>182</ele></trkpt>
<trkpt lat="48.95358" lon="16.61538"><ele>182</ele></trkpt>
<trkpt lat="48.955" lon="16.61305"><ele>178</ele></trkpt>
<trkpt lat="48.95578" lon="16.61229"><ele>175</ele></trkpt>
<trkpt lat="48.95635" lon="16.61198"><ele>173</ele></trkpt>
<trkpt lat="48.95678" lon="16.61163"><ele>172</ele></trkpt>
<trkpt lat="48.95721" lon="16.61118"><ele>172</ele></trkpt>
<trkpt lat="48.95755" lon="16.61075"><ele>171</ele></trkpt>
<trkpt lat="48.95923" lon="16.60892"><ele>170</ele></trkpt>
<trkpt lat="48.95982" lon="16.60818"><ele>170</ele></trkpt>
<trkpt lat="48.95998" lon="16.60791"><ele>170</ele></trkpt>
<trkpt lat="48.96112" lon="16.60534"><ele>170</ele></trkpt>
<trkpt lat="48.96131" lon="16.60498"><ele>170</ele></trkpt>
<trkpt lat="48.96142" lon="16.60494"><ele>171</ele></trkpt>
<trkpt lat="48.96152" lon="16.60494"><ele>171</ele></trkpt>
<trkpt lat="48.96157" lon="16.60497"><ele>171</ele></trkpt>
<trkpt lat="48.96197" lon="16.60594"><ele>172</ele></trkpt>
<trkpt lat="48.9622" lon="16.60666"><ele>173</ele></trkpt>
<trkpt lat="48.96333" lon="16.60582"><ele>174</ele></trkpt>
<trkpt lat="48.9636" lon="16.60579"><ele>174</ele></trkpt>
<trkpt lat="48.96361" lon="16.60564"><ele>174</ele></trkpt>
<trkpt lat="48.96368" lon="16.60544"><ele>174</ele></trkpt>
<trkpt lat="48.96373" lon="16.60541"><ele>174</ele></trkpt>
<trkpt lat="48.96377" lon="16.60546"><ele>175</ele></trkpt>
<trkpt lat="48.96422" lon="16.60513"><ele>175</ele></trkpt>
<trkpt lat="48.96444" lon="16.60509"><ele>175</ele></trkpt>
<trkpt lat="48.96508" lon="16.60464"><ele>176</ele></trkpt>
<trkpt lat="48.96549" lon="16.60433"><ele>176</ele></trkpt>
<trkpt lat="48.96602" lon="16.60372"><ele>176</ele></trkpt>
<trkpt lat="48.96701" lon="16.60304"><ele>177</ele></trkpt>
<trkpt lat="48.96702" lon="16.60296"><ele>177</ele></trkpt>
<trkpt lat="48.96696" lon="16.60272"><ele>177</ele></trkpt>
<trkpt lat="48.96696" lon="16.60262"><ele>177</ele></trkpt>
<trkpt lat="48.96701" lon="16.602"><ele>177</ele></trkpt>
<trkpt lat="48.96756" lon="16.6019"><ele>177</ele></trkpt>
<trkpt lat="48.96816" lon="16.60166"><ele>177</ele></trkpt>
<trkpt lat="48.96827" lon="16.60159"><ele>177</ele></trkpt>
<trkpt lat="48.96852" lon="16.60158"><ele>177</ele></trkpt>
<trkpt lat="48.96886" lon="16.60137"><ele>178</ele></trkpt>
<trkpt lat="48.97072" lon="16.60077"><ele>179</ele></trkpt>
<trkpt lat="48.97091" lon="16.60053"><ele>179</ele></trkpt>
<trkpt lat="48.97128" lon="16.60023"><ele>178</ele></trkpt>
<trkpt lat="48.97138" lon="16.60021"><ele>178</ele></trkpt>
<trkpt lat="48.97147" lon="16.60023"><ele>178</ele></trkpt>
<trkpt lat="48.97208" lon="16.60051"><ele>178</ele></trkpt>
<trkpt lat="48.97248" lon="16.60047"><ele>178</ele></trkpt>
<trkpt lat="48.99242" lon="16.59754"><ele>184</ele></trkpt>
<trkpt lat="48.99252" lon="16.59746"><ele>184</ele></trkpt>
<trkpt lat="48.99263" lon="16.59723"><ele>184</ele></trkpt>
<trkpt lat="48.99272" lon="16.59711"><ele>184</ele></trkpt>
<trkpt lat="48.99278" lon="16.59709"><ele>184</ele></trkpt>
<trkpt lat="48.99292" lon="16.59726"><ele>184</ele></trkpt>
<trkpt lat="48.99299" lon="16.59721"><ele>184</ele></trkpt>
<trkpt lat="48.99308" lon="16.59721"><ele>183</ele></trkpt>
<trkpt lat="48.99343" lon="16.59725"><ele>183</ele></trkpt>
<trkpt lat="48.99378" lon="16.59726"><ele>183</ele></trkpt>
<trkpt lat="48.99411" lon="16.59721"><ele>183</ele></trkpt>
<trkpt lat="48.99445" lon="16.59721"><ele>183</ele></trkpt>
<trkpt lat="48.99482" lon="16.59712"><ele>183</ele></trkpt>
<trkpt lat="48.99569" lon="16.59699"><ele>183</ele></trkpt>
<trkpt lat="48.99849" lon="16.59661"><ele>183</ele></trkpt>
<trkpt lat="49.00438" lon="16.59575"><ele>182</ele></trkpt>
<trkpt lat="49.00479" lon="16.59561"><ele>182</ele></trkpt>
<trkpt lat="49.00514" lon="16.59539"><ele>183</ele></trkpt>
<trkpt lat="49.00518" lon="16.59546"><ele>183</ele></trkpt>
<trkpt lat="49.0052" lon="16.59555"><ele>183</ele></trkpt>
<trkpt lat="49.00525" lon="16.59615"><ele>183</ele></trkpt>
<trkpt lat="49.00535" lon="16.59618"><ele>183</ele></trkpt>
<trkpt lat="49.00558" lon="16.5962"><ele>183</ele></trkpt>
<trkpt lat="49.00574" lon="16.59629"><ele>183</ele></trkpt>
<trkpt lat="49.0062" lon="16.59678"><ele>183</ele></trkpt>
<trkpt lat="49.00635" lon="16.59722"><ele>183</ele></trkpt>
<trkpt lat="49.00651" lon="16.59791"><ele>182</ele></trkpt>
<trkpt lat="49.00683" lon="16.59914"><ele>182</ele></trkpt>
<trkpt lat="49.00836" lon="16.59803"><ele>182</ele></trkpt>
<trkpt lat="49.0091" lon="16.60032"><ele>182</ele></trkpt>
<trkpt lat="49.00918" lon="16.60027"><ele>182</ele></trkpt>
<trkpt lat="49.00947" lon="16.6003"><ele>182</ele></trkpt>
<trkpt lat="49.0097" lon="16.60044"><ele>182</ele></trkpt>
<trkpt lat="49.01" lon="16.60055"><ele>182</ele></trkpt>
<trkpt lat="49.01028" lon="16.60057"><ele>182</ele></trkpt>
<trkpt lat="49.01086" lon="16.60059"><ele>182</ele></trkpt>
<trkpt lat="49.01194" lon="16.60089"><ele>182</ele></trkpt>
<trkpt lat="49.01263" lon="16.60092"><ele>182</ele></trkpt>
<trkpt lat="49.01302" lon="16.6009"><ele>182</ele></trkpt>
<trkpt lat="49.01308" lon="16.60113"><ele>182</ele></trkpt>
<trkpt lat="49.01392" lon="16.6006"><ele>181</ele></trkpt>
<trkpt lat="49.01414" lon="16.60065"><ele>180</ele></trkpt>
<trkpt lat="49.01432" lon="16.60121"><ele>180</ele></trkpt>
<trkpt lat="49.01449" lon="16.60164"><ele>179</ele></trkpt>
<trkpt lat="49.0147" lon="16.60204"><ele>179</ele></trkpt>
<trkpt lat="49.01485" lon="16.60226"><ele>179</ele></trkpt>
<trkpt lat="49.01509" lon="16.60315"><ele>178</ele></trkpt>
<trkpt lat="49.01528" lon="16.60379"><ele>178</ele></trkpt>
<trkpt lat="49.01537" lon="16.60432"><ele>177</ele></trkpt>
<trkpt lat="49.01589" lon="16.60614"><ele>176</ele></trkpt>
<trkpt lat="49.01592" lon="16.60642"><ele>176</ele></trkpt>
<trkpt lat="49.01633" lon="16.60793"><ele>176</ele></trkpt>
<trkpt lat="49.01645" lon="16.60849"><ele>176</ele></trkpt>
<trkpt lat="49.01678" lon="16.60952"><ele>176</ele></trkpt>
<trkpt lat="49.01753" lon="16.61229"><ele>176</ele></trkpt>
<trkpt lat="49.01756" lon="16.61234"><ele>176</ele></trkpt>
<trkpt lat="49.01765" lon="16.61238"><ele>176</ele></trkpt>
<trkpt lat="49.01791" lon="16.61339"><ele>176</ele></trkpt>
<trkpt lat="49.01805" lon="16.61386"><ele>176</ele></trkpt>
<trkpt lat="49.01966" lon="16.61663"><ele>175</ele></trkpt>
<trkpt lat="49.02156" lon="16.61985"><ele>176</ele></trkpt>
<trkpt lat="49.02397" lon="16.62385"><ele>179</ele></trkpt>
<trkpt lat="49.02413" lon="16.62408"><ele>179</ele></trkpt>
<trkpt lat="49.02425" lon="16.62411"><ele>179</ele></trkpt>
<trkpt lat="49.02435" lon="16.6241"><ele>179</ele></trkpt>
<trkpt lat="49.02538" lon="16.62333"><ele>180</ele></trkpt>
<trkpt lat="49.02589" lon="16.62291"><ele>181</ele></trkpt>
<trkpt lat="49.02606" lon="16.6229"><ele>181</ele></trkpt>
<trkpt lat="49.02658" lon="16.62307"><ele>181</ele></trkpt>
<trkpt lat="49.02682" lon="16.62304"><ele>181</ele></trkpt>
<trkpt lat="49.02987" lon="16.6211"><ele>181</ele></trkpt>
<trkpt lat="49.03201" lon="16.61984"><ele>179</ele></trkpt>
<trkpt lat="49.03218" lon="16.6197"><ele>179</ele></trkpt>
<trkpt lat="49.03259" lon="16.61913"><ele>179</ele></trkpt>
<trkpt lat="49.03272" lon="16.61906"><ele>179</ele></trkpt>
<trkpt lat="49.03295" lon="16.61881"><ele>179</ele></trkpt>
<trkpt lat="49.03334" lon="16.61943"><ele>179</ele></trkpt>
<trkpt lat="49.03348" lon="16.61911"><ele>180</ele></trkpt>
<trkpt lat="49.03362" lon="16.61894"><ele>180</ele></trkpt>
<trkpt lat="49.03376" lon="16.6187"><ele>180</ele></trkpt>
<trkpt lat="49.03411" lon="16.618"><ele>181</ele></trkpt>
<trkpt lat="49.03425" lon="16.6178"><ele>181</ele></trkpt>
<trkpt lat="49.03449" lon="16.61747"><ele>181</ele></trkpt>
<trkpt lat="49.03476" lon="16.61725"><ele>181</ele></trkpt>
<trkpt lat="49.03513" lon="16.61699"><ele>182</ele></trkpt>
<trkpt lat="49.0353" lon="16.6169"><ele>182</ele></trkpt>
<trkpt lat="49.03616" lon="16.61678"><ele>183</ele></trkpt>
<trkpt lat="49.0365" lon="16.61676"><ele>183</ele></trkpt>
<trkpt lat="49.03655" lon="16.61679"><ele>184</ele></trkpt>
<trkpt lat="49.03655" lon="16.61691"><ele>184</ele></trkpt>
<trkpt lat="49.03655" lon="16.61704"><ele>184</ele></trkpt>
<trkpt lat="49.03665" lon="16.61705"><ele>184</ele></trkpt>
<trkpt lat="49.03674" lon="16.61714"><ele>184</ele></trkpt>
<trkpt lat="49.03685" lon="16.61712"><ele>185</ele></trkpt>
<trkpt lat="49.03694" lon="16.61755"><ele>185</ele></trkpt>
<trkpt lat="49.03727" lon="16.61923"><ele>188</ele></trkpt>
<trkpt lat="49.03728" lon="16.61934"><ele>188</ele></trkpt>
<trkpt lat="49.03785" lon="16.61925"><ele>188</ele></trkpt>
<trkpt lat="49.03899" lon="16.61893"><ele>188</ele></trkpt>
<trkpt lat="49.03941" lon="16.61875"><ele>188</ele></trkpt>
<trkpt lat="49.03988" lon="16.61848"><ele>188</ele></trkpt>
<trkpt lat="49.04004" lon="16.61833"><ele>187</ele></trkpt>
<trkpt lat="49.04029" lon="16.61805"><ele>187</ele></trkpt>
<trkpt lat="49.04064" lon="16.61773"><ele>186</ele></trkpt>
<trkpt lat="49.04085" lon="16.61759"><ele>186</ele></trkpt>
<trkpt lat="49.04113" lon="16.61744"><ele>186</ele></trkpt>
<trkpt lat="49.04143" lon="16.61731"><ele>185</ele></trkpt>
<trkpt lat="49.04171" lon="16.61725"><ele>185</ele></trkpt>
<trkpt lat="49.04252" lon="16.61716"><ele>185</ele></trkpt>
<trkpt lat="49.04279" lon="16.61719"><ele>185</ele></trkpt>
<trkpt lat="49.04308" lon="16.6173"><ele>185</ele></trkpt>
<trkpt lat="49.04328" lon="16.61745"><ele>185</ele></trkpt>
<trkpt lat="49.04347" lon="16.61763"><ele>184</ele></trkpt>
<trkpt lat="49.04397" lon="16.61835"><ele>183</ele></trkpt>
<trkpt lat="49.04466" lon="16.61912"><ele>181</ele></trkpt>
<trkpt lat="49.04484" lon="16.61929"><ele>181</ele></trkpt>
<trkpt lat="49.04498" lon="16.61912"><ele>181</ele></trkpt>
<trkpt lat="49.04505" lon="16.61904"><ele>181</ele></trkpt>
<trkpt lat="49.04506" lon="16.61884"><ele>180</ele></trkpt>
<trkpt lat="49.04574" lon="16.61822"><ele>180</ele></trkpt>
<trkpt lat="49.04601" lon="16.61834"><ele>179</ele></trkpt>
<trkpt lat="49.04607" lon="16.61833"><ele>179</ele></trkpt>
<trkpt lat="49.04737" lon="16.619"><ele>179</ele></trkpt>
<trkpt lat="49.04761" lon="16.61919"><ele>179</ele></trkpt>
<trkpt lat="49.04796" lon="16.6196"><ele>180</ele></trkpt>
<trkpt lat="49.04835" lon="16.62017"><ele>180</ele></trkpt>
<trkpt lat="49.0486" lon="16.62041"><ele>180</ele></trkpt>
<trkpt lat="49.04889" lon="16.62061"><ele>180</ele></trkpt>
<trkpt lat="49.04964" lon="16.62102"><ele>180</ele></trkpt>
<trkpt lat="49.05014" lon="16.62133"><ele>179</ele></trkpt>
<trkpt lat="49.05045" lon="16.62159"><ele>179</ele></trkpt>
<trkpt lat="49.05062" lon="16.62117"><ele>179</ele></trkpt>
<trkpt lat="49.05098" lon="16.62153"><ele>179</ele></trkpt>
<trkpt lat="49.05145" lon="16.62217"><ele>179</ele></trkpt>
<trkpt lat="49.05436" lon="16.62669"><ele>181</ele></trkpt>
<trkpt lat="49.05526" lon="16.62802"><ele>180</ele></trkpt>
<trkpt lat="49.05555" lon="16.62854"><ele>180</ele></trkpt>
<trkpt lat="49.05578" lon="16.62907"><ele>180</ele></trkpt>
<trkpt lat="49.05599" lon="16.62983"><ele>181</ele></trkpt>
<trkpt lat="49.05622" lon="16.63126"><ele>181</ele></trkpt>
<trkpt lat="49.05636" lon="16.63229"><ele>181</ele></trkpt>
<trkpt lat="49.05638" lon="16.63299"><ele>180</ele></trkpt>
<trkpt lat="49.05648" lon="16.63335"><ele>180</ele></trkpt>
<trkpt lat="49.05672" lon="16.63368"><ele>179</ele></trkpt>
<trkpt lat="49.05758" lon="16.63508"><ele>179</ele></trkpt>
<trkpt lat="49.05804" lon="16.63577"><ele>179</ele></trkpt>
<trkpt lat="49.05845" lon="16.6363"><ele>179</ele></trkpt>
<trkpt lat="49.05899" lon="16.63655"><ele>180</ele></trkpt>
<trkpt lat="49.06075" lon="16.63698"><ele>180</ele></trkpt>
<trkpt lat="49.06094" lon="16.63669"><ele>180</ele></trkpt>
<trkpt lat="49.06106" lon="16.63633"><ele>180</ele></trkpt>
<trkpt lat="49.06125" lon="16.63629"><ele>180</ele></trkpt>
<trkpt lat="49.06166" lon="16.63596"><ele>179</ele></trkpt>
<trkpt lat="49.0622" lon="16.63571"><ele>178</ele></trkpt>
<trkpt lat="49.06259" lon="16.63571"><ele>178</ele></trkpt>
<trkpt lat="49.06349" lon="16.63598"><ele>178</ele></trkpt>
<trkpt lat="49.06406" lon="16.63601"><ele>179</ele></trkpt>
<trkpt lat="49.06456" lon="16.63596"><ele>179</ele></trkpt>
<trkpt lat="49.0649" lon="16.63579"><ele>179</ele></trkpt>
<trkpt lat="49.0654" lon="16.63541"><ele>180</ele></trkpt>
<trkpt lat="49.06573" lon="16.63527"><ele>180</ele></trkpt>
<trkpt lat="49.06826" lon="16.63485"><ele>182</ele></trkpt>
<trkpt lat="49.06871" lon="16.63486"><ele>182</ele></trkpt>
<trkpt lat="49.06929" lon="16.63498"><ele>182</ele></trkpt>
<trkpt lat="49.07106" lon="16.63577"><ele>181</ele></trkpt>
<trkpt lat="49.07146" lon="16.63584"><ele>181</ele></trkpt>
<trkpt lat="49.07202" lon="16.63581"><ele>180</ele></trkpt>
<trkpt lat="49.07249" lon="16.63573"><ele>180</ele></trkpt>
<trkpt lat="49.07288" lon="16.63573"><ele>180</ele></trkpt>
<trkpt lat="49.07413" lon="16.63607"><ele>180</ele></trkpt>
<trkpt lat="49.07464" lon="16.63626"><ele>181</ele></trkpt>
<trkpt lat="49.07556" lon="16.63686"><ele>182</ele></trkpt>
<trkpt lat="49.07567" lon="16.637"><ele>182</ele></trkpt>
<trkpt lat="49.07594" lon="16.63811"><ele>183</ele></trkpt>
<trkpt lat="49.076" lon="16.63839"><ele>183</ele></trkpt>
<trkpt lat="49.07602" lon="16.63861"><ele>183</ele></trkpt>
<trkpt lat="49.07601" lon="16.63883"><ele>184</ele></trkpt>
<trkpt lat="49.07597" lon="16.63905"><ele>184</ele></trkpt>
<trkpt lat="49.07585" lon="16.63917"><ele>184</ele></trkpt>
<trkpt lat="49.07534" lon="16.63919"><ele>184</ele></trkpt>
<trkpt lat="49.07512" lon="16.63927"><ele>184</ele></trkpt>
<trkpt lat="49.07506" lon="16.63935"><ele>184</ele></trkpt>
<trkpt lat="49.07504" lon="16.6396"><ele>184</ele></trkpt>
<trkpt lat="49.07517" lon="16.64035"><ele>184</ele></trkpt>
<trkpt lat="49.07521" lon="16.64047"><ele>184</ele></trkpt>
<trkpt lat="49.07538" lon="16.64056"><ele>184</ele></trkpt>
<trkpt lat="49.0756" lon="16.64054"><ele>183</ele></trkpt>
<trkpt lat="49.07572" lon="16.64057"><ele>183</ele></trkpt>
<trkpt lat="49.07585" lon="16.64047"><ele>183</ele></trkpt>
<trkpt lat="49.07635" lon="16.64035"><ele>183</ele></trkpt>
<trkpt lat="49.07658" lon="16.64022"><ele>182</ele></trkpt>
<trkpt lat="49.0767" lon="16.64005"><ele>182</ele></trkpt>
<trkpt lat="49.07735" lon="16.63897"><ele>182</ele></trkpt>
<trkpt lat="49.07767" lon="16.6387"><ele>182</ele></trkpt>
<trkpt lat="49.07791" lon="16.63864"><ele>182</ele></trkpt>
<trkpt lat="49.07984" lon="16.63873"><ele>181</ele></trkpt>
<trkpt lat="49.07998" lon="16.63828"><ele>181</ele></trkpt>
<trkpt lat="49.08005" lon="16.6381"><ele>181</ele></trkpt>
<trkpt lat="49.08035" lon="16.63776"><ele>181</ele></trkpt>
<trkpt lat="49.08109" lon="16.63683"><ele>181</ele></trkpt>
<trkpt lat="49.08123" lon="16.63677"><ele>182</ele></trkpt>
<trkpt lat="49.08225" lon="16.63664"><ele>182</ele></trkpt>
<trkpt lat="49.08256" lon="16.6367"><ele>182</ele></trkpt>
<trkpt lat="49.08281" lon="16.63688"><ele>182</ele></trkpt>
<trkpt lat="49.08316" lon="16.63718"><ele>182</ele></trkpt>
<trkpt lat="49.08391" lon="16.63747"><ele>181</ele></trkpt>
<trkpt lat="49.08422" lon="16.63751"><ele>181</ele></trkpt>
<trkpt lat="49.08463" lon="16.63744"><ele>181</ele></trkpt>
<trkpt lat="49.0855" lon="16.63707"><ele>182</ele></trkpt>
<trkpt lat="49.08607" lon="16.63666"><ele>182</ele></trkpt>
<trkpt lat="49.08818" lon="16.63557"><ele>183</ele></trkpt>
<trkpt lat="49.08832" lon="16.63558"><ele>183</ele></trkpt>
<trkpt lat="49.08843" lon="16.63545"><ele>183</ele></trkpt>
<trkpt lat="49.08936" lon="16.6354"><ele>184</ele></trkpt>
<trkpt lat="49.09015" lon="16.6353"><ele>184</ele></trkpt>
<trkpt lat="49.09066" lon="16.63395"><ele>185</ele></trkpt>
<trkpt lat="49.09072" lon="16.63385"><ele>185</ele></trkpt>
<trkpt lat="49.09083" lon="16.6338"><ele>185</ele></trkpt>
<trkpt lat="49.09201" lon="16.63394"><ele>185</ele></trkpt>
<trkpt lat="49.09338" lon="16.63524"><ele>188</ele></trkpt>
<trkpt lat="49.09374" lon="16.63514"><ele>188</ele></trkpt>
<trkpt lat="49.09416" lon="16.63493"><ele>189</ele></trkpt>
<trkpt lat="49.09459" lon="16.63466"><ele>190</ele></trkpt>
<trkpt lat="49.09661" lon="16.63422"><ele>195</ele></trkpt>
<trkpt lat="49.09804" lon="16.63425"><ele>199</ele></trkpt>
<trkpt lat="49.10085" lon="16.63491"><ele>213</ele></trkpt>
<trkpt lat="49.10185" lon="16.63526"><ele>214</ele></trkpt>
<trkpt lat="49.10208" lon="16.63538"><ele>214</ele></trkpt>
<trkpt lat="49.10276" lon="16.63622"><ele>214</ele></trkpt>
<trkpt lat="49.10327" lon="16.63688"><ele>212</ele></trkpt>
<trkpt lat="49.10368" lon="16.63734"><ele>209</ele></trkpt>
<trkpt lat="49.10461" lon="16.63527"><ele>200</ele></trkpt>
<trkpt lat="49.10523" lon="16.63509"><ele>195</ele></trkpt>
<trkpt lat="49.10532" lon="16.63538"><ele>193</ele></trkpt>
<trkpt lat="49.10535" lon="16.63537"><ele>193</ele></trkpt>
<trkpt lat="49.1055" lon="16.63557"><ele>192</ele></trkpt>
<trkpt lat="49.1056" lon="16.63559"><ele>191</ele></trkpt>
<trkpt lat="49.10556" lon="16.63489"><ele>188</ele></trkpt>
<trkpt lat="49.10592" lon="16.6346"><ele>187</ele></trkpt>
<trkpt lat="49.10648" lon="16.63497"><ele>187</ele></trkpt>
<trkpt lat="49.10662" lon="16.63513"><ele>186</ele></trkpt>
<trkpt lat="49.1074" lon="16.6363"><ele>185</ele></trkpt>
<trkpt lat="49.10756" lon="16.6366"><ele>185</ele></trkpt>
<trkpt lat="49.10777" lon="16.63685"><ele>185</ele></trkpt>
<trkpt lat="49.10791" lon="16.6367"><ele>185</ele></trkpt>
<trkpt lat="49.10957" lon="16.63544"><ele>186</ele></trkpt>
<trkpt lat="49.10997" lon="16.6352"><ele>187</ele></trkpt>
<trkpt lat="49.11128" lon="16.63432"><ele>190</ele></trkpt>
<trkpt lat="49.11186" lon="16.63413"><ele>190</ele></trkpt>
<trkpt lat="49.11255" lon="16.63373"><ele>190</ele></trkpt>
<trkpt lat="49.11274" lon="16.63343"><ele>190</ele></trkpt>
<trkpt lat="49.11327" lon="16.63295"><ele>190</ele></trkpt>
<trkpt lat="49.11363" lon="16.63252"><ele>190</ele></trkpt>
<trkpt lat="49.11377" lon="16.63237"><ele>190</ele></trkpt>
<trkpt lat="49.11395" lon="16.63229"><ele>190</ele></trkpt>
<trkpt lat="49.11413" lon="16.63224"><ele>190</ele></trkpt>
<trkpt lat="49.11528" lon="16.63205"><ele>190</ele></trkpt>
<trkpt lat="49.11593" lon="16.63224"><ele>190</ele></trkpt>
<trkpt lat="49.11642" lon="16.63217"><ele>190</ele></trkpt>
<trkpt lat="49.1165" lon="16.63219"><ele>190</ele></trkpt>
<trkpt lat="49.11656" lon="16.63224"><ele>190</ele></trkpt>
<trkpt lat="49.11678" lon="16.63264"><ele>190</ele></trkpt>
<trkpt lat="49.11696" lon="16.6329"><ele>190</ele></trkpt>
<trkpt lat="49.11713" lon="16.63307"><ele>190</ele></trkpt>
<trkpt lat="49.11751" lon="16.63336"><ele>189</ele></trkpt>
<trkpt lat="49.11776" lon="16.6336"><ele>188</ele></trkpt>
<trkpt lat="49.11781" lon="16.63368"><ele>188</ele></trkpt>
<trkpt lat="49.12164" lon="16.6328"><ele>187</ele></trkpt>
<trkpt lat="49.12186" lon="16.63277"><ele>187</ele></trkpt>
<trkpt lat="49.12205" lon="16.6328"><ele>187</ele></trkpt>
<trkpt lat="49.12228" lon="16.63287"><ele>187</ele></trkpt>
<trkpt lat="49.12275" lon="16.63314"><ele>187</ele></trkpt>
<trkpt lat="49.12304" lon="16.6332"><ele>187</ele></trkpt>
<trkpt lat="49.13119" lon="16.63369"><ele>188</ele></trkpt>
<trkpt lat="49.13152" lon="16.63369"><ele>188</ele></trkpt>
<trkpt lat="49.13189" lon="16.63359"><ele>188</ele></trkpt>
<trkpt lat="49.13201" lon="16.63353"><ele>188</ele></trkpt>
<trkpt lat="49.13218" lon="16.6334"><ele>188</ele></trkpt>
<trkpt lat="49.13241" lon="16.63319"><ele>188</ele></trkpt>
<trkpt lat="49.13237" lon="16.63313"><ele>188</ele></trkpt>
<trkpt lat="49.1336" lon="16.63186"><ele>189</ele></trkpt>
<trkpt lat="49.13361" lon="16.63176"><ele>189</ele></trkpt>
<trkpt lat="49.1338" lon="16.63157"><ele>189</ele></trkpt>
<trkpt lat="49.13383" lon="16.63143"><ele>189</ele></trkpt>
<trkpt lat="49.13374" lon="16.63136"><ele>189</ele></trkpt>
<trkpt lat="49.13369" lon="16.63127"><ele>189</ele></trkpt>
<trkpt lat="49.13367" lon="16.63115"><ele>189</ele></trkpt>
<trkpt lat="49.13369" lon="16.63084"><ele>189</ele></trkpt>
<trkpt lat="49.13501" lon="16.63094"><ele>188</ele></trkpt>
<trkpt lat="49.13514" lon="16.63101"><ele>188</ele></trkpt>
<trkpt lat="49.13559" lon="16.63104"><ele>188</ele></trkpt>
<trkpt lat="49.13575" lon="16.63112"><ele>188</ele></trkpt>
<trkpt lat="49.13582" lon="16.6311"><ele>188</ele></trkpt>
<trkpt lat="49.13585" lon="16.63101"><ele>188</ele></trkpt>
<trkpt lat="49.13591" lon="16.62937"><ele>189</ele></trkpt>
<trkpt lat="49.13589" lon="16.62926"><ele>189</ele></trkpt>
<trkpt lat="49.13563" lon="16.62862"><ele>189</ele></trkpt>
<trkpt lat="49.13564" lon="16.62819"><ele>189</ele></trkpt>
<trkpt lat="49.13571" lon="16.62803"><ele>189</ele></trkpt>
<trkpt lat="49.13581" lon="16.62802"><ele>189</ele></trkpt>
<trkpt lat="49.1408" lon="16.62834"><ele>188</ele></trkpt>
<trkpt lat="49.1413" lon="16.62836"><ele>189</ele></trkpt>
<trkpt lat="49.14132" lon="16.62751"><ele>189</ele></trkpt>
<trkpt lat="49.14144" lon="16.6276"><ele>189</ele></trkpt>
<trkpt lat="49.14202" lon="16.62764"><ele>190</ele></trkpt>
<trkpt lat="49.14267" lon="16.62762"><ele>190</ele></trkpt>
<trkpt lat="49.14345" lon="16.62755"><ele>191</ele></trkpt>
<trkpt lat="49.14396" lon="16.62755"><ele>191</ele></trkpt>
<trkpt lat="49.14431" lon="16.6276"><ele>192</ele></trkpt>
<trkpt lat="49.14442" lon="16.62765"><ele>192</ele></trkpt>
<trkpt lat="49.14457" lon="16.62776"><ele>192</ele></trkpt>
<trkpt lat="49.14485" lon="16.62782"><ele>192</ele></trkpt>
<trkpt lat="49.14623" lon="16.62782"><ele>192</ele></trkpt>
<trkpt lat="49.14659" lon="16.62777"><ele>192</ele></trkpt>
<trkpt lat="49.14671" lon="16.62778"><ele>192</ele></trkpt>
<trkpt lat="49.14726" lon="16.62794"><ele>192</ele></trkpt>
<trkpt lat="49.14788" lon="16.62818"><ele>193</ele></trkpt>
<trkpt lat="49.14819" lon="16.62857"><ele>193</ele></trkpt>
<trkpt lat="49.14829" lon="16.62864"><ele>193</ele></trkpt>
<trkpt lat="49.14844" lon="16.6287"><ele>193</ele></trkpt>
<trkpt lat="49.14892" lon="16.62872"><ele>193</ele></trkpt>
<trkpt lat="49.14912" lon="16.62869"><ele>193</ele></trkpt>
<trkpt lat="49.1496" lon="16.62854"><ele>192</ele></trkpt>
<trkpt lat="49.15157" lon="16.62751"><ele>193</ele></trkpt>
<trkpt lat="49.15203" lon="16.62724"><ele>194</ele></trkpt>
<trkpt lat="49.15274" lon="16.62686"><ele>195</ele></trkpt>
<trkpt lat="49.15304" lon="16.62674"><ele>195</ele></trkpt>
<trkpt lat="49.1537" lon="16.6264"><ele>195</ele></trkpt>
<trkpt lat="49.15404" lon="16.62616"><ele>195</ele></trkpt>
<trkpt lat="49.15463" lon="16.62586"><ele>195</ele></trkpt>
<trkpt lat="49.15483" lon="16.62586"><ele>195</ele></trkpt>
<trkpt lat="49.15494" lon="16.62582"><ele>195</ele></trkpt>
<trkpt lat="49.15503" lon="16.62572"><ele>195</ele></trkpt>
<trkpt lat="49.15524" lon="16.62562"><ele>195</ele></trkpt>
<trkpt lat="49.15535" lon="16.62562"><ele>195</ele></trkpt>
<trkpt lat="49.15548" lon="16.62558"><ele>195</ele></trkpt>
<trkpt lat="49.15587" lon="16.62538"><ele>196</ele></trkpt>
<trkpt lat="49.15607" lon="16.62619"><ele>196</ele></trkpt>
<trkpt lat="49.15692" lon="16.62577"><ele>196</ele></trkpt>
<trkpt lat="49.1573" lon="16.62568"><ele>196</ele></trkpt>
<trkpt lat="49.15792" lon="16.62565"><ele>196</ele></trkpt>
<trkpt lat="49.15875" lon="16.62579"><ele>196</ele></trkpt>
<trkpt lat="49.15915" lon="16.62576"><ele>196</ele></trkpt>
<trkpt lat="49.15942" lon="16.62578"><ele>196</ele></trkpt>
<trkpt lat="49.15949" lon="16.62579"><ele>196</ele></trkpt>
<trkpt lat="49.15975" lon="16.62596"><ele>196</ele></trkpt>
<trkpt lat="49.15988" lon="16.62584"><ele>196</ele></trkpt>
<trkpt lat="49.15997" lon="16.6258"><ele>196</ele></trkpt>
<trkpt lat="49.16037" lon="16.62583"><ele>196</ele></trkpt>
<trkpt lat="49.16064" lon="16.62575"><ele>196</ele></trkpt>
<trkpt lat="49.16081" lon="16.62577"><ele>196</ele></trkpt>
<trkpt lat="49.16116" lon="16.62594"><ele>196</ele></trkpt>
<trkpt lat="49.16126" lon="16.62572"><ele>196</ele></trkpt>
<trkpt lat="49.16134" lon="16.62563"><ele>196</ele></trkpt>
<trkpt lat="49.16143" lon="16.62558"><ele>196</ele></trkpt>
<trkpt lat="49.16209" lon="16.62535"><ele>196</ele></trkpt>
<trkpt lat="49.16299" lon="16.6249"><ele>195</ele></trkpt>
<trkpt lat="49.16421" lon="16.62405"><ele>194</ele></trkpt>
<trkpt lat="49.1651" lon="16.62354"><ele>194</ele></trkpt>
<trkpt lat="49.16526" lon="16.62347"><ele>194</ele></trkpt>
<trkpt lat="49.16546" lon="16.62343"><ele>194</ele></trkpt>
<trkpt lat="49.16606" lon="16.6234"><ele>195</ele></trkpt>
<trkpt lat="49.16633" lon="16.62321"><ele>195</ele></trkpt>
<trkpt lat="49.16655" lon="16.62318"><ele>195</ele></trkpt>
<trkpt lat="49.16676" lon="16.62321"><ele>195</ele></trkpt>
<trkpt lat="49.1669" lon="16.62313"><ele>196</ele></trkpt>
<trkpt lat="49.16813" lon="16.62297"><ele>196</ele></trkpt>
<trkpt lat="49.16869" lon="16.62281"><ele>196</ele></trkpt>
<trkpt lat="49.16892" lon="16.62278"><ele>196</ele></trkpt>
<trkpt lat="49.16915" lon="16.6227"><ele>195</ele></trkpt>
<trkpt lat="49.16953" lon="16.62253"><ele>195</ele></trkpt>
<trkpt lat="49.16988" lon="16.62231"><ele>195</ele></trkpt>
<trkpt lat="49.17001" lon="16.6222"><ele>195</ele></trkpt>
<trkpt lat="49.17017" lon="16.62213"><ele>195</ele></trkpt>
<trkpt lat="49.17025" lon="16.62212"><ele>195</ele></trkpt>
<trkpt lat="49.17038" lon="16.62202"><ele>195</ele></trkpt>
<trkpt lat="49.17048" lon="16.62184"><ele>195</ele></trkpt>
<trkpt lat="49.17065" lon="16.62163"><ele>195</ele></trkpt>
<trkpt lat="49.17083" lon="16.62149"><ele>195</ele></trkpt>
<trkpt lat="49.17112" lon="16.62112"><ele>195</ele></trkpt>
<trkpt lat="49.17132" lon="16.62099"><ele>195</ele></trkpt>
<trkpt lat="49.17137" lon="16.62093"><ele>195</ele></trkpt>
<trkpt lat="49.17173" lon="16.62044"><ele>195</ele></trkpt>
<trkpt lat="49.17196" lon="16.62023"><ele>196</ele></trkpt>
<trkpt lat="49.17217" lon="16.62014"><ele>196</ele></trkpt>
<trkpt lat="49.17243" lon="16.61993"><ele>196</ele></trkpt>
<trkpt lat="49.1728" lon="16.61969"><ele>196</ele></trkpt>
<trkpt lat="49.17302" lon="16.61961"><ele>197</ele></trkpt>
<trkpt lat="49.17314" lon="16.61958"><ele>197</ele></trkpt>
<trkpt lat="49.17318" lon="16.61956"><ele>197</ele></trkpt>
<trkpt lat="49.1733" lon="16.61942"><ele>197</ele></trkpt>
<trkpt lat="49.17358" lon="16.61926"><ele>197</ele></trkpt>
<trkpt lat="49.17384" lon="16.61916"><ele>197</ele></trkpt>
<trkpt lat="49.17446" lon="16.61904"><ele>197</ele></trkpt>
<trkpt lat="49.17498" lon="16.61897"><ele>197</ele></trkpt>
<trkpt lat="49.17663" lon="16.618"><ele>197</ele></trkpt>
<trkpt lat="49.17672" lon="16.61796"><ele>197</ele></trkpt>
<trkpt lat="49.17683" lon="16.61798"><ele>197</ele></trkpt>
<trkpt lat="49.17687" lon="16.61794"><ele>197</ele></trkpt>
<trkpt lat="49.1769" lon="16.61787"><ele>197</ele></trkpt>
<trkpt lat="49.17692" lon="16.61761"><ele>197</ele></trkpt>
<trkpt lat="49.17695" lon="16.61755"><ele>197</ele></trkpt>
<trkpt lat="49.17731" lon="16.61713"><ele>197</ele></trkpt>
<trkpt lat="49.17739" lon="16.617"><ele>197</ele></trkpt>
<trkpt lat="49.17746" lon="16.61683"><ele>197</ele></trkpt>
<trkpt lat="49.17775" lon="16.61634"><ele>197</ele></trkpt>
<trkpt lat="49.17895" lon="16.61416"><ele>197</ele></trkpt>
<trkpt lat="49.17949" lon="16.6133"><ele>198</ele></trkpt>
<trkpt lat="49.18044" lon="16.61211"><ele>198</ele></trkpt>
<trkpt lat="49.18176" lon="16.61067"><ele>196</ele></trkpt>
<trkpt lat="49.18185" lon="16.6106"><ele>196</ele></trkpt>
<trkpt lat="49.18198" lon="16.61102"><ele>196</ele></trkpt>
<trkpt lat="49.18206" lon="16.61117"><ele>196</ele></trkpt>
<trkpt lat="49.18216" lon="16.61149"><ele>196</ele></trkpt>
<trkpt lat="49.18235" lon="16.61221"><ele>197</ele></trkpt>
<trkpt lat="49.18292" lon="16.61361"><ele>198</ele></trkpt>
<trkpt lat="49.18296" lon="16.61367"><ele>198</ele></trkpt>
<trkpt lat="49.1829" lon="16.61391"><ele>198</ele></trkpt>
<trkpt lat="49.18276" lon="16.6143"><ele>198</ele></trkpt>
<trkpt lat="49.18316" lon="16.61538"><ele>198</ele></trkpt>
<trkpt lat="49.18407" lon="16.61602"><ele>198</ele></trkpt>
<trkpt lat="49.18416" lon="16.61607"><ele>198</ele></trkpt>
<trkpt lat="49.18422" lon="16.61608"><ele>198</ele></trkpt>
<trkpt lat="49.18432" lon="16.61606"><ele>198</ele></trkpt>
<trkpt lat="49.18507" lon="16.61556"><ele>198</ele></trkpt>
<trkpt lat="49.18606" lon="16.61486"><ele>198</ele></trkpt>
<trkpt lat="49.18625" lon="16.61481"><ele>198</ele></trkpt>
<trkpt lat="49.1864" lon="16.61471"><ele>199</ele></trkpt>
<trkpt lat="49.18672" lon="16.61441"><ele>199</ele></trkpt>
<trkpt lat="49.18878" lon="16.61243"><ele>202</ele></trkpt>
<trkpt lat="49.18874" lon="16.61229"><ele>202</ele></trkpt>
<trkpt lat="49.18881" lon="16.61224"><ele>202</ele></trkpt>
<trkpt lat="49.18892" lon="16.61207"><ele>202</ele></trkpt>
<trkpt lat="49.18905" lon="16.61196"><ele>202</ele></trkpt>
<trkpt lat="49.18949" lon="16.61168"><ele>202</ele></trkpt>
<trkpt lat="49.18946" lon="16.6116"><ele>202</ele></trkpt>
      </trkseg></trk>
   
</gpx>
   