<?xml version="1.0" encoding="UTF-8"?>
<gpx version="1.1" creator="OsmAnd 5.2.13" schemaLocation="http://www.topografix.com/GPX/1/1 https://www.topografix.com/GPX/1/1/gpx.xsd" xmlns="http://www.topografix.com/GPX/1/1" xmlns:xsi="http://www.w3.org/2001/XMLSchema-instance" xsi:schemaLocation="http://www.topografix.com/GPX/1/1 http://www.topografix.com/GPX/1/1/gpx.xsd http://www.garmin.com/xmlschemas/GpxExtensions/v3 http://www.garmin.com/xmlschemas/GpxExtensionsv3.xsd http://www.garmin.com/xmlschemas/TrackPointExtension/v1 http://www.garmin.com/xmlschemas/TrackPointExtensionv1.xsd http://www.garmin.com/xmlschemas/PowerExtension/v1 http://www.garmin.com/xmlschemas/PowerExtensionv1.xsd http://www.topografix.com/GPX/gpx_style/0/2 http://www.topografix.com/GPX/gpx_style/0/2/gpx_style.xsd" xmlns:gpxtpx="http://www.garmin.com/xmlschemas/TrackPointExtension/v1" xmlns:gpxx="http://www.garmin.com/xmlschemas/GpxExtensions/v3" xmlns:gpxpx="http://www.garmin.com/xmlschemas/PowerExtension/v1" xmlns:gpx_style="http://www.topografix.com/GPX/gpx_style/0/2">
  <metadata>
    <name>2026-09-09 Nuremberg until phone died</name>
    <author>
      <name>gpx.studio</name>
      <link href="https://gpx.studio"/>
    </author>
    <time>2026-09-09T16:18:02.000Z</time>
  </metadata>
  <trk>
    <name>2026-09-09 Nuremberg until phone died</name>
    <trkseg>
      <trkpt lat="49.4557135" lon="11.0831955">
        <ele>351.5</ele>
        <time>2026-09-09T07:02:27.000Z</time>
      </trkpt>
      <trkpt lat="49.456017" lon="11.0834354">
        <ele>351.5</ele>
        <time>2026-09-09T07:02:48.000Z</time>
      </trkpt>
      <trkpt lat="49.4563411" lon="11.0842951">
        <ele>351.5</ele>
        <time>2026-09-09T07:03:09.000Z</time>
      </trkpt>
      <trkpt lat="49.4567526" lon="11.0853621">
        <ele>351.5</ele>
        <time>2026-09-09T07:03:30.000Z</time>
      </trkpt>
      <trkpt lat="49.4571366" lon="11.0864118">
        <ele>359.5</ele>
        <time>2026-09-09T07:03:51.000Z</time>
      </trkpt>
      <trkpt lat="49.4573632" lon="11.0871541">
        <ele>363.6</ele>
        <time>2026-09-09T07:04:11.000Z</time>
      </trkpt>
      <trkpt lat="49.4575605" lon="11.0882939">
        <ele>364.5</ele>
        <time>2026-09-09T07:04:32.000Z</time>
      </trkpt>
      <trkpt lat="49.4578389" lon="11.088952">
        <ele>365.4</ele>
        <time>2026-09-09T07:04:52.000Z</time>
      </trkpt>
      <trkpt lat="49.4582394" lon="11.0891291">
        <ele>366</ele>
        <time>2026-09-09T07:05:13.000Z</time>
      </trkpt>
      <trkpt lat="49.4587613" lon="11.0894025">
        <ele>367.9</ele>
        <time>2026-09-09T07:05:35.000Z</time>
      </trkpt>
      <trkpt lat="49.4592611" lon="11.0900408">
        <ele>367.6</ele>
        <time>2026-09-09T07:05:55.000Z</time>
      </trkpt>
      <trkpt lat="49.4594896" lon="11.0901898">
        <ele>368.7</ele>
        <time>2026-09-09T07:06:17.000Z</time>
      </trkpt>
      <trkpt lat="49.4599132" lon="11.090773">
        <ele>367.6</ele>
        <time>2026-09-09T07:06:38.000Z</time>
      </trkpt>
      <trkpt lat="49.45994" lon="11.0909478">
        <ele>372.4</ele>
        <time>2026-09-09T07:06:58.000Z</time>
      </trkpt>
      <trkpt lat="49.4602693" lon="11.0912237">
        <ele>370.8</ele>
        <time>2026-09-09T07:07:19.000Z</time>
      </trkpt>
      <trkpt lat="49.4602683" lon="11.091191">
        <ele>369.1</ele>
        <time>2026-09-09T07:07:40.000Z</time>
      </trkpt>
      <trkpt lat="49.4603672" lon="11.0914508">
        <ele>366.1</ele>
        <time>2026-09-09T07:08:00.000Z</time>
      </trkpt>
      <trkpt lat="49.4609561" lon="11.0918806">
        <ele>366.5</ele>
        <time>2026-09-09T07:08:21.000Z</time>
      </trkpt>
      <trkpt lat="49.4614911" lon="11.0922969">
        <ele>366.9</ele>
        <time>2026-09-09T07:08:42.000Z</time>
      </trkpt>
      <trkpt lat="49.461763" lon="11.0924451">
        <ele>367.9</ele>
        <time>2026-09-09T07:09:03.000Z</time>
      </trkpt>
      <trkpt lat="49.4621735" lon="11.0929605">
        <ele>366.4</ele>
        <time>2026-09-09T07:09:24.000Z</time>
      </trkpt>
      <trkpt lat="49.462633" lon="11.0927888">
        <ele>366.1</ele>
        <time>2026-09-09T07:09:45.000Z</time>
      </trkpt>
      <trkpt lat="49.4633045" lon="11.093178">
        <ele>368.1</ele>
        <time>2026-09-09T07:10:06.000Z</time>
      </trkpt>
      <trkpt lat="49.4636594" lon="11.092264">
        <ele>364</ele>
        <time>2026-09-09T07:10:26.000Z</time>
      </trkpt>
      <trkpt lat="49.4637533" lon="11.0913194">
        <ele>364.3</ele>
        <time>2026-09-09T07:10:47.000Z</time>
      </trkpt>
      <trkpt lat="49.4643329" lon="11.0915285">
        <ele>365.2</ele>
        <time>2026-09-09T07:11:09.000Z</time>
      </trkpt>
      <trkpt lat="49.4644374" lon="11.0917583">
        <ele>367.4</ele>
        <time>2026-09-09T07:11:30.000Z</time>
      </trkpt>
      <trkpt lat="49.4643908" lon="11.0918382">
        <ele>366.9</ele>
        <time>2026-09-09T07:11:50.000Z</time>
      </trkpt>
      <trkpt lat="49.464392" lon="11.091835">
        <ele>366.9</ele>
        <time>2026-09-09T07:12:12.000Z</time>
      </trkpt>
      <trkpt lat="49.4643886" lon="11.0918445">
        <ele>370.3</ele>
        <time>2026-09-09T07:12:32.000Z</time>
      </trkpt>
      <trkpt lat="49.4643718" lon="11.0918016">
        <ele>366.3</ele>
        <time>2026-09-09T07:12:53.000Z</time>
      </trkpt>
      <trkpt lat="49.4643833" lon="11.0918221">
        <ele>368.8</ele>
        <time>2026-09-09T07:13:13.000Z</time>
      </trkpt>
      <trkpt lat="49.4643878" lon="11.0917883">
        <ele>370.4</ele>
        <time>2026-09-09T07:13:34.000Z</time>
      </trkpt>
      <trkpt lat="49.4644046" lon="11.0917733">
        <ele>370.2</ele>
        <time>2026-09-09T07:13:56.000Z</time>
      </trkpt>
      <trkpt lat="49.4644045" lon="11.0917743">
        <ele>370.2</ele>
        <time>2026-09-09T07:14:16.000Z</time>
      </trkpt>
      <trkpt lat="49.4644047" lon="11.0917755">
        <ele>370.2</ele>
        <time>2026-09-09T07:14:37.000Z</time>
      </trkpt>
      <trkpt lat="49.464424" lon="11.0918129">
        <ele>369.5</ele>
        <time>2026-09-09T07:14:58.000Z</time>
      </trkpt>
      <trkpt lat="49.4648286" lon="11.0919647">
        <ele>368.5</ele>
        <time>2026-09-09T07:15:19.000Z</time>
      </trkpt>
      <trkpt lat="49.4655052" lon="11.0923707">
        <ele>367.7</ele>
        <time>2026-09-09T07:15:39.000Z</time>
      </trkpt>
      <trkpt lat="49.4663171" lon="11.0925538">
        <ele>365.3</ele>
        <time>2026-09-09T07:16:00.000Z</time>
      </trkpt>
      <trkpt lat="49.4668227" lon="11.09342">
        <ele>364.6</ele>
        <time>2026-09-09T07:16:21.000Z</time>
      </trkpt>
      <trkpt lat="49.4670727" lon="11.0946962">
        <ele>366.2</ele>
        <time>2026-09-09T07:16:41.000Z</time>
      </trkpt>
      <trkpt lat="49.4673143" lon="11.095455">
        <ele>368</ele>
        <time>2026-09-09T07:17:02.000Z</time>
      </trkpt>
      <trkpt lat="49.4672744" lon="11.0955919">
        <ele>360.1</ele>
        <time>2026-09-09T07:17:23.000Z</time>
      </trkpt>
      <trkpt lat="49.4665705" lon="11.0962931">
        <ele>365.1</ele>
        <time>2026-09-09T07:17:43.000Z</time>
      </trkpt>
      <trkpt lat="49.4661124" lon="11.0968393">
        <ele>366.7</ele>
        <time>2026-09-09T07:18:04.000Z</time>
      </trkpt>
      <trkpt lat="49.466755" lon="11.0974907">
        <ele>369.4</ele>
        <time>2026-09-09T07:18:25.000Z</time>
      </trkpt>
      <trkpt lat="49.4669153" lon="11.0975731">
        <ele>365.4</ele>
        <time>2026-09-09T07:18:45.000Z</time>
      </trkpt>
      <trkpt lat="49.4668195" lon="11.0979828">
        <ele>367.6</ele>
        <time>2026-09-09T07:19:07.000Z</time>
      </trkpt>
      <trkpt lat="49.4668449" lon="11.0980577">
        <ele>369.6</ele>
        <time>2026-09-09T07:19:28.000Z</time>
      </trkpt>
      <trkpt lat="49.4672682" lon="11.0984063">
        <ele>372.8</ele>
        <time>2026-09-09T07:19:49.000Z</time>
      </trkpt>
      <trkpt lat="49.4668078" lon="11.0986939">
        <ele>367.6</ele>
        <time>2026-09-09T07:20:10.000Z</time>
      </trkpt>
      <trkpt lat="49.466661" lon="11.0991998">
        <ele>370.3</ele>
        <time>2026-09-09T07:20:30.000Z</time>
      </trkpt>
      <trkpt lat="49.4671841" lon="11.0997386">
        <ele>373.1</ele>
        <time>2026-09-09T07:20:51.000Z</time>
      </trkpt>
      <trkpt lat="49.4677669" lon="11.1003074">
        <ele>371.9</ele>
        <time>2026-09-09T07:21:12.000Z</time>
      </trkpt>
      <trkpt lat="49.4682633" lon="11.1005556">
        <ele>374.3</ele>
        <time>2026-09-09T07:21:33.000Z</time>
      </trkpt>
      <trkpt lat="49.4687028" lon="11.0997336">
        <ele>370.9</ele>
        <time>2026-09-09T07:21:53.000Z</time>
      </trkpt>
      <trkpt lat="49.469326" lon="11.1003438">
        <ele>375.3</ele>
        <time>2026-09-09T07:22:15.000Z</time>
      </trkpt>
      <trkpt lat="49.4700839" lon="11.1011335">
        <ele>374.1</ele>
        <time>2026-09-09T07:22:36.000Z</time>
      </trkpt>
      <trkpt lat="49.4699972" lon="11.1012423">
        <ele>372.1</ele>
        <time>2026-09-09T07:22:57.000Z</time>
      </trkpt>
      <trkpt lat="49.4700246" lon="11.1012865">
        <ele>369.5</ele>
        <time>2026-09-09T07:23:17.000Z</time>
      </trkpt>
      <trkpt lat="49.4700461" lon="11.1013196">
        <ele>371.4</ele>
        <time>2026-09-09T07:23:38.000Z</time>
      </trkpt>
      <trkpt lat="49.4700454" lon="11.1013186">
        <ele>371.5</ele>
        <time>2026-09-09T07:23:59.000Z</time>
      </trkpt>
      <trkpt lat="49.4700437" lon="11.101312">
        <ele>372.4</ele>
        <time>2026-09-09T07:24:19.000Z</time>
      </trkpt>
      <trkpt lat="49.4697596" lon="11.1015169">
        <ele>372.4</ele>
        <time>2026-09-09T07:24:40.000Z</time>
      </trkpt>
      <trkpt lat="49.4723239" lon="11.10341">
        <ele>376.6</ele>
        <time>2026-09-09T08:15:50.000Z</time>
      </trkpt>
      <trkpt lat="49.4719455" lon="11.1031787">
        <ele>371.6</ele>
        <time>2026-09-09T08:16:11.000Z</time>
      </trkpt>
      <trkpt lat="49.4725601" lon="11.103387">
        <ele>367.7</ele>
        <time>2026-09-09T08:16:31.000Z</time>
      </trkpt>
      <trkpt lat="49.4727472" lon="11.1034627">
        <ele>365.8</ele>
        <time>2026-09-09T08:16:53.000Z</time>
      </trkpt>
      <trkpt lat="49.4727478" lon="11.1034619">
        <ele>365.7</ele>
        <time>2026-09-09T08:17:13.000Z</time>
      </trkpt>
      <trkpt lat="49.4729213" lon="11.1034689">
        <ele>366.8</ele>
        <time>2026-09-09T08:17:35.000Z</time>
      </trkpt>
      <trkpt lat="49.4739462" lon="11.1037853">
        <ele>366.3</ele>
        <time>2026-09-09T08:17:56.000Z</time>
      </trkpt>
      <trkpt lat="49.4742716" lon="11.1038941">
        <ele>363.9</ele>
        <time>2026-09-09T08:18:16.000Z</time>
      </trkpt>
      <trkpt lat="49.4742731" lon="11.103901">
        <ele>362.8</ele>
        <time>2026-09-09T08:18:38.000Z</time>
      </trkpt>
      <trkpt lat="49.47467" lon="11.1039857">
        <ele>363.8</ele>
        <time>2026-09-09T08:18:58.000Z</time>
      </trkpt>
      <trkpt lat="49.4757166" lon="11.1043126">
        <ele>361.3</ele>
        <time>2026-09-09T08:19:19.000Z</time>
      </trkpt>
      <trkpt lat="49.4767385" lon="11.1051733">
        <ele>361.8</ele>
        <time>2026-09-09T08:19:40.000Z</time>
      </trkpt>
      <trkpt lat="49.4774175" lon="11.1064934">
        <ele>363.1</ele>
        <time>2026-09-09T08:20:01.000Z</time>
      </trkpt>
      <trkpt lat="49.4779134" lon="11.107879">
        <ele>366.1</ele>
        <time>2026-09-09T08:20:21.000Z</time>
      </trkpt>
      <trkpt lat="49.4783509" lon="11.1091715">
        <ele>365.5</ele>
        <time>2026-09-09T08:20:42.000Z</time>
      </trkpt>
      <trkpt lat="49.4787833" lon="11.1103416">
        <ele>369.1</ele>
        <time>2026-09-09T08:21:03.000Z</time>
      </trkpt>
      <trkpt lat="49.4792559" lon="11.1114215">
        <ele>371.2</ele>
        <time>2026-09-09T08:21:24.000Z</time>
      </trkpt>
      <trkpt lat="49.4798154" lon="11.1123814">
        <ele>371.5</ele>
        <time>2026-09-09T08:21:45.000Z</time>
      </trkpt>
      <trkpt lat="49.4803183" lon="11.1133617">
        <ele>371.8</ele>
        <time>2026-09-09T08:22:06.000Z</time>
      </trkpt>
      <trkpt lat="49.480909" lon="11.1145826">
        <ele>372.8</ele>
        <time>2026-09-09T08:22:26.000Z</time>
      </trkpt>
      <trkpt lat="49.4814073" lon="11.1158391">
        <ele>371.7</ele>
        <time>2026-09-09T08:22:48.000Z</time>
      </trkpt>
      <trkpt lat="49.4818412" lon="11.1165035">
        <ele>372.8</ele>
        <time>2026-09-09T08:23:08.000Z</time>
      </trkpt>
      <trkpt lat="49.482468" lon="11.1176969">
        <ele>373.1</ele>
        <time>2026-09-09T08:23:29.000Z</time>
      </trkpt>
      <trkpt lat="49.4832175" lon="11.1190699">
        <ele>374.6</ele>
        <time>2026-09-09T08:23:50.000Z</time>
      </trkpt>
      <trkpt lat="49.48404" lon="11.120287">
        <ele>373.3</ele>
        <time>2026-09-09T08:24:10.000Z</time>
      </trkpt>
      <trkpt lat="49.4849247" lon="11.1213904">
        <ele>371.5</ele>
        <time>2026-09-09T08:24:31.000Z</time>
      </trkpt>
      <trkpt lat="49.4851947" lon="11.1216126">
        <ele>369.7</ele>
        <time>2026-09-09T08:24:51.000Z</time>
      </trkpt>
      <trkpt lat="49.4861925" lon="11.1224202">
        <ele>365.1</ele>
        <time>2026-09-09T08:25:12.000Z</time>
      </trkpt>
      <trkpt lat="49.4872421" lon="11.1234175">
        <ele>368.9</ele>
        <time>2026-09-09T08:25:32.000Z</time>
      </trkpt>
      <trkpt lat="49.4880503" lon="11.1243673">
        <ele>369</ele>
        <time>2026-09-09T08:25:53.000Z</time>
      </trkpt>
      <trkpt lat="49.4889679" lon="11.1254772">
        <ele>368.7</ele>
        <time>2026-09-09T08:26:14.000Z</time>
      </trkpt>
      <trkpt lat="49.4894632" lon="11.1259402">
        <ele>370.9</ele>
        <time>2026-09-09T08:26:34.000Z</time>
      </trkpt>
      <trkpt lat="49.4898401" lon="11.1266951">
        <ele>371.5</ele>
        <time>2026-09-09T08:26:55.000Z</time>
      </trkpt>
      <trkpt lat="49.4902396" lon="11.1280585">
        <ele>366.8</ele>
        <time>2026-09-09T08:27:16.000Z</time>
      </trkpt>
      <trkpt lat="49.4908658" lon="11.1292569">
        <ele>366.1</ele>
        <time>2026-09-09T08:27:37.000Z</time>
      </trkpt>
      <trkpt lat="49.4915335" lon="11.1305549">
        <ele>371.2</ele>
        <time>2026-09-09T08:27:58.000Z</time>
      </trkpt>
      <trkpt lat="49.4924408" lon="11.1314038">
        <ele>365.8</ele>
        <time>2026-09-09T08:28:18.000Z</time>
      </trkpt>
      <trkpt lat="49.4932634" lon="11.132083">
        <ele>360.1</ele>
        <time>2026-09-09T08:28:39.000Z</time>
      </trkpt>
      <trkpt lat="49.4934789" lon="11.1334716">
        <ele>367.7</ele>
        <time>2026-09-09T08:29:00.000Z</time>
      </trkpt>
      <trkpt lat="49.4936216" lon="11.1349061">
        <ele>373.5</ele>
        <time>2026-09-09T08:29:21.000Z</time>
      </trkpt>
      <trkpt lat="49.4937566" lon="11.1364238">
        <ele>367.5</ele>
        <time>2026-09-09T08:29:41.000Z</time>
      </trkpt>
      <trkpt lat="49.4938859" lon="11.137914">
        <ele>367.3</ele>
        <time>2026-09-09T08:30:02.000Z</time>
      </trkpt>
      <trkpt lat="49.4939623" lon="11.1385635">
        <ele>371</ele>
        <time>2026-09-09T08:30:23.000Z</time>
      </trkpt>
      <trkpt lat="49.4943605" lon="11.1384735">
        <ele>372.1</ele>
        <time>2026-09-09T08:30:44.000Z</time>
      </trkpt>
      <trkpt lat="49.4954403" lon="11.1383791">
        <ele>372.6</ele>
        <time>2026-09-09T08:31:05.000Z</time>
      </trkpt>
      <trkpt lat="49.4962246" lon="11.1389343">
        <ele>368.8</ele>
        <time>2026-09-09T08:31:25.000Z</time>
      </trkpt>
      <trkpt lat="49.4966701" lon="11.1394884">
        <ele>372.4</ele>
        <time>2026-09-09T08:31:46.000Z</time>
      </trkpt>
      <trkpt lat="49.4971337" lon="11.1399751">
        <ele>378.2</ele>
        <time>2026-09-09T08:32:06.000Z</time>
      </trkpt>
      <trkpt lat="49.4975585" lon="11.1404357">
        <ele>378.1</ele>
        <time>2026-09-09T08:32:27.000Z</time>
      </trkpt>
      <trkpt lat="49.4980526" lon="11.1410172">
        <ele>377.4</ele>
        <time>2026-09-09T08:32:48.000Z</time>
      </trkpt>
      <trkpt lat="49.4982712" lon="11.1412699">
        <ele>373.9</ele>
        <time>2026-09-09T08:33:09.000Z</time>
      </trkpt>
      <trkpt lat="49.4982958" lon="11.1412758">
        <ele>377.4</ele>
        <time>2026-09-09T08:33:30.000Z</time>
      </trkpt>
      <trkpt lat="49.4982883" lon="11.1412571">
        <ele>378.5</ele>
        <time>2026-09-09T08:33:51.000Z</time>
      </trkpt>
      <trkpt lat="49.4982893" lon="11.141257">
        <ele>378.8</ele>
        <time>2026-09-09T08:34:11.000Z</time>
      </trkpt>
      <trkpt lat="49.4982894" lon="11.1412572">
        <ele>378.9</ele>
        <time>2026-09-09T08:34:32.000Z</time>
      </trkpt>
      <trkpt lat="49.4982897" lon="11.1412573">
        <ele>379</ele>
        <time>2026-09-09T08:34:53.000Z</time>
      </trkpt>
      <trkpt lat="49.4986665" lon="11.1403785">
        <ele>381.3</ele>
        <time>2026-09-09T08:35:14.000Z</time>
      </trkpt>
      <trkpt lat="49.4986395" lon="11.1388199">
        <ele>383.6</ele>
        <time>2026-09-09T08:35:34.000Z</time>
      </trkpt>
      <trkpt lat="49.4988401" lon="11.1383052">
        <ele>383.8</ele>
        <time>2026-09-09T08:35:55.000Z</time>
      </trkpt>
      <trkpt lat="49.4989354" lon="11.1381021">
        <ele>384</ele>
        <time>2026-09-09T08:36:16.000Z</time>
      </trkpt>
      <trkpt lat="49.4996819" lon="11.137612">
        <ele>383.3</ele>
        <time>2026-09-09T08:36:37.000Z</time>
      </trkpt>
      <trkpt lat="49.5003201" lon="11.1372919">
        <ele>385.3</ele>
        <time>2026-09-09T08:36:58.000Z</time>
      </trkpt>
      <trkpt lat="49.500688" lon="11.1364075">
        <ele>389.6</ele>
        <time>2026-09-09T08:37:19.000Z</time>
      </trkpt>
      <trkpt lat="49.501121" lon="11.1355063">
        <ele>391.1</ele>
        <time>2026-09-09T08:37:39.000Z</time>
      </trkpt>
      <trkpt lat="49.5017527" lon="11.1349081">
        <ele>391.5</ele>
        <time>2026-09-09T08:38:00.000Z</time>
      </trkpt>
      <trkpt lat="49.5022471" lon="11.1346263">
        <ele>391.1</ele>
        <time>2026-09-09T08:38:21.000Z</time>
      </trkpt>
      <trkpt lat="49.5030541" lon="11.1345243">
        <ele>389.7</ele>
        <time>2026-09-09T08:38:41.000Z</time>
      </trkpt>
      <trkpt lat="49.5037586" lon="11.1344892">
        <ele>394.9</ele>
        <time>2026-09-09T08:39:03.000Z</time>
      </trkpt>
      <trkpt lat="49.5044189" lon="11.1344075">
        <ele>397.2</ele>
        <time>2026-09-09T08:39:24.000Z</time>
      </trkpt>
      <trkpt lat="49.5051164" lon="11.1343845">
        <ele>397.7</ele>
        <time>2026-09-09T08:39:45.000Z</time>
      </trkpt>
      <trkpt lat="49.5056971" lon="11.1345221">
        <ele>395.4</ele>
        <time>2026-09-09T08:40:05.000Z</time>
      </trkpt>
      <trkpt lat="49.5061416" lon="11.1346109">
        <ele>403.6</ele>
        <time>2026-09-09T08:40:26.000Z</time>
      </trkpt>
      <trkpt lat="49.5066667" lon="11.1344444">
        <ele>404.9</ele>
        <time>2026-09-09T08:40:46.000Z</time>
      </trkpt>
      <trkpt lat="49.5071149" lon="11.1348241">
        <ele>406.3</ele>
        <time>2026-09-09T08:41:07.000Z</time>
      </trkpt>
      <trkpt lat="49.5073348" lon="11.1353135">
        <ele>403.3</ele>
        <time>2026-09-09T08:41:28.000Z</time>
      </trkpt>
      <trkpt lat="49.507504" lon="11.1358855">
        <ele>399.5</ele>
        <time>2026-09-09T08:41:48.000Z</time>
      </trkpt>
      <trkpt lat="49.5076676" lon="11.1365408">
        <ele>395.7</ele>
        <time>2026-09-09T08:42:10.000Z</time>
      </trkpt>
      <trkpt lat="49.5078879" lon="11.1371661">
        <ele>400.8</ele>
        <time>2026-09-09T08:42:31.000Z</time>
      </trkpt>
      <trkpt lat="49.5080585" lon="11.1377755">
        <ele>402</ele>
        <time>2026-09-09T08:42:51.000Z</time>
      </trkpt>
      <trkpt lat="49.5082607" lon="11.1383106">
        <ele>412.7</ele>
        <time>2026-09-09T08:43:13.000Z</time>
      </trkpt>
      <trkpt lat="49.5083262" lon="11.1387824">
        <ele>407.2</ele>
        <time>2026-09-09T08:43:33.000Z</time>
      </trkpt>
      <trkpt lat="49.5084568" lon="11.1392311">
        <ele>409.4</ele>
        <time>2026-09-09T08:43:55.000Z</time>
      </trkpt>
      <trkpt lat="49.5087712" lon="11.1396625">
        <ele>421.9</ele>
        <time>2026-09-09T08:44:15.000Z</time>
      </trkpt>
      <trkpt lat="49.5091328" lon="11.139958">
        <ele>431.5</ele>
        <time>2026-09-09T08:44:36.000Z</time>
      </trkpt>
      <trkpt lat="49.5094501" lon="11.1402662">
        <ele>431.3</ele>
        <time>2026-09-09T08:44:57.000Z</time>
      </trkpt>
      <trkpt lat="49.5098904" lon="11.1406486">
        <ele>433.8</ele>
        <time>2026-09-09T08:45:17.000Z</time>
      </trkpt>
      <trkpt lat="49.5103076" lon="11.140963">
        <ele>438</ele>
        <time>2026-09-09T08:45:38.000Z</time>
      </trkpt>
      <trkpt lat="49.5107454" lon="11.1412011">
        <ele>440.2</ele>
        <time>2026-09-09T08:45:58.000Z</time>
      </trkpt>
      <trkpt lat="49.5113011" lon="11.1414835">
        <ele>438.3</ele>
        <time>2026-09-09T08:46:19.000Z</time>
      </trkpt>
      <trkpt lat="49.5120426" lon="11.1417769">
        <ele>435.1</ele>
        <time>2026-09-09T08:46:40.000Z</time>
      </trkpt>
      <trkpt lat="49.5126225" lon="11.1421073">
        <ele>432.3</ele>
        <time>2026-09-09T08:47:01.000Z</time>
      </trkpt>
      <trkpt lat="49.5133567" lon="11.1425612">
        <ele>427.9</ele>
        <time>2026-09-09T08:47:22.000Z</time>
      </trkpt>
      <trkpt lat="49.5146614" lon="11.1435513">
        <ele>417.8</ele>
        <time>2026-09-09T08:47:43.000Z</time>
      </trkpt>
      <trkpt lat="49.5162801" lon="11.1448045">
        <ele>404.4</ele>
        <time>2026-09-09T08:48:04.000Z</time>
      </trkpt>
      <trkpt lat="49.516557" lon="11.1450621">
        <ele>404.5</ele>
        <time>2026-09-09T08:48:24.000Z</time>
      </trkpt>
      <trkpt lat="49.5165733" lon="11.1450317">
        <ele>406.1</ele>
        <time>2026-09-09T08:48:46.000Z</time>
      </trkpt>
      <trkpt lat="49.516573" lon="11.1450305">
        <ele>406.1</ele>
        <time>2026-09-09T08:49:07.000Z</time>
      </trkpt>
      <trkpt lat="49.5165729" lon="11.1450305">
        <ele>406.2</ele>
        <time>2026-09-09T08:49:28.000Z</time>
      </trkpt>
      <trkpt lat="49.5166918" lon="11.1452489">
        <ele>403.6</ele>
        <time>2026-09-09T08:49:49.000Z</time>
      </trkpt>
      <trkpt lat="49.5174952" lon="11.1461359">
        <ele>398.3</ele>
        <time>2026-09-09T08:50:09.000Z</time>
      </trkpt>
      <trkpt lat="49.518434" lon="11.1472465">
        <ele>395.3</ele>
        <time>2026-09-09T08:50:30.000Z</time>
      </trkpt>
      <trkpt lat="49.5192903" lon="11.1483977">
        <ele>389.1</ele>
        <time>2026-09-09T08:50:51.000Z</time>
      </trkpt>
      <trkpt lat="49.5199969" lon="11.1497508">
        <ele>386.4</ele>
        <time>2026-09-09T08:51:11.000Z</time>
      </trkpt>
      <trkpt lat="49.5203738" lon="11.1504854">
        <ele>385.2</ele>
        <time>2026-09-09T08:51:32.000Z</time>
      </trkpt>
      <trkpt lat="49.5206785" lon="11.1503483">
        <ele>387.2</ele>
        <time>2026-09-09T08:51:52.000Z</time>
      </trkpt>
      <trkpt lat="49.5206809" lon="11.1503561">
        <ele>387.3</ele>
        <time>2026-09-09T08:52:13.000Z</time>
      </trkpt>
      <trkpt lat="49.5207369" lon="11.1499633">
        <ele>389</ele>
        <time>2026-09-09T08:52:34.000Z</time>
      </trkpt>
      <trkpt lat="49.5212053" lon="11.14993">
        <ele>391.9</ele>
        <time>2026-09-09T08:52:55.000Z</time>
      </trkpt>
      <trkpt lat="49.52237" lon="11.1505405">
        <ele>389.7</ele>
        <time>2026-09-09T08:53:16.000Z</time>
      </trkpt>
      <trkpt lat="49.5236041" lon="11.1508681">
        <ele>389.2</ele>
        <time>2026-09-09T08:53:37.000Z</time>
      </trkpt>
      <trkpt lat="49.5247174" lon="11.1510581">
        <ele>389.3</ele>
        <time>2026-09-09T08:53:57.000Z</time>
      </trkpt>
      <trkpt lat="49.5254872" lon="11.1511518">
        <ele>393.6</ele>
        <time>2026-09-09T08:54:18.000Z</time>
      </trkpt>
      <trkpt lat="49.526153" lon="11.151321">
        <ele>396.3</ele>
        <time>2026-09-09T08:54:39.000Z</time>
      </trkpt>
      <trkpt lat="49.5267659" lon="11.1514076">
        <ele>396.9</ele>
        <time>2026-09-09T08:55:00.000Z</time>
      </trkpt>
      <trkpt lat="49.5273418" lon="11.1514792">
        <ele>396.5</ele>
        <time>2026-09-09T08:55:20.000Z</time>
      </trkpt>
      <trkpt lat="49.5280667" lon="11.1514184">
        <ele>396.1</ele>
        <time>2026-09-09T08:55:42.000Z</time>
      </trkpt>
      <trkpt lat="49.5289509" lon="11.1510913">
        <ele>396.9</ele>
        <time>2026-09-09T08:56:03.000Z</time>
      </trkpt>
      <trkpt lat="49.5298135" lon="11.1508974">
        <ele>396</ele>
        <time>2026-09-09T08:56:23.000Z</time>
      </trkpt>
      <trkpt lat="49.5306705" lon="11.1509426">
        <ele>395.9</ele>
        <time>2026-09-09T08:56:44.000Z</time>
      </trkpt>
      <trkpt lat="49.5314571" lon="11.1513785">
        <ele>395.4</ele>
        <time>2026-09-09T08:57:05.000Z</time>
      </trkpt>
      <trkpt lat="49.5322357" lon="11.15197">
        <ele>397.4</ele>
        <time>2026-09-09T08:57:27.000Z</time>
      </trkpt>
      <trkpt lat="49.5328859" lon="11.1524917">
        <ele>391.9</ele>
        <time>2026-09-09T08:57:47.000Z</time>
      </trkpt>
      <trkpt lat="49.5335995" lon="11.1529335">
        <ele>394.3</ele>
        <time>2026-09-09T08:58:08.000Z</time>
      </trkpt>
      <trkpt lat="49.5344911" lon="11.1534833">
        <ele>394.6</ele>
        <time>2026-09-09T08:58:28.000Z</time>
      </trkpt>
      <trkpt lat="49.5353057" lon="11.1539448">
        <ele>399</ele>
        <time>2026-09-09T08:58:49.000Z</time>
      </trkpt>
      <trkpt lat="49.5356973" lon="11.1542186">
        <ele>399.1</ele>
        <time>2026-09-09T08:59:10.000Z</time>
      </trkpt>
      <trkpt lat="49.5363567" lon="11.1546413">
        <ele>395.4</ele>
        <time>2026-09-09T08:59:30.000Z</time>
      </trkpt>
      <trkpt lat="49.5371022" lon="11.1550376">
        <ele>399.5</ele>
        <time>2026-09-09T08:59:51.000Z</time>
      </trkpt>
      <trkpt lat="49.5378429" lon="11.1553451">
        <ele>399.4</ele>
        <time>2026-09-09T09:00:12.000Z</time>
      </trkpt>
      <trkpt lat="49.5380404" lon="11.1555556">
        <ele>396.4</ele>
        <time>2026-09-09T09:00:33.000Z</time>
      </trkpt>
      <trkpt lat="49.5380564" lon="11.1555309">
        <ele>396.9</ele>
        <time>2026-09-09T09:00:54.000Z</time>
      </trkpt>
      <trkpt lat="49.5380961" lon="11.1555464">
        <ele>400.4</ele>
        <time>2026-09-09T09:01:15.000Z</time>
      </trkpt>
      <trkpt lat="49.5380037" lon="11.1560218">
        <ele>397.1</ele>
        <time>2026-09-09T09:01:36.000Z</time>
      </trkpt>
      <trkpt lat="49.5375029" lon="11.1570138">
        <ele>394.8</ele>
        <time>2026-09-09T09:01:57.000Z</time>
      </trkpt>
      <trkpt lat="49.5369921" lon="11.1573285">
        <ele>398</ele>
        <time>2026-09-09T09:02:18.000Z</time>
      </trkpt>
      <trkpt lat="49.5368791" lon="11.1575622">
        <ele>399.9</ele>
        <time>2026-09-09T09:02:39.000Z</time>
      </trkpt>
      <trkpt lat="49.5368463" lon="11.1575878">
        <ele>401.5</ele>
        <time>2026-09-09T09:02:59.000Z</time>
      </trkpt>
      <trkpt lat="49.536846" lon="11.1575884">
        <ele>401.2</ele>
        <time>2026-09-09T09:03:20.000Z</time>
      </trkpt>
      <trkpt lat="49.5368442" lon="11.157562">
        <ele>402.3</ele>
        <time>2026-09-09T09:03:41.000Z</time>
      </trkpt>
      <trkpt lat="49.5370704" lon="11.1573389">
        <ele>401.2</ele>
        <time>2026-09-09T09:04:01.000Z</time>
      </trkpt>
      <trkpt lat="49.5377226" lon="11.1574009">
        <ele>400.4</ele>
        <time>2026-09-09T09:04:22.000Z</time>
      </trkpt>
      <trkpt lat="49.5387142" lon="11.1573098">
        <ele>403</ele>
        <time>2026-09-09T09:04:43.000Z</time>
      </trkpt>
      <trkpt lat="49.5396367" lon="11.1573499">
        <ele>403.2</ele>
        <time>2026-09-09T09:05:04.000Z</time>
      </trkpt>
      <trkpt lat="49.5402967" lon="11.1575247">
        <ele>403.9</ele>
        <time>2026-09-09T09:05:25.000Z</time>
      </trkpt>
      <trkpt lat="49.5403017" lon="11.1575086">
        <ele>403.1</ele>
        <time>2026-09-09T09:05:45.000Z</time>
      </trkpt>
      <trkpt lat="49.5403326" lon="11.1575427">
        <ele>400.1</ele>
        <time>2026-09-09T09:06:06.000Z</time>
      </trkpt>
      <trkpt lat="49.5409063" lon="11.1583922">
        <ele>400.2</ele>
        <time>2026-09-09T09:06:27.000Z</time>
      </trkpt>
      <trkpt lat="49.5413052" lon="11.1590917">
        <ele>403.9</ele>
        <time>2026-09-09T09:06:47.000Z</time>
      </trkpt>
      <trkpt lat="49.5416661" lon="11.1596943">
        <ele>407.2</ele>
        <time>2026-09-09T09:07:08.000Z</time>
      </trkpt>
      <trkpt lat="49.5420765" lon="11.1603155">
        <ele>408.1</ele>
        <time>2026-09-09T09:07:29.000Z</time>
      </trkpt>
      <trkpt lat="49.5426789" lon="11.1611621">
        <ele>407</ele>
        <time>2026-09-09T09:07:49.000Z</time>
      </trkpt>
      <trkpt lat="49.543564" lon="11.1620008">
        <ele>407.3</ele>
        <time>2026-09-09T09:08:10.000Z</time>
      </trkpt>
      <trkpt lat="49.5441443" lon="11.1629701">
        <ele>406.7</ele>
        <time>2026-09-09T09:08:31.000Z</time>
      </trkpt>
      <trkpt lat="49.544748" lon="11.1629176">
        <ele>413.9</ele>
        <time>2026-09-09T09:08:52.000Z</time>
      </trkpt>
      <trkpt lat="49.5453731" lon="11.1628827">
        <ele>421.1</ele>
        <time>2026-09-09T09:09:13.000Z</time>
      </trkpt>
      <trkpt lat="49.5460729" lon="11.1629359">
        <ele>424.3</ele>
        <time>2026-09-09T09:09:33.000Z</time>
      </trkpt>
      <trkpt lat="49.5468305" lon="11.1629827">
        <ele>426.9</ele>
        <time>2026-09-09T09:09:54.000Z</time>
      </trkpt>
      <trkpt lat="49.5477397" lon="11.1632214">
        <ele>426.2</ele>
        <time>2026-09-09T09:10:14.000Z</time>
      </trkpt>
      <trkpt lat="49.5481439" lon="11.1639245">
        <ele>420.4</ele>
        <time>2026-09-09T09:10:35.000Z</time>
      </trkpt>
      <trkpt lat="49.5481546" lon="11.1640753">
        <ele>421</ele>
        <time>2026-09-09T09:10:55.000Z</time>
      </trkpt>
      <trkpt lat="49.5488494" lon="11.1641631">
        <ele>423.1</ele>
        <time>2026-09-09T09:11:16.000Z</time>
      </trkpt>
      <trkpt lat="49.5498201" lon="11.1649098">
        <ele>420.7</ele>
        <time>2026-09-09T09:11:38.000Z</time>
      </trkpt>
      <trkpt lat="49.5503875" lon="11.1655432">
        <ele>422.4</ele>
        <time>2026-09-09T09:11:58.000Z</time>
      </trkpt>
      <trkpt lat="49.5509655" lon="11.1661881">
        <ele>425.3</ele>
        <time>2026-09-09T09:12:20.000Z</time>
      </trkpt>
      <trkpt lat="49.5515649" lon="11.1667662">
        <ele>427.5</ele>
        <time>2026-09-09T09:12:41.000Z</time>
      </trkpt>
      <trkpt lat="49.5521757" lon="11.1672371">
        <ele>428.7</ele>
        <time>2026-09-09T09:13:01.000Z</time>
      </trkpt>
      <trkpt lat="49.5527443" lon="11.1677751">
        <ele>429.1</ele>
        <time>2026-09-09T09:13:22.000Z</time>
      </trkpt>
      <trkpt lat="49.5533599" lon="11.1682123">
        <ele>434.1</ele>
        <time>2026-09-09T09:13:43.000Z</time>
      </trkpt>
      <trkpt lat="49.5539397" lon="11.1688387">
        <ele>436.4</ele>
        <time>2026-09-09T09:14:04.000Z</time>
      </trkpt>
      <trkpt lat="49.5544462" lon="11.1695171">
        <ele>439.7</ele>
        <time>2026-09-09T09:14:25.000Z</time>
      </trkpt>
      <trkpt lat="49.5548587" lon="11.1701894">
        <ele>441.8</ele>
        <time>2026-09-09T09:14:46.000Z</time>
      </trkpt>
      <trkpt lat="49.5552645" lon="11.1710262">
        <ele>445.6</ele>
        <time>2026-09-09T09:15:07.000Z</time>
      </trkpt>
      <trkpt lat="49.555572" lon="11.1717371">
        <ele>446.9</ele>
        <time>2026-09-09T09:15:28.000Z</time>
      </trkpt>
      <trkpt lat="49.5559248" lon="11.1725886">
        <ele>448.7</ele>
        <time>2026-09-09T09:15:48.000Z</time>
      </trkpt>
      <trkpt lat="49.5563296" lon="11.1735221">
        <ele>450.6</ele>
        <time>2026-09-09T09:16:09.000Z</time>
      </trkpt>
      <trkpt lat="49.5567339" lon="11.1742814">
        <ele>449.4</ele>
        <time>2026-09-09T09:16:29.000Z</time>
      </trkpt>
      <trkpt lat="49.5570939" lon="11.1747705">
        <ele>452.5</ele>
        <time>2026-09-09T09:16:50.000Z</time>
      </trkpt>
      <trkpt lat="49.5573846" lon="11.1750555">
        <ele>456.3</ele>
        <time>2026-09-09T09:17:10.000Z</time>
      </trkpt>
      <trkpt lat="49.5578032" lon="11.1754779">
        <ele>459.9</ele>
        <time>2026-09-09T09:17:31.000Z</time>
      </trkpt>
      <trkpt lat="49.5584027" lon="11.1759407">
        <ele>461.2</ele>
        <time>2026-09-09T09:17:53.000Z</time>
      </trkpt>
      <trkpt lat="49.5591346" lon="11.1763445">
        <ele>461</ele>
        <time>2026-09-09T09:18:13.000Z</time>
      </trkpt>
      <trkpt lat="49.5592778" lon="11.1766863">
        <ele>461.5</ele>
        <time>2026-09-09T09:18:34.000Z</time>
      </trkpt>
      <trkpt lat="49.5592773" lon="11.1766809">
        <ele>461.3</ele>
        <time>2026-09-09T09:18:55.000Z</time>
      </trkpt>
      <trkpt lat="49.5592773" lon="11.1766806">
        <ele>461.3</ele>
        <time>2026-09-09T09:19:16.000Z</time>
      </trkpt>
      <trkpt lat="49.5593157" lon="11.1766716">
        <ele>460.6</ele>
        <time>2026-09-09T09:19:37.000Z</time>
      </trkpt>
      <trkpt lat="49.559441" lon="11.1766869">
        <ele>459.9</ele>
        <time>2026-09-09T09:19:57.000Z</time>
      </trkpt>
      <trkpt lat="49.5595559" lon="11.1765024">
        <ele>461.4</ele>
        <time>2026-09-09T09:20:18.000Z</time>
      </trkpt>
      <trkpt lat="49.5596082" lon="11.1764595">
        <ele>460.7</ele>
        <time>2026-09-09T09:20:39.000Z</time>
      </trkpt>
      <trkpt lat="49.5605889" lon="11.1766291">
        <ele>460.7</ele>
        <time>2026-09-09T09:20:59.000Z</time>
      </trkpt>
      <trkpt lat="49.5616149" lon="11.1774974">
        <ele>458.1</ele>
        <time>2026-09-09T09:21:20.000Z</time>
      </trkpt>
      <trkpt lat="49.5627094" lon="11.1787932">
        <ele>450.7</ele>
        <time>2026-09-09T09:21:41.000Z</time>
      </trkpt>
      <trkpt lat="49.5633704" lon="11.1811188">
        <ele>438.9</ele>
        <time>2026-09-09T09:22:01.000Z</time>
      </trkpt>
      <trkpt lat="49.5649404" lon="11.1828493">
        <ele>428.4</ele>
        <time>2026-09-09T09:22:22.000Z</time>
      </trkpt>
      <trkpt lat="49.5663536" lon="11.1843218">
        <ele>421.9</ele>
        <time>2026-09-09T09:22:43.000Z</time>
      </trkpt>
      <trkpt lat="49.567398" lon="11.1866742">
        <ele>412.1</ele>
        <time>2026-09-09T09:23:04.000Z</time>
      </trkpt>
      <trkpt lat="49.5688412" lon="11.1887974">
        <ele>400.9</ele>
        <time>2026-09-09T09:23:24.000Z</time>
      </trkpt>
      <trkpt lat="49.5705023" lon="11.1901431">
        <ele>392.9</ele>
        <time>2026-09-09T09:23:46.000Z</time>
      </trkpt>
      <trkpt lat="49.5722273" lon="11.1906036">
        <ele>388.2</ele>
        <time>2026-09-09T09:24:06.000Z</time>
      </trkpt>
      <trkpt lat="49.5737375" lon="11.1916986">
        <ele>380.1</ele>
        <time>2026-09-09T09:24:27.000Z</time>
      </trkpt>
      <trkpt lat="49.5740575" lon="11.1917916">
        <ele>382</ele>
        <time>2026-09-09T09:24:48.000Z</time>
      </trkpt>
      <trkpt lat="49.5742638" lon="11.1921192">
        <ele>382.3</ele>
        <time>2026-09-09T09:25:09.000Z</time>
      </trkpt>
      <trkpt lat="49.574239" lon="11.1920837">
        <ele>382.7</ele>
        <time>2026-09-09T09:25:29.000Z</time>
      </trkpt>
      <trkpt lat="49.5742384" lon="11.1920499">
        <ele>383</ele>
        <time>2026-09-09T09:25:50.000Z</time>
      </trkpt>
      <trkpt lat="49.574451" lon="11.1924422">
        <ele>383.2</ele>
        <time>2026-09-09T09:26:10.000Z</time>
      </trkpt>
      <trkpt lat="49.5745437" lon="11.193121">
        <ele>383.9</ele>
        <time>2026-09-09T09:26:31.000Z</time>
      </trkpt>
      <trkpt lat="49.5746238" lon="11.1937965">
        <ele>382.6</ele>
        <time>2026-09-09T09:26:51.000Z</time>
      </trkpt>
      <trkpt lat="49.5746142" lon="11.194133">
        <ele>385.1</ele>
        <time>2026-09-09T09:27:12.000Z</time>
      </trkpt>
      <trkpt lat="49.5746056" lon="11.1941382">
        <ele>386.3</ele>
        <time>2026-09-09T09:27:33.000Z</time>
      </trkpt>
      <trkpt lat="49.5746049" lon="11.19414">
        <ele>386.5</ele>
        <time>2026-09-09T09:27:55.000Z</time>
      </trkpt>
      <trkpt lat="49.5746159" lon="11.1941532">
        <ele>385.3</ele>
        <time>2026-09-09T09:28:15.000Z</time>
      </trkpt>
      <trkpt lat="49.5746228" lon="11.1941414">
        <ele>383.4</ele>
        <time>2026-09-09T09:28:37.000Z</time>
      </trkpt>
      <trkpt lat="49.5746269" lon="11.1941539">
        <ele>385.3</ele>
        <time>2026-09-09T09:28:57.000Z</time>
      </trkpt>
      <trkpt lat="49.5746267" lon="11.1941548">
        <ele>385.7</ele>
        <time>2026-09-09T09:29:18.000Z</time>
      </trkpt>
      <trkpt lat="49.5746266" lon="11.1941547">
        <ele>385.7</ele>
        <time>2026-09-09T09:29:39.000Z</time>
      </trkpt>
      <trkpt lat="49.5746262" lon="11.1941533">
        <ele>385.5</ele>
        <time>2026-09-09T09:29:59.000Z</time>
      </trkpt>
      <trkpt lat="49.574626" lon="11.1941527">
        <ele>385.4</ele>
        <time>2026-09-09T09:30:21.000Z</time>
      </trkpt>
      <trkpt lat="49.5746208" lon="11.1941161">
        <ele>380.9</ele>
        <time>2026-09-09T09:30:41.000Z</time>
      </trkpt>
      <trkpt lat="49.5746201" lon="11.1941154">
        <ele>380.7</ele>
        <time>2026-09-09T09:31:03.000Z</time>
      </trkpt>
      <trkpt lat="49.5746205" lon="11.1941157">
        <ele>380.8</ele>
        <time>2026-09-09T09:31:24.000Z</time>
      </trkpt>
      <trkpt lat="49.5746209" lon="11.1941155">
        <ele>380.9</ele>
        <time>2026-09-09T09:31:44.000Z</time>
      </trkpt>
      <trkpt lat="49.574621" lon="11.1941156">
        <ele>381</ele>
        <time>2026-09-09T09:32:05.000Z</time>
      </trkpt>
      <trkpt lat="49.5746347" lon="11.1941227">
        <ele>381.7</ele>
        <time>2026-09-09T09:32:26.000Z</time>
      </trkpt>
      <trkpt lat="49.5746364" lon="11.1941219">
        <ele>381.8</ele>
        <time>2026-09-09T09:32:47.000Z</time>
      </trkpt>
      <trkpt lat="49.5746408" lon="11.1941212">
        <ele>382.1</ele>
        <time>2026-09-09T09:33:07.000Z</time>
      </trkpt>
      <trkpt lat="49.5746382" lon="11.1941342">
        <ele>382.5</ele>
        <time>2026-09-09T09:33:28.000Z</time>
      </trkpt>
      <trkpt lat="49.5746298" lon="11.1941363">
        <ele>382.2</ele>
        <time>2026-09-09T09:33:49.000Z</time>
      </trkpt>
      <trkpt lat="49.5746185" lon="11.1942007">
        <ele>386.4</ele>
        <time>2026-09-09T09:34:09.000Z</time>
      </trkpt>
      <trkpt lat="49.5745176" lon="11.1943192">
        <ele>386.7</ele>
        <time>2026-09-09T09:34:30.000Z</time>
      </trkpt>
      <trkpt lat="49.5744436" lon="11.1953801">
        <ele>388.5</ele>
        <time>2026-09-09T09:34:50.000Z</time>
      </trkpt>
      <trkpt lat="49.5742612" lon="11.196825">
        <ele>389.4</ele>
        <time>2026-09-09T09:35:11.000Z</time>
      </trkpt>
      <trkpt lat="49.5742388" lon="11.1981268">
        <ele>390.5</ele>
        <time>2026-09-09T09:35:32.000Z</time>
      </trkpt>
      <trkpt lat="49.5742335" lon="11.1992698">
        <ele>391.3</ele>
        <time>2026-09-09T09:35:54.000Z</time>
      </trkpt>
      <trkpt lat="49.5742338" lon="11.2002332">
        <ele>394.2</ele>
        <time>2026-09-09T09:36:14.000Z</time>
      </trkpt>
      <trkpt lat="49.5741139" lon="11.2012904">
        <ele>394.4</ele>
        <time>2026-09-09T09:36:35.000Z</time>
      </trkpt>
      <trkpt lat="49.5746641" lon="11.2021466">
        <ele>392.5</ele>
        <time>2026-09-09T09:36:57.000Z</time>
      </trkpt>
      <trkpt lat="49.575628" lon="11.2028417">
        <ele>388.9</ele>
        <time>2026-09-09T09:37:18.000Z</time>
      </trkpt>
      <trkpt lat="49.5757574" lon="11.2030092">
        <ele>390.7</ele>
        <time>2026-09-09T09:37:39.000Z</time>
      </trkpt>
      <trkpt lat="49.5757579" lon="11.2030102">
        <ele>390.8</ele>
        <time>2026-09-09T09:38:00.000Z</time>
      </trkpt>
      <trkpt lat="49.5762354" lon="11.2032389">
        <ele>388.9</ele>
        <time>2026-09-09T09:38:20.000Z</time>
      </trkpt>
      <trkpt lat="49.577177" lon="11.2037534">
        <ele>388</ele>
        <time>2026-09-09T09:38:42.000Z</time>
      </trkpt>
      <trkpt lat="49.578213" lon="11.2042895">
        <ele>386</ele>
        <time>2026-09-09T09:39:03.000Z</time>
      </trkpt>
      <trkpt lat="49.5791792" lon="11.2050218">
        <ele>382.9</ele>
        <time>2026-09-09T09:39:24.000Z</time>
      </trkpt>
      <trkpt lat="49.5802225" lon="11.2063137">
        <ele>378.4</ele>
        <time>2026-09-09T09:39:45.000Z</time>
      </trkpt>
      <trkpt lat="49.581528" lon="11.2069877">
        <ele>372.2</ele>
        <time>2026-09-09T09:40:06.000Z</time>
      </trkpt>
      <trkpt lat="49.5824262" lon="11.2070556">
        <ele>374.8</ele>
        <time>2026-09-09T09:40:26.000Z</time>
      </trkpt>
      <trkpt lat="49.5836456" lon="11.2082307">
        <ele>372.6</ele>
        <time>2026-09-09T09:40:48.000Z</time>
      </trkpt>
      <trkpt lat="49.584819" lon="11.2093867">
        <ele>372.6</ele>
        <time>2026-09-09T09:41:08.000Z</time>
      </trkpt>
      <trkpt lat="49.5857873" lon="11.2103461">
        <ele>371.8</ele>
        <time>2026-09-09T09:41:29.000Z</time>
      </trkpt>
      <trkpt lat="49.5865276" lon="11.2113342">
        <ele>372.6</ele>
        <time>2026-09-09T09:41:50.000Z</time>
      </trkpt>
      <trkpt lat="49.5870907" lon="11.2122972">
        <ele>372.5</ele>
        <time>2026-09-09T09:42:11.000Z</time>
      </trkpt>
      <trkpt lat="49.5875368" lon="11.2131158">
        <ele>374.1</ele>
        <time>2026-09-09T09:42:32.000Z</time>
      </trkpt>
      <trkpt lat="49.587917" lon="11.2138594">
        <ele>374.9</ele>
        <time>2026-09-09T09:42:53.000Z</time>
      </trkpt>
      <trkpt lat="49.588347" lon="11.2147373">
        <ele>375.3</ele>
        <time>2026-09-09T09:43:13.000Z</time>
      </trkpt>
      <trkpt lat="49.5888218" lon="11.2157833">
        <ele>376.2</ele>
        <time>2026-09-09T09:43:34.000Z</time>
      </trkpt>
      <trkpt lat="49.5894089" lon="11.2169584">
        <ele>378.4</ele>
        <time>2026-09-09T09:43:55.000Z</time>
      </trkpt>
      <trkpt lat="49.5897988" lon="11.2178664">
        <ele>377.3</ele>
        <time>2026-09-09T09:44:16.000Z</time>
      </trkpt>
      <trkpt lat="49.59023" lon="11.218705">
        <ele>373.8</ele>
        <time>2026-09-09T09:44:37.000Z</time>
      </trkpt>
      <trkpt lat="49.5909957" lon="11.2196721">
        <ele>372.4</ele>
        <time>2026-09-09T09:44:57.000Z</time>
      </trkpt>
      <trkpt lat="49.5915404" lon="11.2204779">
        <ele>371.1</ele>
        <time>2026-09-09T09:45:18.000Z</time>
      </trkpt>
      <trkpt lat="49.5922449" lon="11.2215408">
        <ele>369.3</ele>
        <time>2026-09-09T09:45:39.000Z</time>
      </trkpt>
      <trkpt lat="49.5930087" lon="11.2221713">
        <ele>368</ele>
        <time>2026-09-09T09:46:00.000Z</time>
      </trkpt>
      <trkpt lat="49.5938768" lon="11.222717">
        <ele>368</ele>
        <time>2026-09-09T09:46:21.000Z</time>
      </trkpt>
      <trkpt lat="49.5943269" lon="11.223725">
        <ele>368.3</ele>
        <time>2026-09-09T09:46:42.000Z</time>
      </trkpt>
      <trkpt lat="49.5947397" lon="11.2249043">
        <ele>367.7</ele>
        <time>2026-09-09T09:47:02.000Z</time>
      </trkpt>
      <trkpt lat="49.5947317" lon="11.2250172">
        <ele>365.2</ele>
        <time>2026-09-09T09:47:24.000Z</time>
      </trkpt>
      <trkpt lat="49.594718" lon="11.2250078">
        <ele>363.9</ele>
        <time>2026-09-09T09:47:44.000Z</time>
      </trkpt>
      <trkpt lat="49.5947183" lon="11.2249905">
        <ele>364.3</ele>
        <time>2026-09-09T09:48:05.000Z</time>
      </trkpt>
      <trkpt lat="49.5947362" lon="11.224936">
        <ele>365.6</ele>
        <time>2026-09-09T09:48:26.000Z</time>
      </trkpt>
      <trkpt lat="49.5947447" lon="11.2249156">
        <ele>367.4</ele>
        <time>2026-09-09T09:48:46.000Z</time>
      </trkpt>
      <trkpt lat="49.5947634" lon="11.224917">
        <ele>367.6</ele>
        <time>2026-09-09T09:49:07.000Z</time>
      </trkpt>
      <trkpt lat="49.5947827" lon="11.2249314">
        <ele>369.4</ele>
        <time>2026-09-09T09:49:27.000Z</time>
      </trkpt>
      <trkpt lat="49.594754" lon="11.224921">
        <ele>367.9</ele>
        <time>2026-09-09T09:49:48.000Z</time>
      </trkpt>
      <trkpt lat="49.5947586" lon="11.2250691">
        <ele>367.3</ele>
        <time>2026-09-09T09:50:09.000Z</time>
      </trkpt>
      <trkpt lat="49.5943703" lon="11.2256781">
        <ele>363</ele>
        <time>2026-09-09T09:50:30.000Z</time>
      </trkpt>
      <trkpt lat="49.5941624" lon="11.2262694">
        <ele>363.5</ele>
        <time>2026-09-09T09:50:50.000Z</time>
      </trkpt>
      <trkpt lat="49.594126" lon="11.2265782">
        <ele>365.6</ele>
        <time>2026-09-09T09:51:11.000Z</time>
      </trkpt>
      <trkpt lat="49.5938633" lon="11.2277284">
        <ele>367.1</ele>
        <time>2026-09-09T09:51:31.000Z</time>
      </trkpt>
      <trkpt lat="49.593737" lon="11.2283629">
        <ele>366.4</ele>
        <time>2026-09-09T09:51:53.000Z</time>
      </trkpt>
      <trkpt lat="49.593921" lon="11.2286141">
        <ele>371</ele>
        <time>2026-09-09T09:52:13.000Z</time>
      </trkpt>
      <trkpt lat="49.5939823" lon="11.2289371">
        <ele>372.8</ele>
        <time>2026-09-09T09:52:34.000Z</time>
      </trkpt>
      <trkpt lat="49.5940159" lon="11.229213">
        <ele>371.4</ele>
        <time>2026-09-09T09:52:54.000Z</time>
      </trkpt>
      <trkpt lat="49.5940155" lon="11.229216">
        <ele>371.4</ele>
        <time>2026-09-09T09:53:16.000Z</time>
      </trkpt>
      <trkpt lat="49.5940486" lon="11.2293307">
        <ele>371.8</ele>
        <time>2026-09-09T09:53:36.000Z</time>
      </trkpt>
      <trkpt lat="49.5941342" lon="11.2297953">
        <ele>374.3</ele>
        <time>2026-09-09T09:53:57.000Z</time>
      </trkpt>
      <trkpt lat="49.594137" lon="11.229808">
        <ele>375.9</ele>
        <time>2026-09-09T09:54:17.000Z</time>
      </trkpt>
      <trkpt lat="49.594138" lon="11.2297899">
        <ele>374.7</ele>
        <time>2026-09-09T09:54:38.000Z</time>
      </trkpt>
      <trkpt lat="49.5940245" lon="11.229226">
        <ele>371.6</ele>
        <time>2026-09-09T09:54:59.000Z</time>
      </trkpt>
      <trkpt lat="49.5937549" lon="11.2282812">
        <ele>366.5</ele>
        <time>2026-09-09T09:55:20.000Z</time>
      </trkpt>
      <trkpt lat="49.5933453" lon="11.228961">
        <ele>370.7</ele>
        <time>2026-09-09T09:55:41.000Z</time>
      </trkpt>
      <trkpt lat="49.593111" lon="11.2298517">
        <ele>373.3</ele>
        <time>2026-09-09T09:56:01.000Z</time>
      </trkpt>
      <trkpt lat="49.5929806" lon="11.2308368">
        <ele>379.1</ele>
        <time>2026-09-09T09:56:22.000Z</time>
      </trkpt>
      <trkpt lat="49.5928564" lon="11.2317935">
        <ele>382.2</ele>
        <time>2026-09-09T09:56:43.000Z</time>
      </trkpt>
      <trkpt lat="49.5926467" lon="11.2330047">
        <ele>383.1</ele>
        <time>2026-09-09T09:57:03.000Z</time>
      </trkpt>
      <trkpt lat="49.5921618" lon="11.2343974">
        <ele>382.1</ele>
        <time>2026-09-09T09:57:24.000Z</time>
      </trkpt>
      <trkpt lat="49.5914479" lon="11.2364278">
        <ele>375.6</ele>
        <time>2026-09-09T09:57:45.000Z</time>
      </trkpt>
      <trkpt lat="49.5909502" lon="11.2387828">
        <ele>371.9</ele>
        <time>2026-09-09T09:58:05.000Z</time>
      </trkpt>
      <trkpt lat="49.5902607" lon="11.2396437">
        <ele>373.1</ele>
        <time>2026-09-09T09:58:26.000Z</time>
      </trkpt>
      <trkpt lat="49.5903219" lon="11.2395715">
        <ele>373</ele>
        <time>2026-09-09T09:58:47.000Z</time>
      </trkpt>
      <trkpt lat="49.5902435" lon="11.2396871">
        <ele>371.3</ele>
        <time>2026-09-09T09:59:08.000Z</time>
      </trkpt>
      <trkpt lat="49.5902399" lon="11.2396988">
        <ele>371.4</ele>
        <time>2026-09-09T09:59:29.000Z</time>
      </trkpt>
      <trkpt lat="49.5902426" lon="11.2396958">
        <ele>371.8</ele>
        <time>2026-09-09T09:59:49.000Z</time>
      </trkpt>
      <trkpt lat="49.5902482" lon="11.2396903">
        <ele>373.2</ele>
        <time>2026-09-09T10:00:11.000Z</time>
      </trkpt>
      <trkpt lat="49.5902538" lon="11.2396989">
        <ele>372</ele>
        <time>2026-09-09T10:00:31.000Z</time>
      </trkpt>
      <trkpt lat="49.5902548" lon="11.2396985">
        <ele>371.8</ele>
        <time>2026-09-09T10:00:52.000Z</time>
      </trkpt>
      <trkpt lat="49.5902512" lon="11.2397109">
        <ele>372.6</ele>
        <time>2026-09-09T10:01:12.000Z</time>
      </trkpt>
      <trkpt lat="49.5902425" lon="11.2397183">
        <ele>371.5</ele>
        <time>2026-09-09T10:01:33.000Z</time>
      </trkpt>
      <trkpt lat="49.5902356" lon="11.2397366">
        <ele>374.9</ele>
        <time>2026-09-09T10:01:54.000Z</time>
      </trkpt>
      <trkpt lat="49.5902282" lon="11.2397633">
        <ele>375.3</ele>
        <time>2026-09-09T10:02:15.000Z</time>
      </trkpt>
      <trkpt lat="49.5902365" lon="11.2397337">
        <ele>373.8</ele>
        <time>2026-09-09T10:02:35.000Z</time>
      </trkpt>
      <trkpt lat="49.5902349" lon="11.2397103">
        <ele>371.7</ele>
        <time>2026-09-09T10:02:56.000Z</time>
      </trkpt>
      <trkpt lat="49.5902414" lon="11.2396907">
        <ele>371.4</ele>
        <time>2026-09-09T10:03:17.000Z</time>
      </trkpt>
      <trkpt lat="49.5902456" lon="11.2396756">
        <ele>371.6</ele>
        <time>2026-09-09T10:03:38.000Z</time>
      </trkpt>
      <trkpt lat="49.5901693" lon="11.2398239">
        <ele>370.9</ele>
        <time>2026-09-09T10:03:59.000Z</time>
      </trkpt>
      <trkpt lat="49.5897579" lon="11.2406467">
        <ele>372.3</ele>
        <time>2026-09-09T10:04:20.000Z</time>
      </trkpt>
      <trkpt lat="49.5891934" lon="11.2418518">
        <ele>374.7</ele>
        <time>2026-09-09T10:04:40.000Z</time>
      </trkpt>
      <trkpt lat="49.5885853" lon="11.2432018">
        <ele>375.8</ele>
        <time>2026-09-09T10:05:01.000Z</time>
      </trkpt>
      <trkpt lat="49.5877266" lon="11.2444196">
        <ele>376.1</ele>
        <time>2026-09-09T10:05:22.000Z</time>
      </trkpt>
      <trkpt lat="49.5868426" lon="11.2451447">
        <ele>375.3</ele>
        <time>2026-09-09T10:05:43.000Z</time>
      </trkpt>
      <trkpt lat="49.5857847" lon="11.2458145">
        <ele>372.8</ele>
        <time>2026-09-09T10:06:03.000Z</time>
      </trkpt>
      <trkpt lat="49.5847013" lon="11.2465496">
        <ele>379.6</ele>
        <time>2026-09-09T10:06:25.000Z</time>
      </trkpt>
      <trkpt lat="49.5836877" lon="11.2474257">
        <ele>378.7</ele>
        <time>2026-09-09T10:06:45.000Z</time>
      </trkpt>
      <trkpt lat="49.5828698" lon="11.2484661">
        <ele>376.8</ele>
        <time>2026-09-09T10:07:06.000Z</time>
      </trkpt>
      <trkpt lat="49.5821026" lon="11.2496992">
        <ele>378.6</ele>
        <time>2026-09-09T10:07:27.000Z</time>
      </trkpt>
      <trkpt lat="49.5815304" lon="11.2504031">
        <ele>379.8</ele>
        <time>2026-09-09T10:07:47.000Z</time>
      </trkpt>
      <trkpt lat="49.5812077" lon="11.2516005">
        <ele>380.7</ele>
        <time>2026-09-09T10:08:08.000Z</time>
      </trkpt>
      <trkpt lat="49.5804504" lon="11.2527162">
        <ele>382.9</ele>
        <time>2026-09-09T10:08:29.000Z</time>
      </trkpt>
      <trkpt lat="49.5797617" lon="11.2538468">
        <ele>383.1</ele>
        <time>2026-09-09T10:08:50.000Z</time>
      </trkpt>
      <trkpt lat="49.5795126" lon="11.2550383">
        <ele>381</ele>
        <time>2026-09-09T10:09:11.000Z</time>
      </trkpt>
      <trkpt lat="49.5798898" lon="11.2565709">
        <ele>381.3</ele>
        <time>2026-09-09T10:09:31.000Z</time>
      </trkpt>
      <trkpt lat="49.5800688" lon="11.2567105">
        <ele>386.2</ele>
        <time>2026-09-09T10:09:52.000Z</time>
      </trkpt>
      <trkpt lat="49.5800113" lon="11.2566459">
        <ele>382.2</ele>
        <time>2026-09-09T10:10:13.000Z</time>
      </trkpt>
      <trkpt lat="49.5796055" lon="11.2574235">
        <ele>384.3</ele>
        <time>2026-09-09T10:10:33.000Z</time>
      </trkpt>
      <trkpt lat="49.5791852" lon="11.2585299">
        <ele>384.9</ele>
        <time>2026-09-09T10:10:54.000Z</time>
      </trkpt>
      <trkpt lat="49.5788642" lon="11.2596935">
        <ele>386.4</ele>
        <time>2026-09-09T10:11:15.000Z</time>
      </trkpt>
      <trkpt lat="49.5784948" lon="11.2609854">
        <ele>386.9</ele>
        <time>2026-09-09T10:11:35.000Z</time>
      </trkpt>
      <trkpt lat="49.5781635" lon="11.2622501">
        <ele>388.8</ele>
        <time>2026-09-09T10:11:56.000Z</time>
      </trkpt>
      <trkpt lat="49.5786206" lon="11.2631459">
        <ele>389.9</ele>
        <time>2026-09-09T10:12:18.000Z</time>
      </trkpt>
      <trkpt lat="49.5790628" lon="11.2635946">
        <ele>394.6</ele>
        <time>2026-09-09T10:12:38.000Z</time>
      </trkpt>
      <trkpt lat="49.5795315" lon="11.26402">
        <ele>395.9</ele>
        <time>2026-09-09T10:12:59.000Z</time>
      </trkpt>
      <trkpt lat="49.5799834" lon="11.2644747">
        <ele>397.7</ele>
        <time>2026-09-09T10:13:19.000Z</time>
      </trkpt>
      <trkpt lat="49.5805581" lon="11.2654346">
        <ele>400.4</ele>
        <time>2026-09-09T10:13:40.000Z</time>
      </trkpt>
      <trkpt lat="49.5812072" lon="11.2667101">
        <ele>398.4</ele>
        <time>2026-09-09T10:14:01.000Z</time>
      </trkpt>
      <trkpt lat="49.5815682" lon="11.2676657">
        <ele>403.8</ele>
        <time>2026-09-09T10:14:21.000Z</time>
      </trkpt>
      <trkpt lat="49.5817448" lon="11.268381">
        <ele>406.5</ele>
        <time>2026-09-09T10:14:42.000Z</time>
      </trkpt>
      <trkpt lat="49.5819367" lon="11.2691238">
        <ele>408.4</ele>
        <time>2026-09-09T10:15:03.000Z</time>
      </trkpt>
      <trkpt lat="49.5822627" lon="11.2697393">
        <ele>412</ele>
        <time>2026-09-09T10:15:24.000Z</time>
      </trkpt>
      <trkpt lat="49.5824696" lon="11.2706526">
        <ele>413.6</ele>
        <time>2026-09-09T10:15:45.000Z</time>
      </trkpt>
      <trkpt lat="49.5824633" lon="11.2718898">
        <ele>410.3</ele>
        <time>2026-09-09T10:16:06.000Z</time>
      </trkpt>
      <trkpt lat="49.5823099" lon="11.2732485">
        <ele>410.2</ele>
        <time>2026-09-09T10:16:26.000Z</time>
      </trkpt>
      <trkpt lat="49.5823705" lon="11.2739469">
        <ele>414.8</ele>
        <time>2026-09-09T10:16:48.000Z</time>
      </trkpt>
      <trkpt lat="49.5823602" lon="11.2739642">
        <ele>418.1</ele>
        <time>2026-09-09T10:17:09.000Z</time>
      </trkpt>
      <trkpt lat="49.5823699" lon="11.273952">
        <ele>420.2</ele>
        <time>2026-09-09T10:17:29.000Z</time>
      </trkpt>
      <trkpt lat="49.5823698" lon="11.2739752">
        <ele>421.2</ele>
        <time>2026-09-09T10:17:50.000Z</time>
      </trkpt>
      <trkpt lat="49.5823468" lon="11.2740273">
        <ele>423.4</ele>
        <time>2026-09-09T10:18:10.000Z</time>
      </trkpt>
      <trkpt lat="49.5823761" lon="11.2740128">
        <ele>420.2</ele>
        <time>2026-09-09T10:18:31.000Z</time>
      </trkpt>
      <trkpt lat="49.5823617" lon="11.2740033">
        <ele>420</ele>
        <time>2026-09-09T10:18:51.000Z</time>
      </trkpt>
      <trkpt lat="49.5823512" lon="11.2739963">
        <ele>420.6</ele>
        <time>2026-09-09T10:19:12.000Z</time>
      </trkpt>
      <trkpt lat="49.58235" lon="11.2739956">
        <ele>420.9</ele>
        <time>2026-09-09T10:19:32.000Z</time>
      </trkpt>
      <trkpt lat="49.5823498" lon="11.2739951">
        <ele>421</ele>
        <time>2026-09-09T10:19:54.000Z</time>
      </trkpt>
      <trkpt lat="49.5823495" lon="11.2739949">
        <ele>421.1</ele>
        <time>2026-09-09T10:20:14.000Z</time>
      </trkpt>
      <trkpt lat="49.5823587" lon="11.2739796">
        <ele>424.6</ele>
        <time>2026-09-09T10:20:36.000Z</time>
      </trkpt>
      <trkpt lat="49.5823942" lon="11.2739212">
        <ele>425.9</ele>
        <time>2026-09-09T10:20:57.000Z</time>
      </trkpt>
      <trkpt lat="49.5823985" lon="11.2739157">
        <ele>427.5</ele>
        <time>2026-09-09T10:21:17.000Z</time>
      </trkpt>
      <trkpt lat="49.5821657" lon="11.2732234">
        <ele>416.4</ele>
        <time>2026-09-09T10:21:39.000Z</time>
      </trkpt>
      <trkpt lat="49.5815525" lon="11.2731485">
        <ele>418.9</ele>
        <time>2026-09-09T10:21:59.000Z</time>
      </trkpt>
      <trkpt lat="49.5810837" lon="11.2733438">
        <ele>421.3</ele>
        <time>2026-09-09T10:22:20.000Z</time>
      </trkpt>
      <trkpt lat="49.5810539" lon="11.2740374">
        <ele>424.5</ele>
        <time>2026-09-09T10:22:41.000Z</time>
      </trkpt>
      <trkpt lat="49.5811809" lon="11.2746554">
        <ele>432.3</ele>
        <time>2026-09-09T10:23:02.000Z</time>
      </trkpt>
      <trkpt lat="49.5813053" lon="11.275235">
        <ele>438.5</ele>
        <time>2026-09-09T10:23:22.000Z</time>
      </trkpt>
      <trkpt lat="49.5813859" lon="11.2758029">
        <ele>442.2</ele>
        <time>2026-09-09T10:23:43.000Z</time>
      </trkpt>
      <trkpt lat="49.5815051" lon="11.2763108">
        <ele>448</ele>
        <time>2026-09-09T10:24:04.000Z</time>
      </trkpt>
      <trkpt lat="49.5815622" lon="11.2768432">
        <ele>448.8</ele>
        <time>2026-09-09T10:24:24.000Z</time>
      </trkpt>
      <trkpt lat="49.5816552" lon="11.2773493">
        <ele>448.9</ele>
        <time>2026-09-09T10:24:46.000Z</time>
      </trkpt>
      <trkpt lat="49.5817826" lon="11.2778839">
        <ele>451.3</ele>
        <time>2026-09-09T10:25:07.000Z</time>
      </trkpt>
      <trkpt lat="49.5819003" lon="11.2784666">
        <ele>452.7</ele>
        <time>2026-09-09T10:25:27.000Z</time>
      </trkpt>
      <trkpt lat="49.5821146" lon="11.2791476">
        <ele>455.3</ele>
        <time>2026-09-09T10:25:49.000Z</time>
      </trkpt>
      <trkpt lat="49.5822972" lon="11.2799161">
        <ele>459.3</ele>
        <time>2026-09-09T10:26:10.000Z</time>
      </trkpt>
      <trkpt lat="49.5822564" lon="11.2810836">
        <ele>457.1</ele>
        <time>2026-09-09T10:26:30.000Z</time>
      </trkpt>
      <trkpt lat="49.5820772" lon="11.2826885">
        <ele>455.1</ele>
        <time>2026-09-09T10:26:51.000Z</time>
      </trkpt>
      <trkpt lat="49.5816902" lon="11.2844665">
        <ele>450.3</ele>
        <time>2026-09-09T10:27:11.000Z</time>
      </trkpt>
      <trkpt lat="49.5816836" lon="11.2852095">
        <ele>449.2</ele>
        <time>2026-09-09T10:27:32.000Z</time>
      </trkpt>
      <trkpt lat="49.5817035" lon="11.284526">
        <ele>449.9</ele>
        <time>2026-09-09T10:27:54.000Z</time>
      </trkpt>
      <trkpt lat="49.5816914" lon="11.2845428">
        <ele>450</ele>
        <time>2026-09-09T10:28:15.000Z</time>
      </trkpt>
      <trkpt lat="49.5816909" lon="11.2845429">
        <ele>450</ele>
        <time>2026-09-09T10:28:21.000Z</time>
      </trkpt>
      <trkpt lat="49.5816909" lon="11.2845429">
        <ele>450</ele>
        <time>2026-09-09T10:28:26.000Z</time>
      </trkpt>
      <trkpt lat="49.5816908" lon="11.2845429">
        <ele>449.9</ele>
        <time>2026-09-09T10:28:32.000Z</time>
      </trkpt>
      <trkpt lat="49.5816247" lon="11.2852795">
        <ele>449.3</ele>
        <time>2026-09-09T10:28:53.000Z</time>
      </trkpt>
      <trkpt lat="49.5816225" lon="11.2871058">
        <ele>448.9</ele>
        <time>2026-09-09T10:29:13.000Z</time>
      </trkpt>
      <trkpt lat="49.5814984" lon="11.2892563">
        <ele>445.6</ele>
        <time>2026-09-09T10:29:35.000Z</time>
      </trkpt>
      <trkpt lat="49.5815687" lon="11.2907186">
        <ele>442.9</ele>
        <time>2026-09-09T10:29:56.000Z</time>
      </trkpt>
      <trkpt lat="49.5817259" lon="11.2918488">
        <ele>445.7</ele>
        <time>2026-09-09T10:30:17.000Z</time>
      </trkpt>
      <trkpt lat="49.5819126" lon="11.2928397">
        <ele>452.7</ele>
        <time>2026-09-09T10:30:38.000Z</time>
      </trkpt>
      <trkpt lat="49.582308" lon="11.2938382">
        <ele>452.2</ele>
        <time>2026-09-09T10:30:58.000Z</time>
      </trkpt>
      <trkpt lat="49.5828918" lon="11.2953874">
        <ele>445.5</ele>
        <time>2026-09-09T10:31:19.000Z</time>
      </trkpt>
      <trkpt lat="49.5831349" lon="11.2979052">
        <ele>436.8</ele>
        <time>2026-09-09T10:31:39.000Z</time>
      </trkpt>
      <trkpt lat="49.5838634" lon="11.3000499">
        <ele>425.1</ele>
        <time>2026-09-09T10:32:00.000Z</time>
      </trkpt>
      <trkpt lat="49.5845731" lon="11.3018125">
        <ele>418.6</ele>
        <time>2026-09-09T10:32:21.000Z</time>
      </trkpt>
      <trkpt lat="49.5852517" lon="11.3017357">
        <ele>419.4</ele>
        <time>2026-09-09T10:32:41.000Z</time>
      </trkpt>
      <trkpt lat="49.5857944" lon="11.3017176">
        <ele>422.7</ele>
        <time>2026-09-09T10:33:02.000Z</time>
      </trkpt>
      <trkpt lat="49.5864033" lon="11.3017026">
        <ele>422.8</ele>
        <time>2026-09-09T10:33:22.000Z</time>
      </trkpt>
      <trkpt lat="49.5870915" lon="11.3016806">
        <ele>424.2</ele>
        <time>2026-09-09T10:33:43.000Z</time>
      </trkpt>
      <trkpt lat="49.5877892" lon="11.3016853">
        <ele>425.9</ele>
        <time>2026-09-09T10:34:04.000Z</time>
      </trkpt>
      <trkpt lat="49.5885672" lon="11.3016297">
        <ele>425.3</ele>
        <time>2026-09-09T10:34:25.000Z</time>
      </trkpt>
      <trkpt lat="49.5893402" lon="11.3014648">
        <ele>425.5</ele>
        <time>2026-09-09T10:34:46.000Z</time>
      </trkpt>
      <trkpt lat="49.5900437" lon="11.3010962">
        <ele>425.4</ele>
        <time>2026-09-09T10:35:06.000Z</time>
      </trkpt>
      <trkpt lat="49.5907608" lon="11.3005283">
        <ele>425.1</ele>
        <time>2026-09-09T10:35:27.000Z</time>
      </trkpt>
      <trkpt lat="49.591391" lon="11.2998377">
        <ele>426.9</ele>
        <time>2026-09-09T10:35:47.000Z</time>
      </trkpt>
      <trkpt lat="49.5918878" lon="11.299066">
        <ele>428</ele>
        <time>2026-09-09T10:36:08.000Z</time>
      </trkpt>
      <trkpt lat="49.592257" lon="11.2983931">
        <ele>431.5</ele>
        <time>2026-09-09T10:36:30.000Z</time>
      </trkpt>
      <trkpt lat="49.5926389" lon="11.2979314">
        <ele>434.4</ele>
        <time>2026-09-09T10:36:50.000Z</time>
      </trkpt>
      <trkpt lat="49.5930976" lon="11.2978661">
        <ele>436.3</ele>
        <time>2026-09-09T10:37:12.000Z</time>
      </trkpt>
      <trkpt lat="49.5939026" lon="11.29766">
        <ele>435.9</ele>
        <time>2026-09-09T10:37:32.000Z</time>
      </trkpt>
      <trkpt lat="49.594617" lon="11.2972182">
        <ele>439.3</ele>
        <time>2026-09-09T10:37:54.000Z</time>
      </trkpt>
      <trkpt lat="49.5952508" lon="11.2965922">
        <ele>437.9</ele>
        <time>2026-09-09T10:38:15.000Z</time>
      </trkpt>
      <trkpt lat="49.595799" lon="11.2970988">
        <ele>439</ele>
        <time>2026-09-09T10:38:36.000Z</time>
      </trkpt>
      <trkpt lat="49.5958869" lon="11.2971271">
        <ele>438.5</ele>
        <time>2026-09-09T10:38:56.000Z</time>
      </trkpt>
      <trkpt lat="49.5960045" lon="11.2979236">
        <ele>439.3</ele>
        <time>2026-09-09T10:39:17.000Z</time>
      </trkpt>
      <trkpt lat="49.5963009" lon="11.298802">
        <ele>443.5</ele>
        <time>2026-09-09T10:39:38.000Z</time>
      </trkpt>
      <trkpt lat="49.5964961" lon="11.2994454">
        <ele>449.8</ele>
        <time>2026-09-09T10:39:58.000Z</time>
      </trkpt>
      <trkpt lat="49.5965869" lon="11.3000094">
        <ele>455.8</ele>
        <time>2026-09-09T10:40:19.000Z</time>
      </trkpt>
      <trkpt lat="49.5966849" lon="11.3005194">
        <ele>460.6</ele>
        <time>2026-09-09T10:40:39.000Z</time>
      </trkpt>
      <trkpt lat="49.5968165" lon="11.3009639">
        <ele>461</ele>
        <time>2026-09-09T10:41:00.000Z</time>
      </trkpt>
      <trkpt lat="49.5969689" lon="11.3014191">
        <ele>463.2</ele>
        <time>2026-09-09T10:41:21.000Z</time>
      </trkpt>
      <trkpt lat="49.5971797" lon="11.3018955">
        <ele>467.1</ele>
        <time>2026-09-09T10:41:42.000Z</time>
      </trkpt>
      <trkpt lat="49.5974179" lon="11.3021273">
        <ele>469</ele>
        <time>2026-09-09T10:42:02.000Z</time>
      </trkpt>
      <trkpt lat="49.5976353" lon="11.3022417">
        <ele>472.5</ele>
        <time>2026-09-09T10:42:24.000Z</time>
      </trkpt>
      <trkpt lat="49.5978648" lon="11.302378">
        <ele>476.1</ele>
        <time>2026-09-09T10:42:45.000Z</time>
      </trkpt>
      <trkpt lat="49.5980353" lon="11.3024138">
        <ele>479.6</ele>
        <time>2026-09-09T10:43:06.000Z</time>
      </trkpt>
      <trkpt lat="49.5981466" lon="11.3024991">
        <ele>481.1</ele>
        <time>2026-09-09T10:43:26.000Z</time>
      </trkpt>
      <trkpt lat="49.5983361" lon="11.3025881">
        <ele>483</ele>
        <time>2026-09-09T10:43:47.000Z</time>
      </trkpt>
      <trkpt lat="49.5985097" lon="11.3026251">
        <ele>487</ele>
        <time>2026-09-09T10:44:08.000Z</time>
      </trkpt>
      <trkpt lat="49.5985848" lon="11.3026569">
        <ele>487</ele>
        <time>2026-09-09T10:44:29.000Z</time>
      </trkpt>
      <trkpt lat="49.5985847" lon="11.3026571">
        <ele>487</ele>
        <time>2026-09-09T10:44:51.000Z</time>
      </trkpt>
      <trkpt lat="49.5985846" lon="11.3026573">
        <ele>487</ele>
        <time>2026-09-09T10:45:12.000Z</time>
      </trkpt>
      <trkpt lat="49.5985846" lon="11.3026575">
        <ele>487</ele>
        <time>2026-09-09T10:45:33.000Z</time>
      </trkpt>
      <trkpt lat="49.5985583" lon="11.3026802">
        <ele>487.1</ele>
        <time>2026-09-09T10:45:53.000Z</time>
      </trkpt>
      <trkpt lat="49.5985584" lon="11.3026802">
        <ele>487.1</ele>
        <time>2026-09-09T10:46:14.000Z</time>
      </trkpt>
      <trkpt lat="49.5985588" lon="11.3026799">
        <ele>487.2</ele>
        <time>2026-09-09T10:46:34.000Z</time>
      </trkpt>
      <trkpt lat="49.5985587" lon="11.3026796">
        <ele>487.2</ele>
        <time>2026-09-09T10:46:55.000Z</time>
      </trkpt>
      <trkpt lat="49.5985589" lon="11.3026794">
        <ele>487.2</ele>
        <time>2026-09-09T10:47:15.000Z</time>
      </trkpt>
      <trkpt lat="49.5985588" lon="11.3026791">
        <ele>487.2</ele>
        <time>2026-09-09T10:47:36.000Z</time>
      </trkpt>
      <trkpt lat="49.5985345" lon="11.3026552">
        <ele>485.6</ele>
        <time>2026-09-09T10:47:56.000Z</time>
      </trkpt>
      <trkpt lat="49.5985226" lon="11.3026853">
        <ele>484.3</ele>
        <time>2026-09-09T10:48:17.000Z</time>
      </trkpt>
      <trkpt lat="49.5985447" lon="11.3026784">
        <ele>484.6</ele>
        <time>2026-09-09T10:48:37.000Z</time>
      </trkpt>
      <trkpt lat="49.5985377" lon="11.3027014">
        <ele>486.6</ele>
        <time>2026-09-09T10:48:59.000Z</time>
      </trkpt>
      <trkpt lat="49.5985562" lon="11.3027483">
        <ele>493.1</ele>
        <time>2026-09-09T10:49:19.000Z</time>
      </trkpt>
      <trkpt lat="49.5986521" lon="11.3028366">
        <ele>493.8</ele>
        <time>2026-09-09T10:49:41.000Z</time>
      </trkpt>
      <trkpt lat="49.5990912" lon="11.3032688">
        <ele>498.8</ele>
        <time>2026-09-09T10:50:01.000Z</time>
      </trkpt>
      <trkpt lat="49.5992871" lon="11.3035023">
        <ele>502.2</ele>
        <time>2026-09-09T10:50:22.000Z</time>
      </trkpt>
      <trkpt lat="49.5994755" lon="11.3036817">
        <ele>505</ele>
        <time>2026-09-09T10:50:42.000Z</time>
      </trkpt>
      <trkpt lat="49.599661" lon="11.3038576">
        <ele>507.4</ele>
        <time>2026-09-09T10:51:03.000Z</time>
      </trkpt>
      <trkpt lat="49.5998899" lon="11.3042584">
        <ele>511.8</ele>
        <time>2026-09-09T10:51:24.000Z</time>
      </trkpt>
      <trkpt lat="49.5999929" lon="11.3047567">
        <ele>516.6</ele>
        <time>2026-09-09T10:51:44.000Z</time>
      </trkpt>
      <trkpt lat="49.6000652" lon="11.3051726">
        <ele>523.2</ele>
        <time>2026-09-09T10:52:05.000Z</time>
      </trkpt>
      <trkpt lat="49.6001026" lon="11.3054655">
        <ele>525.2</ele>
        <time>2026-09-09T10:52:25.000Z</time>
      </trkpt>
      <trkpt lat="49.6001865" lon="11.3057025">
        <ele>525.9</ele>
        <time>2026-09-09T10:52:46.000Z</time>
      </trkpt>
      <trkpt lat="49.600238" lon="11.3062495">
        <ele>525</ele>
        <time>2026-09-09T10:53:08.000Z</time>
      </trkpt>
      <trkpt lat="49.6001433" lon="11.3071335">
        <ele>527.2</ele>
        <time>2026-09-09T10:53:28.000Z</time>
      </trkpt>
      <trkpt lat="49.6001947" lon="11.3073006">
        <ele>527.9</ele>
        <time>2026-09-09T10:53:50.000Z</time>
      </trkpt>
      <trkpt lat="49.6002002" lon="11.3073133">
        <ele>527.7</ele>
        <time>2026-09-09T10:54:10.000Z</time>
      </trkpt>
      <trkpt lat="49.600183" lon="11.3072821">
        <ele>529.4</ele>
        <time>2026-09-09T10:54:31.000Z</time>
      </trkpt>
      <trkpt lat="49.600199" lon="11.3072822">
        <ele>530.7</ele>
        <time>2026-09-09T10:54:52.000Z</time>
      </trkpt>
      <trkpt lat="49.6001979" lon="11.3072798">
        <ele>530</ele>
        <time>2026-09-09T10:55:13.000Z</time>
      </trkpt>
      <trkpt lat="49.6001978" lon="11.3072789">
        <ele>530.1</ele>
        <time>2026-09-09T10:55:33.000Z</time>
      </trkpt>
      <trkpt lat="49.6001982" lon="11.307254">
        <ele>528.9</ele>
        <time>2026-09-09T10:55:55.000Z</time>
      </trkpt>
      <trkpt lat="49.6000422" lon="11.3071308">
        <ele>525.4</ele>
        <time>2026-09-09T10:56:15.000Z</time>
      </trkpt>
      <trkpt lat="49.5997461" lon="11.307425">
        <ele>519.5</ele>
        <time>2026-09-09T10:56:37.000Z</time>
      </trkpt>
      <trkpt lat="49.6002593" lon="11.3088161">
        <ele>511.8</ele>
        <time>2026-09-09T10:56:58.000Z</time>
      </trkpt>
      <trkpt lat="49.6017296" lon="11.3111562">
        <ele>496.4</ele>
        <time>2026-09-09T10:57:18.000Z</time>
      </trkpt>
      <trkpt lat="49.6029428" lon="11.3138238">
        <ele>486.6</ele>
        <time>2026-09-09T10:57:40.000Z</time>
      </trkpt>
      <trkpt lat="49.6045343" lon="11.3169278">
        <ele>462.5</ele>
        <time>2026-09-09T10:58:01.000Z</time>
      </trkpt>
      <trkpt lat="49.605486" lon="11.3188164">
        <ele>461.3</ele>
        <time>2026-09-09T10:58:22.000Z</time>
      </trkpt>
      <trkpt lat="49.6058823" lon="11.3206008">
        <ele>459.1</ele>
        <time>2026-09-09T10:58:43.000Z</time>
      </trkpt>
      <trkpt lat="49.6059592" lon="11.3228578">
        <ele>456.3</ele>
        <time>2026-09-09T10:59:04.000Z</time>
      </trkpt>
      <trkpt lat="49.6061029" lon="11.3256364">
        <ele>452.2</ele>
        <time>2026-09-09T10:59:25.000Z</time>
      </trkpt>
      <trkpt lat="49.6057981" lon="11.3285297">
        <ele>442.8</ele>
        <time>2026-09-09T10:59:46.000Z</time>
      </trkpt>
      <trkpt lat="49.6068234" lon="11.3303418">
        <ele>438.8</ele>
        <time>2026-09-09T11:00:07.000Z</time>
      </trkpt>
      <trkpt lat="49.6075932" lon="11.3299196">
        <ele>439.3</ele>
        <time>2026-09-09T11:00:27.000Z</time>
      </trkpt>
      <trkpt lat="49.6077874" lon="11.3301029">
        <ele>439.8</ele>
        <time>2026-09-09T11:00:48.000Z</time>
      </trkpt>
      <trkpt lat="49.6077826" lon="11.3301077">
        <ele>440.3</ele>
        <time>2026-09-09T11:01:09.000Z</time>
      </trkpt>
      <trkpt lat="49.608048" lon="11.3305867">
        <ele>440.8</ele>
        <time>2026-09-09T11:01:30.000Z</time>
      </trkpt>
      <trkpt lat="49.6082778" lon="11.3310444">
        <ele>443.1</ele>
        <time>2026-09-09T11:01:51.000Z</time>
      </trkpt>
      <trkpt lat="49.6083477" lon="11.3310622">
        <ele>442.3</ele>
        <time>2026-09-09T11:02:11.000Z</time>
      </trkpt>
      <trkpt lat="49.6089423" lon="11.3311425">
        <ele>438.3</ele>
        <time>2026-09-09T11:02:33.000Z</time>
      </trkpt>
      <trkpt lat="49.6095294" lon="11.3309154">
        <ele>437.4</ele>
        <time>2026-09-09T11:02:54.000Z</time>
      </trkpt>
      <trkpt lat="49.6097049" lon="11.3307701">
        <ele>437.6</ele>
        <time>2026-09-09T11:03:15.000Z</time>
      </trkpt>
      <trkpt lat="49.6097436" lon="11.3306839">
        <ele>436.9</ele>
        <time>2026-09-09T11:03:35.000Z</time>
      </trkpt>
      <trkpt lat="49.6095412" lon="11.3306928">
        <ele>437.9</ele>
        <time>2026-09-09T11:03:56.000Z</time>
      </trkpt>
      <trkpt lat="49.6095349" lon="11.330698">
        <ele>439.2</ele>
        <time>2026-09-09T11:04:17.000Z</time>
      </trkpt>
      <trkpt lat="49.6095346" lon="11.3306979">
        <ele>439.3</ele>
        <time>2026-09-09T11:04:37.000Z</time>
      </trkpt>
      <trkpt lat="49.6095342" lon="11.3306976">
        <ele>439.3</ele>
        <time>2026-09-09T11:04:58.000Z</time>
      </trkpt>
      <trkpt lat="49.6095341" lon="11.3306975">
        <ele>439.4</ele>
        <time>2026-09-09T11:05:19.000Z</time>
      </trkpt>
      <trkpt lat="49.6095339" lon="11.3306973">
        <ele>439.4</ele>
        <time>2026-09-09T11:05:40.000Z</time>
      </trkpt>
      <trkpt lat="49.609534" lon="11.3306971">
        <ele>439.5</ele>
        <time>2026-09-09T11:06:00.000Z</time>
      </trkpt>
      <trkpt lat="49.609534" lon="11.3306971">
        <ele>439.5</ele>
        <time>2026-09-09T11:06:22.000Z</time>
      </trkpt>
      <trkpt lat="49.6096465" lon="11.3308551">
        <ele>440.2</ele>
        <time>2026-09-09T11:06:42.000Z</time>
      </trkpt>
      <trkpt lat="49.6100812" lon="11.3303038">
        <ele>441.1</ele>
        <time>2026-09-09T11:07:03.000Z</time>
      </trkpt>
      <trkpt lat="49.6105639" lon="11.3299108">
        <ele>443.4</ele>
        <time>2026-09-09T11:07:24.000Z</time>
      </trkpt>
      <trkpt lat="49.6108319" lon="11.3296983">
        <ele>443.6</ele>
        <time>2026-09-09T11:07:44.000Z</time>
      </trkpt>
      <trkpt lat="49.6113423" lon="11.3294708">
        <ele>446.4</ele>
        <time>2026-09-09T11:08:06.000Z</time>
      </trkpt>
      <trkpt lat="49.6117773" lon="11.3292621">
        <ele>450.9</ele>
        <time>2026-09-09T11:08:27.000Z</time>
      </trkpt>
      <trkpt lat="49.6121663" lon="11.3291007">
        <ele>453.8</ele>
        <time>2026-09-09T11:08:48.000Z</time>
      </trkpt>
      <trkpt lat="49.6125427" lon="11.3289747">
        <ele>455.7</ele>
        <time>2026-09-09T11:09:09.000Z</time>
      </trkpt>
      <trkpt lat="49.6129055" lon="11.3287333">
        <ele>456</ele>
        <time>2026-09-09T11:09:29.000Z</time>
      </trkpt>
      <trkpt lat="49.6133088" lon="11.3282441">
        <ele>456.3</ele>
        <time>2026-09-09T11:09:51.000Z</time>
      </trkpt>
      <trkpt lat="49.6138262" lon="11.3275676">
        <ele>458.3</ele>
        <time>2026-09-09T11:10:11.000Z</time>
      </trkpt>
      <trkpt lat="49.6145002" lon="11.3268089">
        <ele>460.7</ele>
        <time>2026-09-09T11:10:33.000Z</time>
      </trkpt>
      <trkpt lat="49.6152196" lon="11.3262496">
        <ele>462.5</ele>
        <time>2026-09-09T11:10:54.000Z</time>
      </trkpt>
      <trkpt lat="49.6159818" lon="11.3259176">
        <ele>463.7</ele>
        <time>2026-09-09T11:11:14.000Z</time>
      </trkpt>
      <trkpt lat="49.6167068" lon="11.3258023">
        <ele>464.3</ele>
        <time>2026-09-09T11:11:36.000Z</time>
      </trkpt>
      <trkpt lat="49.6175012" lon="11.3255927">
        <ele>463.8</ele>
        <time>2026-09-09T11:11:56.000Z</time>
      </trkpt>
      <trkpt lat="49.6183301" lon="11.325255">
        <ele>460.4</ele>
        <time>2026-09-09T11:12:18.000Z</time>
      </trkpt>
      <trkpt lat="49.6195173" lon="11.3248507">
        <ele>459.2</ele>
        <time>2026-09-09T11:12:39.000Z</time>
      </trkpt>
      <trkpt lat="49.6202553" lon="11.3243739">
        <ele>461.2</ele>
        <time>2026-09-09T11:12:59.000Z</time>
      </trkpt>
      <trkpt lat="49.6206778" lon="11.3235852">
        <ele>463.5</ele>
        <time>2026-09-09T11:13:20.000Z</time>
      </trkpt>
      <trkpt lat="49.6209255" lon="11.3227911">
        <ele>465.8</ele>
        <time>2026-09-09T11:13:41.000Z</time>
      </trkpt>
      <trkpt lat="49.6212562" lon="11.3219931">
        <ele>467.7</ele>
        <time>2026-09-09T11:14:02.000Z</time>
      </trkpt>
      <trkpt lat="49.6216601" lon="11.3212745">
        <ele>471.3</ele>
        <time>2026-09-09T11:14:22.000Z</time>
      </trkpt>
      <trkpt lat="49.6222911" lon="11.3207393">
        <ele>472.6</ele>
        <time>2026-09-09T11:14:44.000Z</time>
      </trkpt>
      <trkpt lat="49.6228371" lon="11.3204647">
        <ele>474</ele>
        <time>2026-09-09T11:15:05.000Z</time>
      </trkpt>
      <trkpt lat="49.6232444" lon="11.3201527">
        <ele>479.8</ele>
        <time>2026-09-09T11:15:25.000Z</time>
      </trkpt>
      <trkpt lat="49.6235076" lon="11.3197218">
        <ele>478.9</ele>
        <time>2026-09-09T11:15:46.000Z</time>
      </trkpt>
      <trkpt lat="49.6238398" lon="11.3191468">
        <ele>479.3</ele>
        <time>2026-09-09T11:16:06.000Z</time>
      </trkpt>
      <trkpt lat="49.6240747" lon="11.3182432">
        <ele>480.2</ele>
        <time>2026-09-09T11:16:27.000Z</time>
      </trkpt>
      <trkpt lat="49.62426" lon="11.3174345">
        <ele>482.4</ele>
        <time>2026-09-09T11:16:48.000Z</time>
      </trkpt>
      <trkpt lat="49.6246066" lon="11.3166199">
        <ele>486.7</ele>
        <time>2026-09-09T11:17:08.000Z</time>
      </trkpt>
      <trkpt lat="49.6250325" lon="11.3159742">
        <ele>491.3</ele>
        <time>2026-09-09T11:17:29.000Z</time>
      </trkpt>
      <trkpt lat="49.625578" lon="11.315698">
        <ele>492.1</ele>
        <time>2026-09-09T11:17:50.000Z</time>
      </trkpt>
      <trkpt lat="49.6261448" lon="11.3158807">
        <ele>491.5</ele>
        <time>2026-09-09T11:18:11.000Z</time>
      </trkpt>
      <trkpt lat="49.626734" lon="11.3160235">
        <ele>488.3</ele>
        <time>2026-09-09T11:18:31.000Z</time>
      </trkpt>
      <trkpt lat="49.6273107" lon="11.3158509">
        <ele>495.2</ele>
        <time>2026-09-09T11:18:52.000Z</time>
      </trkpt>
      <trkpt lat="49.6277405" lon="11.3159549">
        <ele>497.6</ele>
        <time>2026-09-09T11:19:12.000Z</time>
      </trkpt>
      <trkpt lat="49.6281966" lon="11.3161334">
        <ele>497.4</ele>
        <time>2026-09-09T11:19:33.000Z</time>
      </trkpt>
      <trkpt lat="49.6286696" lon="11.3163193">
        <ele>496.5</ele>
        <time>2026-09-09T11:19:53.000Z</time>
      </trkpt>
      <trkpt lat="49.6291382" lon="11.3164926">
        <ele>501.6</ele>
        <time>2026-09-09T11:20:15.000Z</time>
      </trkpt>
      <trkpt lat="49.6296544" lon="11.3170285">
        <ele>510.9</ele>
        <time>2026-09-09T11:20:35.000Z</time>
      </trkpt>
      <trkpt lat="49.6300085" lon="11.3176619">
        <ele>513.1</ele>
        <time>2026-09-09T11:20:57.000Z</time>
      </trkpt>
      <trkpt lat="49.6302393" lon="11.3181305">
        <ele>518.1</ele>
        <time>2026-09-09T11:21:18.000Z</time>
      </trkpt>
      <trkpt lat="49.6304245" lon="11.318596">
        <ele>523.4</ele>
        <time>2026-09-09T11:21:38.000Z</time>
      </trkpt>
      <trkpt lat="49.6305946" lon="11.3190671">
        <ele>526.7</ele>
        <time>2026-09-09T11:21:59.000Z</time>
      </trkpt>
      <trkpt lat="49.630738" lon="11.3196643">
        <ele>527.4</ele>
        <time>2026-09-09T11:22:21.000Z</time>
      </trkpt>
      <trkpt lat="49.6309804" lon="11.3201534">
        <ele>528.6</ele>
        <time>2026-09-09T11:22:42.000Z</time>
      </trkpt>
      <trkpt lat="49.6315647" lon="11.3200434">
        <ele>528.1</ele>
        <time>2026-09-09T11:23:02.000Z</time>
      </trkpt>
      <trkpt lat="49.6320266" lon="11.3197658">
        <ele>529</ele>
        <time>2026-09-09T11:23:24.000Z</time>
      </trkpt>
      <trkpt lat="49.6326746" lon="11.3194282">
        <ele>529.4</ele>
        <time>2026-09-09T11:23:44.000Z</time>
      </trkpt>
      <trkpt lat="49.6333246" lon="11.31914">
        <ele>529.4</ele>
        <time>2026-09-09T11:24:05.000Z</time>
      </trkpt>
      <trkpt lat="49.6339118" lon="11.3189348">
        <ele>530.4</ele>
        <time>2026-09-09T11:24:25.000Z</time>
      </trkpt>
      <trkpt lat="49.6345379" lon="11.3188222">
        <ele>530.9</ele>
        <time>2026-09-09T11:24:46.000Z</time>
      </trkpt>
      <trkpt lat="49.6352076" lon="11.3187063">
        <ele>532</ele>
        <time>2026-09-09T11:25:08.000Z</time>
      </trkpt>
      <trkpt lat="49.6357751" lon="11.3187007">
        <ele>533.3</ele>
        <time>2026-09-09T11:25:28.000Z</time>
      </trkpt>
      <trkpt lat="49.6363689" lon="11.3189422">
        <ele>534.5</ele>
        <time>2026-09-09T11:25:50.000Z</time>
      </trkpt>
      <trkpt lat="49.6368702" lon="11.3190543">
        <ele>535.5</ele>
        <time>2026-09-09T11:26:10.000Z</time>
      </trkpt>
      <trkpt lat="49.6374301" lon="11.3189496">
        <ele>537.4</ele>
        <time>2026-09-09T11:26:31.000Z</time>
      </trkpt>
      <trkpt lat="49.6379906" lon="11.3188187">
        <ele>538.9</ele>
        <time>2026-09-09T11:26:52.000Z</time>
      </trkpt>
      <trkpt lat="49.6385073" lon="11.3187849">
        <ele>541.4</ele>
        <time>2026-09-09T11:27:13.000Z</time>
      </trkpt>
      <trkpt lat="49.6390507" lon="11.3187936">
        <ele>542.7</ele>
        <time>2026-09-09T11:27:33.000Z</time>
      </trkpt>
      <trkpt lat="49.6397918" lon="11.3188103">
        <ele>543</ele>
        <time>2026-09-09T11:27:54.000Z</time>
      </trkpt>
      <trkpt lat="49.6406753" lon="11.3189743">
        <ele>542.8</ele>
        <time>2026-09-09T11:28:15.000Z</time>
      </trkpt>
      <trkpt lat="49.6415282" lon="11.3195838">
        <ele>543.3</ele>
        <time>2026-09-09T11:28:35.000Z</time>
      </trkpt>
      <trkpt lat="49.6422621" lon="11.3200779">
        <ele>542.9</ele>
        <time>2026-09-09T11:28:56.000Z</time>
      </trkpt>
      <trkpt lat="49.643136" lon="11.3205064">
        <ele>540.5</ele>
        <time>2026-09-09T11:29:17.000Z</time>
      </trkpt>
      <trkpt lat="49.6442665" lon="11.3209866">
        <ele>538.6</ele>
        <time>2026-09-09T11:29:38.000Z</time>
      </trkpt>
      <trkpt lat="49.6451254" lon="11.3213281">
        <ele>540.1</ele>
        <time>2026-09-09T11:29:59.000Z</time>
      </trkpt>
      <trkpt lat="49.6458805" lon="11.3215592">
        <ele>539.6</ele>
        <time>2026-09-09T11:30:20.000Z</time>
      </trkpt>
      <trkpt lat="49.6469936" lon="11.321744">
        <ele>538.2</ele>
        <time>2026-09-09T11:30:41.000Z</time>
      </trkpt>
      <trkpt lat="49.6479252" lon="11.3216674">
        <ele>540.2</ele>
        <time>2026-09-09T11:31:02.000Z</time>
      </trkpt>
      <trkpt lat="49.6484756" lon="11.3215753">
        <ele>542.2</ele>
        <time>2026-09-09T11:31:23.000Z</time>
      </trkpt>
      <trkpt lat="49.648467" lon="11.3215741">
        <ele>542.7</ele>
        <time>2026-09-09T11:31:44.000Z</time>
      </trkpt>
      <trkpt lat="49.6484567" lon="11.3215684">
        <ele>542.9</ele>
        <time>2026-09-09T11:32:04.000Z</time>
      </trkpt>
      <trkpt lat="49.6484564" lon="11.3215681">
        <ele>542.9</ele>
        <time>2026-09-09T11:32:25.000Z</time>
      </trkpt>
      <trkpt lat="49.6484565" lon="11.321568">
        <ele>542.8</ele>
        <time>2026-09-09T11:32:45.000Z</time>
      </trkpt>
      <trkpt lat="49.6484565" lon="11.3215684">
        <ele>542.8</ele>
        <time>2026-09-09T11:33:06.000Z</time>
      </trkpt>
      <trkpt lat="49.6484564" lon="11.3215685">
        <ele>542.8</ele>
        <time>2026-09-09T11:33:27.000Z</time>
      </trkpt>
      <trkpt lat="49.6484565" lon="11.3215685">
        <ele>542.8</ele>
        <time>2026-09-09T11:33:47.000Z</time>
      </trkpt>
      <trkpt lat="49.6484564" lon="11.3215683">
        <ele>542.7</ele>
        <time>2026-09-09T11:34:09.000Z</time>
      </trkpt>
      <trkpt lat="49.6484563" lon="11.3215683">
        <ele>542.7</ele>
        <time>2026-09-09T11:34:29.000Z</time>
      </trkpt>
      <trkpt lat="49.6484562" lon="11.3215683">
        <ele>542.7</ele>
        <time>2026-09-09T11:34:50.000Z</time>
      </trkpt>
      <trkpt lat="49.6484563" lon="11.3215684">
        <ele>542.6</ele>
        <time>2026-09-09T11:35:11.000Z</time>
      </trkpt>
      <trkpt lat="49.6484662" lon="11.3215682">
        <ele>543.1</ele>
        <time>2026-09-09T11:35:31.000Z</time>
      </trkpt>
      <trkpt lat="49.6484656" lon="11.3215797">
        <ele>542.1</ele>
        <time>2026-09-09T11:35:53.000Z</time>
      </trkpt>
      <trkpt lat="49.6484656" lon="11.3215793">
        <ele>542.1</ele>
        <time>2026-09-09T11:36:13.000Z</time>
      </trkpt>
      <trkpt lat="49.6484679" lon="11.3215747">
        <ele>542.2</ele>
        <time>2026-09-09T11:36:34.000Z</time>
      </trkpt>
      <trkpt lat="49.6484688" lon="11.3215751">
        <ele>543.2</ele>
        <time>2026-09-09T11:36:55.000Z</time>
      </trkpt>
      <trkpt lat="49.648475" lon="11.3215892">
        <ele>544.1</ele>
        <time>2026-09-09T11:37:16.000Z</time>
      </trkpt>
      <trkpt lat="49.6484713" lon="11.3215909">
        <ele>545.6</ele>
        <time>2026-09-09T11:37:36.000Z</time>
      </trkpt>
      <trkpt lat="49.6484704" lon="11.3215912">
        <ele>545.5</ele>
        <time>2026-09-09T11:37:57.000Z</time>
      </trkpt>
      <trkpt lat="49.6484761" lon="11.3215915">
        <ele>546.3</ele>
        <time>2026-09-09T11:38:17.000Z</time>
      </trkpt>
      <trkpt lat="49.648459" lon="11.3215866">
        <ele>546.5</ele>
        <time>2026-09-09T11:38:38.000Z</time>
      </trkpt>
      <trkpt lat="49.6484524" lon="11.3215668">
        <ele>546.9</ele>
        <time>2026-09-09T11:38:58.000Z</time>
      </trkpt>
      <trkpt lat="49.6484655" lon="11.3215713">
        <ele>546</ele>
        <time>2026-09-09T11:39:19.000Z</time>
      </trkpt>
      <trkpt lat="49.6484454" lon="11.3215763">
        <ele>544.4</ele>
        <time>2026-09-09T11:39:40.000Z</time>
      </trkpt>
      <trkpt lat="49.6484424" lon="11.3215746">
        <ele>543.6</ele>
        <time>2026-09-09T11:40:01.000Z</time>
      </trkpt>
      <trkpt lat="49.6484633" lon="11.3215733">
        <ele>545.6</ele>
        <time>2026-09-09T11:40:21.000Z</time>
      </trkpt>
      <trkpt lat="49.648483" lon="11.3215727">
        <ele>545.3</ele>
        <time>2026-09-09T11:40:42.000Z</time>
      </trkpt>
      <trkpt lat="49.6484769" lon="11.3215809">
        <ele>544.7</ele>
        <time>2026-09-09T11:41:03.000Z</time>
      </trkpt>
      <trkpt lat="49.648927" lon="11.3213314">
        <ele>542.9</ele>
        <time>2026-09-09T11:41:23.000Z</time>
      </trkpt>
      <trkpt lat="49.6500386" lon="11.3205144">
        <ele>539</ele>
        <time>2026-09-09T11:41:44.000Z</time>
      </trkpt>
      <trkpt lat="49.6512157" lon="11.3198429">
        <ele>538.1</ele>
        <time>2026-09-09T11:42:05.000Z</time>
      </trkpt>
      <trkpt lat="49.6524745" lon="11.31993">
        <ele>536.1</ele>
        <time>2026-09-09T11:42:25.000Z</time>
      </trkpt>
      <trkpt lat="49.6536319" lon="11.3202603">
        <ele>537.8</ele>
        <time>2026-09-09T11:42:46.000Z</time>
      </trkpt>
      <trkpt lat="49.6543274" lon="11.3202496">
        <ele>541.2</ele>
        <time>2026-09-09T11:43:07.000Z</time>
      </trkpt>
      <trkpt lat="49.6548665" lon="11.3201904">
        <ele>543</ele>
        <time>2026-09-09T11:43:28.000Z</time>
      </trkpt>
      <trkpt lat="49.6555029" lon="11.3201275">
        <ele>543.2</ele>
        <time>2026-09-09T11:43:48.000Z</time>
      </trkpt>
      <trkpt lat="49.6565381" lon="11.3200149">
        <ele>540.9</ele>
        <time>2026-09-09T11:44:09.000Z</time>
      </trkpt>
      <trkpt lat="49.657839" lon="11.3196787">
        <ele>539.5</ele>
        <time>2026-09-09T11:44:30.000Z</time>
      </trkpt>
      <trkpt lat="49.6586647" lon="11.3192468">
        <ele>545</ele>
        <time>2026-09-09T11:44:51.000Z</time>
      </trkpt>
      <trkpt lat="49.6591271" lon="11.3189443">
        <ele>546.3</ele>
        <time>2026-09-09T11:45:11.000Z</time>
      </trkpt>
      <trkpt lat="49.6593751" lon="11.3194432">
        <ele>547.2</ele>
        <time>2026-09-09T11:45:32.000Z</time>
      </trkpt>
      <trkpt lat="49.659428" lon="11.3195441">
        <ele>546.9</ele>
        <time>2026-09-09T11:45:52.000Z</time>
      </trkpt>
      <trkpt lat="49.659436" lon="11.3195379">
        <ele>546.7</ele>
        <time>2026-09-09T11:46:13.000Z</time>
      </trkpt>
      <trkpt lat="49.659436" lon="11.3195379">
        <ele>546.7</ele>
        <time>2026-09-09T11:46:34.000Z</time>
      </trkpt>
      <trkpt lat="49.6594269" lon="11.3195309">
        <ele>544.4</ele>
        <time>2026-09-09T11:46:54.000Z</time>
      </trkpt>
      <trkpt lat="49.6594942" lon="11.3195095">
        <ele>543.5</ele>
        <time>2026-09-09T11:47:15.000Z</time>
      </trkpt>
      <trkpt lat="49.6597724" lon="11.3196232">
        <ele>544.5</ele>
        <time>2026-09-09T11:47:36.000Z</time>
      </trkpt>
      <trkpt lat="49.6599573" lon="11.3184234">
        <ele>540.4</ele>
        <time>2026-09-09T11:47:57.000Z</time>
      </trkpt>
      <trkpt lat="49.6600152" lon="11.3169545">
        <ele>539.2</ele>
        <time>2026-09-09T11:48:17.000Z</time>
      </trkpt>
      <trkpt lat="49.6603661" lon="11.3156377">
        <ele>539</ele>
        <time>2026-09-09T11:48:38.000Z</time>
      </trkpt>
      <trkpt lat="49.6615016" lon="11.3158481">
        <ele>535.8</ele>
        <time>2026-09-09T11:49:00.000Z</time>
      </trkpt>
      <trkpt lat="49.6626618" lon="11.3162006">
        <ele>537.3</ele>
        <time>2026-09-09T11:49:20.000Z</time>
      </trkpt>
      <trkpt lat="49.6639684" lon="11.3155102">
        <ele>534.6</ele>
        <time>2026-09-09T11:49:41.000Z</time>
      </trkpt>
      <trkpt lat="49.6650847" lon="11.314834">
        <ele>533</ele>
        <time>2026-09-09T11:50:02.000Z</time>
      </trkpt>
      <trkpt lat="49.6660335" lon="11.3144174">
        <ele>534.5</ele>
        <time>2026-09-09T11:50:22.000Z</time>
      </trkpt>
      <trkpt lat="49.6670939" lon="11.3147925">
        <ele>530.6</ele>
        <time>2026-09-09T11:50:44.000Z</time>
      </trkpt>
      <trkpt lat="49.6684119" lon="11.3155993">
        <ele>528.2</ele>
        <time>2026-09-09T11:51:05.000Z</time>
      </trkpt>
      <trkpt lat="49.6695174" lon="11.3161497">
        <ele>527.1</ele>
        <time>2026-09-09T11:51:25.000Z</time>
      </trkpt>
      <trkpt lat="49.6703521" lon="11.3164171">
        <ele>527.9</ele>
        <time>2026-09-09T11:51:46.000Z</time>
      </trkpt>
      <trkpt lat="49.6703098" lon="11.3166455">
        <ele>529.3</ele>
        <time>2026-09-09T11:52:06.000Z</time>
      </trkpt>
      <trkpt lat="49.6703373" lon="11.3173785">
        <ele>530.9</ele>
        <time>2026-09-09T11:52:27.000Z</time>
      </trkpt>
      <trkpt lat="49.6705156" lon="11.3180449">
        <ele>532.5</ele>
        <time>2026-09-09T11:52:48.000Z</time>
      </trkpt>
      <trkpt lat="49.6708262" lon="11.3187781">
        <ele>534.7</ele>
        <time>2026-09-09T11:53:09.000Z</time>
      </trkpt>
      <trkpt lat="49.6710823" lon="11.3195967">
        <ele>536.8</ele>
        <time>2026-09-09T11:53:30.000Z</time>
      </trkpt>
      <trkpt lat="49.6711776" lon="11.3202598">
        <ele>539.7</ele>
        <time>2026-09-09T11:53:50.000Z</time>
      </trkpt>
      <trkpt lat="49.6712449" lon="11.3208285">
        <ele>543</ele>
        <time>2026-09-09T11:54:11.000Z</time>
      </trkpt>
      <trkpt lat="49.6712645" lon="11.3213835">
        <ele>545.9</ele>
        <time>2026-09-09T11:54:32.000Z</time>
      </trkpt>
      <trkpt lat="49.6712844" lon="11.3217499">
        <ele>550</ele>
        <time>2026-09-09T11:54:53.000Z</time>
      </trkpt>
      <trkpt lat="49.6712982" lon="11.3221148">
        <ele>550.9</ele>
        <time>2026-09-09T11:55:13.000Z</time>
      </trkpt>
      <trkpt lat="49.6712483" lon="11.3225545">
        <ele>558</ele>
        <time>2026-09-09T11:55:34.000Z</time>
      </trkpt>
      <trkpt lat="49.6712649" lon="11.3229547">
        <ele>568.3</ele>
        <time>2026-09-09T11:55:56.000Z</time>
      </trkpt>
      <trkpt lat="49.671288" lon="11.3233278">
        <ele>567.9</ele>
        <time>2026-09-09T11:56:16.000Z</time>
      </trkpt>
      <trkpt lat="49.6712574" lon="11.3236062">
        <ele>568</ele>
        <time>2026-09-09T11:56:37.000Z</time>
      </trkpt>
      <trkpt lat="49.671183" lon="11.3238315">
        <ele>570.3</ele>
        <time>2026-09-09T11:56:58.000Z</time>
      </trkpt>
      <trkpt lat="49.671021" lon="11.324324">
        <ele>569.8</ele>
        <time>2026-09-09T11:57:18.000Z</time>
      </trkpt>
      <trkpt lat="49.6709142" lon="11.3247377">
        <ele>569.8</ele>
        <time>2026-09-09T11:57:40.000Z</time>
      </trkpt>
      <trkpt lat="49.6708149" lon="11.3252562">
        <ele>573</ele>
        <time>2026-09-09T11:58:00.000Z</time>
      </trkpt>
      <trkpt lat="49.670663" lon="11.3257203">
        <ele>576.8</ele>
        <time>2026-09-09T11:58:22.000Z</time>
      </trkpt>
      <trkpt lat="49.6705775" lon="11.3262061">
        <ele>576.9</ele>
        <time>2026-09-09T11:58:42.000Z</time>
      </trkpt>
      <trkpt lat="49.6704701" lon="11.3266342">
        <ele>580.1</ele>
        <time>2026-09-09T11:59:03.000Z</time>
      </trkpt>
      <trkpt lat="49.6703364" lon="11.3270866">
        <ele>584.3</ele>
        <time>2026-09-09T11:59:23.000Z</time>
      </trkpt>
      <trkpt lat="49.6701784" lon="11.3276633">
        <ele>586.1</ele>
        <time>2026-09-09T11:59:44.000Z</time>
      </trkpt>
      <trkpt lat="49.6698852" lon="11.3282556">
        <ele>588</ele>
        <time>2026-09-09T12:00:05.000Z</time>
      </trkpt>
      <trkpt lat="49.6693932" lon="11.3288367">
        <ele>587.6</ele>
        <time>2026-09-09T12:00:25.000Z</time>
      </trkpt>
      <trkpt lat="49.6684912" lon="11.3301569">
        <ele>581.4</ele>
        <time>2026-09-09T12:00:46.000Z</time>
      </trkpt>
      <trkpt lat="49.6699196" lon="11.3323199">
        <ele>560.2</ele>
        <time>2026-09-09T12:01:07.000Z</time>
      </trkpt>
      <trkpt lat="49.6716264" lon="11.3341946">
        <ele>550.1</ele>
        <time>2026-09-09T12:01:28.000Z</time>
      </trkpt>
      <trkpt lat="49.6736061" lon="11.3353395">
        <ele>538.4</ele>
        <time>2026-09-09T12:01:49.000Z</time>
      </trkpt>
      <trkpt lat="49.6745335" lon="11.3360817">
        <ele>536</ele>
        <time>2026-09-09T12:02:10.000Z</time>
      </trkpt>
      <trkpt lat="49.6743555" lon="11.3360044">
        <ele>538.7</ele>
        <time>2026-09-09T12:02:30.000Z</time>
      </trkpt>
      <trkpt lat="49.6743528" lon="11.3360106">
        <ele>541.7</ele>
        <time>2026-09-09T12:02:51.000Z</time>
      </trkpt>
      <trkpt lat="49.6743526" lon="11.3360111">
        <ele>541.6</ele>
        <time>2026-09-09T12:03:12.000Z</time>
      </trkpt>
      <trkpt lat="49.6743528" lon="11.3360118">
        <ele>541.5</ele>
        <time>2026-09-09T12:03:33.000Z</time>
      </trkpt>
      <trkpt lat="49.674353" lon="11.3360121">
        <ele>541.5</ele>
        <time>2026-09-09T12:03:54.000Z</time>
      </trkpt>
      <trkpt lat="49.674353" lon="11.3360121">
        <ele>541.5</ele>
        <time>2026-09-09T12:04:15.000Z</time>
      </trkpt>
      <trkpt lat="49.6743529" lon="11.3360124">
        <ele>541.5</ele>
        <time>2026-09-09T12:04:36.000Z</time>
      </trkpt>
      <trkpt lat="49.6743529" lon="11.3360128">
        <ele>541.4</ele>
        <time>2026-09-09T12:04:56.000Z</time>
      </trkpt>
      <trkpt lat="49.6743584" lon="11.3360135">
        <ele>541.1</ele>
        <time>2026-09-09T12:05:17.000Z</time>
      </trkpt>
      <trkpt lat="49.6749877" lon="11.3364957">
        <ele>546.2</ele>
        <time>2026-09-09T12:05:38.000Z</time>
      </trkpt>
      <trkpt lat="49.6757057" lon="11.3368121">
        <ele>542.5</ele>
        <time>2026-09-09T12:05:59.000Z</time>
      </trkpt>
      <trkpt lat="49.676359" lon="11.3372032">
        <ele>542.1</ele>
        <time>2026-09-09T12:06:20.000Z</time>
      </trkpt>
      <trkpt lat="49.6768276" lon="11.338476">
        <ele>537.7</ele>
        <time>2026-09-09T12:06:40.000Z</time>
      </trkpt>
      <trkpt lat="49.6775406" lon="11.3385272">
        <ele>536.1</ele>
        <time>2026-09-09T12:07:01.000Z</time>
      </trkpt>
      <trkpt lat="49.6782359" lon="11.338323">
        <ele>537</ele>
        <time>2026-09-09T12:07:21.000Z</time>
      </trkpt>
      <trkpt lat="49.6788915" lon="11.3385088">
        <ele>538.8</ele>
        <time>2026-09-09T12:07:42.000Z</time>
      </trkpt>
      <trkpt lat="49.6800208" lon="11.3391447">
        <ele>529.6</ele>
        <time>2026-09-09T12:08:04.000Z</time>
      </trkpt>
      <trkpt lat="49.6819053" lon="11.3409405">
        <ele>514.9</ele>
        <time>2026-09-09T12:08:25.000Z</time>
      </trkpt>
      <trkpt lat="49.6836935" lon="11.3425982">
        <ele>503.9</ele>
        <time>2026-09-09T12:08:45.000Z</time>
      </trkpt>
      <trkpt lat="49.6854618" lon="11.3437245">
        <ele>494.2</ele>
        <time>2026-09-09T12:09:06.000Z</time>
      </trkpt>
      <trkpt lat="49.6867659" lon="11.3434704">
        <ele>496</ele>
        <time>2026-09-09T12:09:26.000Z</time>
      </trkpt>
      <trkpt lat="49.688497" lon="11.3433085">
        <ele>481</ele>
        <time>2026-09-09T12:09:48.000Z</time>
      </trkpt>
      <trkpt lat="49.6905765" lon="11.3422448">
        <ele>467.2</ele>
        <time>2026-09-09T12:10:09.000Z</time>
      </trkpt>
      <trkpt lat="49.6914286" lon="11.3417659">
        <ele>465.5</ele>
        <time>2026-09-09T12:10:29.000Z</time>
      </trkpt>
      <trkpt lat="49.6914197" lon="11.3417837">
        <ele>463.5</ele>
        <time>2026-09-09T12:10:50.000Z</time>
      </trkpt>
      <trkpt lat="49.6914383" lon="11.3418092">
        <ele>464.7</ele>
        <time>2026-09-09T12:11:10.000Z</time>
      </trkpt>
      <trkpt lat="49.6914411" lon="11.3418083">
        <ele>464.6</ele>
        <time>2026-09-09T12:11:31.000Z</time>
      </trkpt>
      <trkpt lat="49.691441" lon="11.341809">
        <ele>464.7</ele>
        <time>2026-09-09T12:11:51.000Z</time>
      </trkpt>
      <trkpt lat="49.6914807" lon="11.3418194">
        <ele>470</ele>
        <time>2026-09-09T12:12:12.000Z</time>
      </trkpt>
      <trkpt lat="49.6914797" lon="11.3418065">
        <ele>471.3</ele>
        <time>2026-09-09T12:12:34.000Z</time>
      </trkpt>
      <trkpt lat="49.6915046" lon="11.3418165">
        <ele>475.3</ele>
        <time>2026-09-09T12:12:55.000Z</time>
      </trkpt>
      <trkpt lat="49.691513" lon="11.3418444">
        <ele>474</ele>
        <time>2026-09-09T12:13:16.000Z</time>
      </trkpt>
      <trkpt lat="49.6915117" lon="11.341846">
        <ele>475.3</ele>
        <time>2026-09-09T12:13:37.000Z</time>
      </trkpt>
      <trkpt lat="49.6915541" lon="11.3418516">
        <ele>468.8</ele>
        <time>2026-09-09T12:13:58.000Z</time>
      </trkpt>
      <trkpt lat="49.6918422" lon="11.3426062">
        <ele>467.1</ele>
        <time>2026-09-09T12:14:19.000Z</time>
      </trkpt>
      <trkpt lat="49.6921541" lon="11.3437776">
        <ele>465.9</ele>
        <time>2026-09-09T12:14:40.000Z</time>
      </trkpt>
      <trkpt lat="49.6926803" lon="11.344782">
        <ele>465.8</ele>
        <time>2026-09-09T12:15:01.000Z</time>
      </trkpt>
      <trkpt lat="49.6933387" lon="11.3455753">
        <ele>466.3</ele>
        <time>2026-09-09T12:15:21.000Z</time>
      </trkpt>
      <trkpt lat="49.6935058" lon="11.346208">
        <ele>468</ele>
        <time>2026-09-09T12:15:42.000Z</time>
      </trkpt>
      <trkpt lat="49.6935185" lon="11.3462411">
        <ele>468.7</ele>
        <time>2026-09-09T12:16:02.000Z</time>
      </trkpt>
      <trkpt lat="49.6935265" lon="11.3462358">
        <ele>468.1</ele>
        <time>2026-09-09T12:16:23.000Z</time>
      </trkpt>
      <trkpt lat="49.6935193" lon="11.3462397">
        <ele>467</ele>
        <time>2026-09-09T12:16:44.000Z</time>
      </trkpt>
      <trkpt lat="49.6935074" lon="11.3462292">
        <ele>466.2</ele>
        <time>2026-09-09T12:17:05.000Z</time>
      </trkpt>
      <trkpt lat="49.6937366" lon="11.3470871">
        <ele>467.3</ele>
        <time>2026-09-09T12:17:25.000Z</time>
      </trkpt>
      <trkpt lat="49.6942462" lon="11.3481496">
        <ele>469.2</ele>
        <time>2026-09-09T12:17:46.000Z</time>
      </trkpt>
      <trkpt lat="49.6945798" lon="11.3487332">
        <ele>471.2</ele>
        <time>2026-09-09T12:18:06.000Z</time>
      </trkpt>
      <trkpt lat="49.6948528" lon="11.3493144">
        <ele>473.7</ele>
        <time>2026-09-09T12:18:27.000Z</time>
      </trkpt>
      <trkpt lat="49.6950973" lon="11.3491097">
        <ele>474.1</ele>
        <time>2026-09-09T12:18:47.000Z</time>
      </trkpt>
      <trkpt lat="49.6955349" lon="11.3480495">
        <ele>471.6</ele>
        <time>2026-09-09T12:19:09.000Z</time>
      </trkpt>
      <trkpt lat="49.6962739" lon="11.3476703">
        <ele>471.7</ele>
        <time>2026-09-09T12:19:29.000Z</time>
      </trkpt>
      <trkpt lat="49.6970678" lon="11.3476056">
        <ele>474</ele>
        <time>2026-09-09T12:19:50.000Z</time>
      </trkpt>
      <trkpt lat="49.6976279" lon="11.3479131">
        <ele>474.3</ele>
        <time>2026-09-09T12:20:11.000Z</time>
      </trkpt>
      <trkpt lat="49.6979951" lon="11.3479667">
        <ele>473.5</ele>
        <time>2026-09-09T12:20:31.000Z</time>
      </trkpt>
      <trkpt lat="49.6980117" lon="11.3479622">
        <ele>474.3</ele>
        <time>2026-09-09T12:20:52.000Z</time>
      </trkpt>
      <trkpt lat="49.6980347" lon="11.3479999">
        <ele>475.5</ele>
        <time>2026-09-09T12:21:12.000Z</time>
      </trkpt>
      <trkpt lat="49.6979551" lon="11.3482316">
        <ele>473.4</ele>
        <time>2026-09-09T12:21:33.000Z</time>
      </trkpt>
      <trkpt lat="49.6979099" lon="11.3483484">
        <ele>476.5</ele>
        <time>2026-09-09T12:21:54.000Z</time>
      </trkpt>
      <trkpt lat="49.6978824" lon="11.3483752">
        <ele>475.1</ele>
        <time>2026-09-09T12:22:14.000Z</time>
      </trkpt>
      <trkpt lat="49.6980166" lon="11.3482949">
        <ele>474.1</ele>
        <time>2026-09-09T12:22:35.000Z</time>
      </trkpt>
      <trkpt lat="49.6980285" lon="11.3479383">
        <ele>473.5</ele>
        <time>2026-09-09T12:22:55.000Z</time>
      </trkpt>
      <trkpt lat="49.6980899" lon="11.3476454">
        <ele>476.9</ele>
        <time>2026-09-09T12:23:15.000Z</time>
      </trkpt>
      <trkpt lat="49.6980986" lon="11.3475962">
        <ele>474.1</ele>
        <time>2026-09-09T12:23:37.000Z</time>
      </trkpt>
      <trkpt lat="49.6981113" lon="11.3476065">
        <ele>474</ele>
        <time>2026-09-09T12:23:58.000Z</time>
      </trkpt>
      <trkpt lat="49.6981217" lon="11.347649">
        <ele>474.7</ele>
        <time>2026-09-09T12:24:19.000Z</time>
      </trkpt>
      <trkpt lat="49.6980942" lon="11.3476507">
        <ele>474.2</ele>
        <time>2026-09-09T12:24:39.000Z</time>
      </trkpt>
      <trkpt lat="49.6981278" lon="11.3479647">
        <ele>472.6</ele>
        <time>2026-09-09T12:24:59.000Z</time>
      </trkpt>
      <trkpt lat="49.6981235" lon="11.3479662">
        <ele>472.2</ele>
        <time>2026-09-09T12:25:19.000Z</time>
      </trkpt>
      <trkpt lat="49.6981025" lon="11.347993">
        <ele>473</ele>
        <time>2026-09-09T12:25:40.000Z</time>
      </trkpt>
      <trkpt lat="49.6979965" lon="11.347949">
        <ele>473.2</ele>
        <time>2026-09-09T12:26:01.000Z</time>
      </trkpt>
      <trkpt lat="49.6980155" lon="11.3479399">
        <ele>474.4</ele>
        <time>2026-09-09T12:26:21.000Z</time>
      </trkpt>
      <trkpt lat="49.6979865" lon="11.3479435">
        <ele>474.7</ele>
        <time>2026-09-09T12:26:41.000Z</time>
      </trkpt>
      <trkpt lat="49.6979893" lon="11.3479451">
        <ele>474.2</ele>
        <time>2026-09-09T12:27:03.000Z</time>
      </trkpt>
      <trkpt lat="49.6979973" lon="11.3479494">
        <ele>473.5</ele>
        <time>2026-09-09T12:27:23.000Z</time>
      </trkpt>
      <trkpt lat="49.6980214" lon="11.3479546">
        <ele>473.1</ele>
        <time>2026-09-09T12:27:44.000Z</time>
      </trkpt>
      <trkpt lat="49.6985071" lon="11.3470865">
        <ele>472.9</ele>
        <time>2026-09-09T12:28:05.000Z</time>
      </trkpt>
      <trkpt lat="49.6993656" lon="11.3463868">
        <ele>472.2</ele>
        <time>2026-09-09T12:28:26.000Z</time>
      </trkpt>
      <trkpt lat="49.6998099" lon="11.3461187">
        <ele>473.8</ele>
        <time>2026-09-09T12:28:46.000Z</time>
      </trkpt>
      <trkpt lat="49.700138" lon="11.3457746">
        <ele>478.7</ele>
        <time>2026-09-09T12:29:07.000Z</time>
      </trkpt>
      <trkpt lat="49.7004465" lon="11.3452749">
        <ele>484.1</ele>
        <time>2026-09-09T12:29:28.000Z</time>
      </trkpt>
      <trkpt lat="49.7007221" lon="11.344782">
        <ele>487.8</ele>
        <time>2026-09-09T12:29:49.000Z</time>
      </trkpt>
      <trkpt lat="49.7009778" lon="11.3442947">
        <ele>494.6</ele>
        <time>2026-09-09T12:30:10.000Z</time>
      </trkpt>
      <trkpt lat="49.7011973" lon="11.3438839">
        <ele>497.2</ele>
        <time>2026-09-09T12:30:30.000Z</time>
      </trkpt>
      <trkpt lat="49.7014114" lon="11.3434803">
        <ele>499.5</ele>
        <time>2026-09-09T12:30:51.000Z</time>
      </trkpt>
      <trkpt lat="49.7016632" lon="11.3430731">
        <ele>501.6</ele>
        <time>2026-09-09T12:31:11.000Z</time>
      </trkpt>
      <trkpt lat="49.7018756" lon="11.3426105">
        <ele>505.7</ele>
        <time>2026-09-09T12:31:33.000Z</time>
      </trkpt>
      <trkpt lat="49.7021275" lon="11.3422123">
        <ele>508.2</ele>
        <time>2026-09-09T12:31:53.000Z</time>
      </trkpt>
      <trkpt lat="49.7023677" lon="11.3417859">
        <ele>511.3</ele>
        <time>2026-09-09T12:32:14.000Z</time>
      </trkpt>
      <trkpt lat="49.702673" lon="11.3414179">
        <ele>514.5</ele>
        <time>2026-09-09T12:32:35.000Z</time>
      </trkpt>
      <trkpt lat="49.7030282" lon="11.3412122">
        <ele>517.1</ele>
        <time>2026-09-09T12:32:55.000Z</time>
      </trkpt>
      <trkpt lat="49.7033514" lon="11.341174">
        <ele>519.1</ele>
        <time>2026-09-09T12:33:16.000Z</time>
      </trkpt>
      <trkpt lat="49.7037216" lon="11.3412254">
        <ele>521.7</ele>
        <time>2026-09-09T12:33:36.000Z</time>
      </trkpt>
      <trkpt lat="49.7041359" lon="11.3412828">
        <ele>526.4</ele>
        <time>2026-09-09T12:33:57.000Z</time>
      </trkpt>
      <trkpt lat="49.7047012" lon="11.3413852">
        <ele>526.7</ele>
        <time>2026-09-09T12:34:18.000Z</time>
      </trkpt>
      <trkpt lat="49.7056403" lon="11.3414783">
        <ele>524.2</ele>
        <time>2026-09-09T12:34:39.000Z</time>
      </trkpt>
      <trkpt lat="49.7071879" lon="11.3415616">
        <ele>521.6</ele>
        <time>2026-09-09T12:34:59.000Z</time>
      </trkpt>
      <trkpt lat="49.7080175" lon="11.3415852">
        <ele>522.7</ele>
        <time>2026-09-09T12:35:21.000Z</time>
      </trkpt>
      <trkpt lat="49.7087287" lon="11.3414494">
        <ele>522.5</ele>
        <time>2026-09-09T12:35:42.000Z</time>
      </trkpt>
      <trkpt lat="49.7096112" lon="11.3412454">
        <ele>525.8</ele>
        <time>2026-09-09T12:36:02.000Z</time>
      </trkpt>
      <trkpt lat="49.7103995" lon="11.3413264">
        <ele>525.3</ele>
        <time>2026-09-09T12:36:24.000Z</time>
      </trkpt>
      <trkpt lat="49.7109233" lon="11.3413026">
        <ele>527.1</ele>
        <time>2026-09-09T12:36:45.000Z</time>
      </trkpt>
      <trkpt lat="49.7114431" lon="11.3410308">
        <ele>529.1</ele>
        <time>2026-09-09T12:37:06.000Z</time>
      </trkpt>
      <trkpt lat="49.7118878" lon="11.3406358">
        <ele>531.1</ele>
        <time>2026-09-09T12:37:27.000Z</time>
      </trkpt>
      <trkpt lat="49.7122607" lon="11.3403293">
        <ele>531.7</ele>
        <time>2026-09-09T12:37:47.000Z</time>
      </trkpt>
      <trkpt lat="49.7126543" lon="11.3400266">
        <ele>535.3</ele>
        <time>2026-09-09T12:38:09.000Z</time>
      </trkpt>
      <trkpt lat="49.7130467" lon="11.3396495">
        <ele>537.1</ele>
        <time>2026-09-09T12:38:29.000Z</time>
      </trkpt>
      <trkpt lat="49.7134377" lon="11.3393298">
        <ele>538.6</ele>
        <time>2026-09-09T12:38:50.000Z</time>
      </trkpt>
      <trkpt lat="49.7140795" lon="11.3388196">
        <ele>533.8</ele>
        <time>2026-09-09T12:39:11.000Z</time>
      </trkpt>
      <trkpt lat="49.7145881" lon="11.3383583">
        <ele>536.4</ele>
        <time>2026-09-09T12:39:31.000Z</time>
      </trkpt>
      <trkpt lat="49.7151414" lon="11.3381055">
        <ele>535.5</ele>
        <time>2026-09-09T12:39:52.000Z</time>
      </trkpt>
      <trkpt lat="49.715839" lon="11.3378662">
        <ele>537.8</ele>
        <time>2026-09-09T12:40:12.000Z</time>
      </trkpt>
      <trkpt lat="49.7160924" lon="11.3378083">
        <ele>537.4</ele>
        <time>2026-09-09T12:40:33.000Z</time>
      </trkpt>
      <trkpt lat="49.716087" lon="11.3378062">
        <ele>537.4</ele>
        <time>2026-09-09T12:40:53.000Z</time>
      </trkpt>
      <trkpt lat="49.7160908" lon="11.337811">
        <ele>537.6</ele>
        <time>2026-09-09T12:41:14.000Z</time>
      </trkpt>
      <trkpt lat="49.7160862" lon="11.3378194">
        <ele>538.6</ele>
        <time>2026-09-09T12:41:35.000Z</time>
      </trkpt>
      <trkpt lat="49.7160585" lon="11.3378086">
        <ele>542.8</ele>
        <time>2026-09-09T12:41:56.000Z</time>
      </trkpt>
      <trkpt lat="49.7160816" lon="11.337825">
        <ele>543.4</ele>
        <time>2026-09-09T12:42:16.000Z</time>
      </trkpt>
      <trkpt lat="49.7160833" lon="11.3378084">
        <ele>540.8</ele>
        <time>2026-09-09T12:42:37.000Z</time>
      </trkpt>
      <trkpt lat="49.716083" lon="11.3378131">
        <ele>540.3</ele>
        <time>2026-09-09T12:42:58.000Z</time>
      </trkpt>
      <trkpt lat="49.7160829" lon="11.3378129">
        <ele>540.3</ele>
        <time>2026-09-09T12:43:18.000Z</time>
      </trkpt>
      <trkpt lat="49.7161141" lon="11.3377728">
        <ele>540.5</ele>
        <time>2026-09-09T12:43:39.000Z</time>
      </trkpt>
      <trkpt lat="49.7164953" lon="11.3376443">
        <ele>542.2</ele>
        <time>2026-09-09T12:44:00.000Z</time>
      </trkpt>
      <trkpt lat="49.7169789" lon="11.3374911">
        <ele>544.7</ele>
        <time>2026-09-09T12:44:21.000Z</time>
      </trkpt>
      <trkpt lat="49.7174861" lon="11.3373014">
        <ele>547</ele>
        <time>2026-09-09T12:44:41.000Z</time>
      </trkpt>
      <trkpt lat="49.7179186" lon="11.3371526">
        <ele>548.3</ele>
        <time>2026-09-09T12:45:02.000Z</time>
      </trkpt>
      <trkpt lat="49.7185133" lon="11.3369453">
        <ele>547.9</ele>
        <time>2026-09-09T12:45:23.000Z</time>
      </trkpt>
      <trkpt lat="49.7192113" lon="11.3368929">
        <ele>547.7</ele>
        <time>2026-09-09T12:45:43.000Z</time>
      </trkpt>
      <trkpt lat="49.719753" lon="11.3368867">
        <ele>549.4</ele>
        <time>2026-09-09T12:46:04.000Z</time>
      </trkpt>
      <trkpt lat="49.7201694" lon="11.3368684">
        <ele>552.8</ele>
        <time>2026-09-09T12:46:25.000Z</time>
      </trkpt>
      <trkpt lat="49.7205121" lon="11.3368724">
        <ele>556.2</ele>
        <time>2026-09-09T12:46:45.000Z</time>
      </trkpt>
      <trkpt lat="49.7208686" lon="11.3368508">
        <ele>559.6</ele>
        <time>2026-09-09T12:47:07.000Z</time>
      </trkpt>
      <trkpt lat="49.7212136" lon="11.3368413">
        <ele>562.6</ele>
        <time>2026-09-09T12:47:27.000Z</time>
      </trkpt>
      <trkpt lat="49.7215232" lon="11.3368259">
        <ele>564.7</ele>
        <time>2026-09-09T12:47:48.000Z</time>
      </trkpt>
      <trkpt lat="49.7218151" lon="11.3368243">
        <ele>567.4</ele>
        <time>2026-09-09T12:48:09.000Z</time>
      </trkpt>
      <trkpt lat="49.7221556" lon="11.3368155">
        <ele>569.5</ele>
        <time>2026-09-09T12:48:31.000Z</time>
      </trkpt>
      <trkpt lat="49.7225152" lon="11.3367956">
        <ele>571</ele>
        <time>2026-09-09T12:48:52.000Z</time>
      </trkpt>
      <trkpt lat="49.7230241" lon="11.336761">
        <ele>572.2</ele>
        <time>2026-09-09T12:49:13.000Z</time>
      </trkpt>
      <trkpt lat="49.7236585" lon="11.3366735">
        <ele>570.1</ele>
        <time>2026-09-09T12:49:34.000Z</time>
      </trkpt>
      <trkpt lat="49.7246197" lon="11.3365122">
        <ele>565.4</ele>
        <time>2026-09-09T12:49:55.000Z</time>
      </trkpt>
      <trkpt lat="49.7255778" lon="11.3363811">
        <ele>562.6</ele>
        <time>2026-09-09T12:50:15.000Z</time>
      </trkpt>
      <trkpt lat="49.726018" lon="11.3363916">
        <ele>566.2</ele>
        <time>2026-09-09T12:50:36.000Z</time>
      </trkpt>
      <trkpt lat="49.7264038" lon="11.3364347">
        <ele>570.6</ele>
        <time>2026-09-09T12:50:57.000Z</time>
      </trkpt>
      <trkpt lat="49.7268061" lon="11.3364968">
        <ele>575.4</ele>
        <time>2026-09-09T12:51:19.000Z</time>
      </trkpt>
      <trkpt lat="49.727114" lon="11.3365501">
        <ele>576.8</ele>
        <time>2026-09-09T12:51:40.000Z</time>
      </trkpt>
      <trkpt lat="49.7274361" lon="11.3366005">
        <ele>578.6</ele>
        <time>2026-09-09T12:52:00.000Z</time>
      </trkpt>
      <trkpt lat="49.72779" lon="11.3366357">
        <ele>578.6</ele>
        <time>2026-09-09T12:52:22.000Z</time>
      </trkpt>
      <trkpt lat="49.7283048" lon="11.3366424">
        <ele>578.7</ele>
        <time>2026-09-09T12:52:42.000Z</time>
      </trkpt>
      <trkpt lat="49.7293483" lon="11.3366431">
        <ele>576.1</ele>
        <time>2026-09-09T12:53:03.000Z</time>
      </trkpt>
      <trkpt lat="49.7307114" lon="11.33662">
        <ele>576.6</ele>
        <time>2026-09-09T12:53:25.000Z</time>
      </trkpt>
      <trkpt lat="49.7323852" lon="11.336666">
        <ele>567.3</ele>
        <time>2026-09-09T12:53:46.000Z</time>
      </trkpt>
      <trkpt lat="49.7344006" lon="11.3370751">
        <ele>553.8</ele>
        <time>2026-09-09T12:54:07.000Z</time>
      </trkpt>
      <trkpt lat="49.7361868" lon="11.3375592">
        <ele>548</ele>
        <time>2026-09-09T12:54:28.000Z</time>
      </trkpt>
      <trkpt lat="49.7378862" lon="11.3375181">
        <ele>546.4</ele>
        <time>2026-09-09T12:54:48.000Z</time>
      </trkpt>
      <trkpt lat="49.7396662" lon="11.3371832">
        <ele>541.6</ele>
        <time>2026-09-09T12:55:10.000Z</time>
      </trkpt>
      <trkpt lat="49.741412" lon="11.3377665">
        <ele>528.7</ele>
        <time>2026-09-09T12:55:31.000Z</time>
      </trkpt>
      <trkpt lat="49.7425828" lon="11.3395126">
        <ele>526.9</ele>
        <time>2026-09-09T12:55:51.000Z</time>
      </trkpt>
      <trkpt lat="49.7437346" lon="11.3412489">
        <ele>521.7</ele>
        <time>2026-09-09T12:56:12.000Z</time>
      </trkpt>
      <trkpt lat="49.7450146" lon="11.3428859">
        <ele>517</ele>
        <time>2026-09-09T12:56:32.000Z</time>
      </trkpt>
      <trkpt lat="49.7465188" lon="11.3440135">
        <ele>513.2</ele>
        <time>2026-09-09T12:56:54.000Z</time>
      </trkpt>
      <trkpt lat="49.7479942" lon="11.3447825">
        <ele>512.2</ele>
        <time>2026-09-09T12:57:15.000Z</time>
      </trkpt>
      <trkpt lat="49.7493394" lon="11.3452228">
        <ele>513</ele>
        <time>2026-09-09T12:57:36.000Z</time>
      </trkpt>
      <trkpt lat="49.7503988" lon="11.3447314">
        <ele>512.7</ele>
        <time>2026-09-09T12:57:57.000Z</time>
      </trkpt>
      <trkpt lat="49.7512999" lon="11.3441302">
        <ele>514.2</ele>
        <time>2026-09-09T12:58:17.000Z</time>
      </trkpt>
      <trkpt lat="49.7517764" lon="11.3440051">
        <ele>518.5</ele>
        <time>2026-09-09T12:58:38.000Z</time>
      </trkpt>
      <trkpt lat="49.7520625" lon="11.3439309">
        <ele>521.5</ele>
        <time>2026-09-09T12:58:59.000Z</time>
      </trkpt>
      <trkpt lat="49.7523825" lon="11.3437304">
        <ele>524.1</ele>
        <time>2026-09-09T12:59:19.000Z</time>
      </trkpt>
      <trkpt lat="49.752619" lon="11.3435229">
        <ele>522.4</ele>
        <time>2026-09-09T12:59:41.000Z</time>
      </trkpt>
      <trkpt lat="49.7526191" lon="11.3435208">
        <ele>521.2</ele>
        <time>2026-09-09T13:00:01.000Z</time>
      </trkpt>
      <trkpt lat="49.7526077" lon="11.3435257">
        <ele>524</ele>
        <time>2026-09-09T13:00:22.000Z</time>
      </trkpt>
      <trkpt lat="49.7526076" lon="11.3435225">
        <ele>524.1</ele>
        <time>2026-09-09T13:00:43.000Z</time>
      </trkpt>
      <trkpt lat="49.7526073" lon="11.343522">
        <ele>524.1</ele>
        <time>2026-09-09T13:01:03.000Z</time>
      </trkpt>
      <trkpt lat="49.7525964" lon="11.3435591">
        <ele>524.3</ele>
        <time>2026-09-09T13:01:25.000Z</time>
      </trkpt>
      <trkpt lat="49.7526056" lon="11.3435549">
        <ele>525.3</ele>
        <time>2026-09-09T13:01:45.000Z</time>
      </trkpt>
      <trkpt lat="49.752611" lon="11.3435533">
        <ele>524.7</ele>
        <time>2026-09-09T13:02:07.000Z</time>
      </trkpt>
      <trkpt lat="49.7526397" lon="11.3435327">
        <ele>528.4</ele>
        <time>2026-09-09T13:02:28.000Z</time>
      </trkpt>
      <trkpt lat="49.7526194" lon="11.3435325">
        <ele>527.9</ele>
        <time>2026-09-09T13:02:49.000Z</time>
      </trkpt>
      <trkpt lat="49.7526028" lon="11.3435117">
        <ele>528</ele>
        <time>2026-09-09T13:03:10.000Z</time>
      </trkpt>
      <trkpt lat="49.7525958" lon="11.3435039">
        <ele>528.4</ele>
        <time>2026-09-09T13:03:31.000Z</time>
      </trkpt>
      <trkpt lat="49.7526452" lon="11.343307">
        <ele>526</ele>
        <time>2026-09-09T13:03:51.000Z</time>
      </trkpt>
      <trkpt lat="49.7535463" lon="11.3426488">
        <ele>518.8</ele>
        <time>2026-09-09T13:04:12.000Z</time>
      </trkpt>
      <trkpt lat="49.7539358" lon="11.3423616">
        <ele>514.4</ele>
        <time>2026-09-09T13:04:32.000Z</time>
      </trkpt>
      <trkpt lat="49.7553839" lon="11.3418059">
        <ele>505.8</ele>
        <time>2026-09-09T13:04:53.000Z</time>
      </trkpt>
      <trkpt lat="49.7567323" lon="11.3415322">
        <ele>504.6</ele>
        <time>2026-09-09T13:05:13.000Z</time>
      </trkpt>
      <trkpt lat="49.7579092" lon="11.3412759">
        <ele>501.8</ele>
        <time>2026-09-09T13:05:34.000Z</time>
      </trkpt>
      <trkpt lat="49.7594347" lon="11.3416406">
        <ele>500.8</ele>
        <time>2026-09-09T13:05:54.000Z</time>
      </trkpt>
      <trkpt lat="49.7609172" lon="11.3429606">
        <ele>488.4</ele>
        <time>2026-09-09T13:06:16.000Z</time>
      </trkpt>
      <trkpt lat="49.7620809" lon="11.3440249">
        <ele>488.3</ele>
        <time>2026-09-09T13:06:37.000Z</time>
      </trkpt>
      <trkpt lat="49.76345" lon="11.3438538">
        <ele>488.1</ele>
        <time>2026-09-09T13:06:57.000Z</time>
      </trkpt>
      <trkpt lat="49.7647847" lon="11.3448341">
        <ele>484.8</ele>
        <time>2026-09-09T13:07:18.000Z</time>
      </trkpt>
      <trkpt lat="49.7661674" lon="11.3455926">
        <ele>482.4</ele>
        <time>2026-09-09T13:07:40.000Z</time>
      </trkpt>
      <trkpt lat="49.7674924" lon="11.3452982">
        <ele>483.7</ele>
        <time>2026-09-09T13:08:01.000Z</time>
      </trkpt>
      <trkpt lat="49.7687378" lon="11.3457165">
        <ele>477.9</ele>
        <time>2026-09-09T13:08:22.000Z</time>
      </trkpt>
      <trkpt lat="49.7699668" lon="11.3465689">
        <ele>475.4</ele>
        <time>2026-09-09T13:08:43.000Z</time>
      </trkpt>
      <trkpt lat="49.7701241" lon="11.3468972">
        <ele>480.5</ele>
        <time>2026-09-09T13:09:04.000Z</time>
      </trkpt>
      <trkpt lat="49.7700837" lon="11.3475496">
        <ele>484</ele>
        <time>2026-09-09T13:09:25.000Z</time>
      </trkpt>
      <trkpt lat="49.7700273" lon="11.3481583">
        <ele>485.5</ele>
        <time>2026-09-09T13:09:46.000Z</time>
      </trkpt>
      <trkpt lat="49.7700115" lon="11.3490485">
        <ele>488</ele>
        <time>2026-09-09T13:10:06.000Z</time>
      </trkpt>
      <trkpt lat="49.7701162" lon="11.3502139">
        <ele>488.6</ele>
        <time>2026-09-09T13:10:27.000Z</time>
      </trkpt>
      <trkpt lat="49.7702419" lon="11.351158">
        <ele>490.9</ele>
        <time>2026-09-09T13:10:49.000Z</time>
      </trkpt>
      <trkpt lat="49.7702799" lon="11.3521297">
        <ele>492.3</ele>
        <time>2026-09-09T13:11:09.000Z</time>
      </trkpt>
      <trkpt lat="49.7702466" lon="11.3530347">
        <ele>494.7</ele>
        <time>2026-09-09T13:11:30.000Z</time>
      </trkpt>
      <trkpt lat="49.7702021" lon="11.3538136">
        <ele>497.1</ele>
        <time>2026-09-09T13:11:50.000Z</time>
      </trkpt>
      <trkpt lat="49.7701622" lon="11.3544883">
        <ele>500.4</ele>
        <time>2026-09-09T13:12:11.000Z</time>
      </trkpt>
      <trkpt lat="49.7700836" lon="11.3551563">
        <ele>503.9</ele>
        <time>2026-09-09T13:12:31.000Z</time>
      </trkpt>
      <trkpt lat="49.7699289" lon="11.3558584">
        <ele>505.5</ele>
        <time>2026-09-09T13:12:53.000Z</time>
      </trkpt>
      <trkpt lat="49.7697137" lon="11.3564485">
        <ele>508.5</ele>
        <time>2026-09-09T13:13:13.000Z</time>
      </trkpt>
      <trkpt lat="49.7695026" lon="11.3570465">
        <ele>510.8</ele>
        <time>2026-09-09T13:13:35.000Z</time>
      </trkpt>
      <trkpt lat="49.7692786" lon="11.3575283">
        <ele>511.5</ele>
        <time>2026-09-09T13:13:55.000Z</time>
      </trkpt>
      <trkpt lat="49.7689602" lon="11.3580535">
        <ele>514</ele>
        <time>2026-09-09T13:14:16.000Z</time>
      </trkpt>
      <trkpt lat="49.7685877" lon="11.3587161">
        <ele>516.7</ele>
        <time>2026-09-09T13:14:38.000Z</time>
      </trkpt>
      <trkpt lat="49.7683869" lon="11.3594835">
        <ele>518.5</ele>
        <time>2026-09-09T13:14:58.000Z</time>
      </trkpt>
      <trkpt lat="49.7683162" lon="11.3604146">
        <ele>518.4</ele>
        <time>2026-09-09T13:15:20.000Z</time>
      </trkpt>
      <trkpt lat="49.7682959" lon="11.3619288">
        <ele>515.4</ele>
        <time>2026-09-09T13:15:41.000Z</time>
      </trkpt>
      <trkpt lat="49.7684044" lon="11.3647369">
        <ele>503.2</ele>
        <time>2026-09-09T13:16:01.000Z</time>
      </trkpt>
      <trkpt lat="49.7682808" lon="11.3683174">
        <ele>491.8</ele>
        <time>2026-09-09T13:16:22.000Z</time>
      </trkpt>
      <trkpt lat="49.7680867" lon="11.3711273">
        <ele>486.1</ele>
        <time>2026-09-09T13:16:44.000Z</time>
      </trkpt>
      <trkpt lat="49.7677876" lon="11.3739823">
        <ele>480.4</ele>
        <time>2026-09-09T13:17:04.000Z</time>
      </trkpt>
      <trkpt lat="49.7672285" lon="11.3758459">
        <ele>481.4</ele>
        <time>2026-09-09T13:17:25.000Z</time>
      </trkpt>
      <trkpt lat="49.7671154" lon="11.3766051">
        <ele>484.5</ele>
        <time>2026-09-09T13:17:46.000Z</time>
      </trkpt>
      <trkpt lat="49.7670134" lon="11.3773805">
        <ele>489.3</ele>
        <time>2026-09-09T13:18:06.000Z</time>
      </trkpt>
      <trkpt lat="49.7668055" lon="11.378091">
        <ele>492</ele>
        <time>2026-09-09T13:18:27.000Z</time>
      </trkpt>
      <trkpt lat="49.7665349" lon="11.3788949">
        <ele>494</ele>
        <time>2026-09-09T13:18:48.000Z</time>
      </trkpt>
      <trkpt lat="49.7661768" lon="11.3797685">
        <ele>493.9</ele>
        <time>2026-09-09T13:19:09.000Z</time>
      </trkpt>
      <trkpt lat="49.7659245" lon="11.3809913">
        <ele>490.7</ele>
        <time>2026-09-09T13:19:30.000Z</time>
      </trkpt>
      <trkpt lat="49.7658722" lon="11.38347">
        <ele>479.8</ele>
        <time>2026-09-09T13:19:50.000Z</time>
      </trkpt>
      <trkpt lat="49.7653901" lon="11.3861969">
        <ele>470.1</ele>
        <time>2026-09-09T13:20:11.000Z</time>
      </trkpt>
      <trkpt lat="49.7651753" lon="11.389145">
        <ele>464.4</ele>
        <time>2026-09-09T13:20:32.000Z</time>
      </trkpt>
      <trkpt lat="49.7649568" lon="11.3916636">
        <ele>465</ele>
        <time>2026-09-09T13:20:53.000Z</time>
      </trkpt>
      <trkpt lat="49.7649087" lon="11.3926595">
        <ele>466.7</ele>
        <time>2026-09-09T13:21:14.000Z</time>
      </trkpt>
      <trkpt lat="49.7648697" lon="11.3928677">
        <ele>468.6</ele>
        <time>2026-09-09T13:21:34.000Z</time>
      </trkpt>
      <trkpt lat="49.7648646" lon="11.3928577">
        <ele>468.5</ele>
        <time>2026-09-09T13:21:55.000Z</time>
      </trkpt>
      <trkpt lat="49.7648692" lon="11.3928964">
        <ele>469.8</ele>
        <time>2026-09-09T13:22:16.000Z</time>
      </trkpt>
      <trkpt lat="49.7647151" lon="11.3935124">
        <ele>469.9</ele>
        <time>2026-09-09T13:22:37.000Z</time>
      </trkpt>
      <trkpt lat="49.7645033" lon="11.394207">
        <ele>465.5</ele>
        <time>2026-09-09T13:22:57.000Z</time>
      </trkpt>
      <trkpt lat="49.7646973" lon="11.3936865">
        <ele>468.2</ele>
        <time>2026-09-09T13:23:18.000Z</time>
      </trkpt>
      <trkpt lat="49.7648654" lon="11.3929776">
        <ele>469.1</ele>
        <time>2026-09-09T13:23:39.000Z</time>
      </trkpt>
      <trkpt lat="49.764988" lon="11.391515">
        <ele>464.7</ele>
        <time>2026-09-09T13:24:00.000Z</time>
      </trkpt>
      <trkpt lat="49.7656667" lon="11.3913691">
        <ele>464.4</ele>
        <time>2026-09-09T13:24:22.000Z</time>
      </trkpt>
      <trkpt lat="49.7656726" lon="11.3913492">
        <ele>465</ele>
        <time>2026-09-09T13:24:43.000Z</time>
      </trkpt>
      <trkpt lat="49.7656728" lon="11.391356">
        <ele>468.3</ele>
        <time>2026-09-09T13:25:03.000Z</time>
      </trkpt>
      <trkpt lat="49.7656645" lon="11.3913342">
        <ele>469.4</ele>
        <time>2026-09-09T13:25:25.000Z</time>
      </trkpt>
      <trkpt lat="49.7656699" lon="11.3913336">
        <ele>469.7</ele>
        <time>2026-09-09T13:25:46.000Z</time>
      </trkpt>
      <trkpt lat="49.7656605" lon="11.3913715">
        <ele>469.2</ele>
        <time>2026-09-09T13:26:07.000Z</time>
      </trkpt>
      <trkpt lat="49.7656661" lon="11.3913716">
        <ele>469.6</ele>
        <time>2026-09-09T13:26:28.000Z</time>
      </trkpt>
      <trkpt lat="49.7659548" lon="11.3914817">
        <ele>466.8</ele>
        <time>2026-09-09T13:26:49.000Z</time>
      </trkpt>
      <trkpt lat="49.7664689" lon="11.3917169">
        <ele>468.5</ele>
        <time>2026-09-09T13:27:09.000Z</time>
      </trkpt>
      <trkpt lat="49.7668659" lon="11.3919677">
        <ele>472.3</ele>
        <time>2026-09-09T13:27:30.000Z</time>
      </trkpt>
      <trkpt lat="49.767106" lon="11.392107">
        <ele>476.7</ele>
        <time>2026-09-09T13:27:52.000Z</time>
      </trkpt>
      <trkpt lat="49.767436" lon="11.3920825">
        <ele>470.5</ele>
        <time>2026-09-09T13:28:13.000Z</time>
      </trkpt>
      <trkpt lat="49.7676925" lon="11.3921239">
        <ele>475.2</ele>
        <time>2026-09-09T13:28:33.000Z</time>
      </trkpt>
      <trkpt lat="49.7680015" lon="11.3920907">
        <ele>478.3</ele>
        <time>2026-09-09T13:28:55.000Z</time>
      </trkpt>
      <trkpt lat="49.7683112" lon="11.3920691">
        <ele>480.7</ele>
        <time>2026-09-09T13:29:16.000Z</time>
      </trkpt>
      <trkpt lat="49.7684214" lon="11.3921292">
        <ele>483.2</ele>
        <time>2026-09-09T13:29:37.000Z</time>
      </trkpt>
      <trkpt lat="49.7689843" lon="11.3925912">
        <ele>479.8</ele>
        <time>2026-09-09T13:29:58.000Z</time>
      </trkpt>
      <trkpt lat="49.7695426" lon="11.3935444">
        <ele>479.7</ele>
        <time>2026-09-09T13:30:18.000Z</time>
      </trkpt>
      <trkpt lat="49.7697137" lon="11.394065">
        <ele>480.2</ele>
        <time>2026-09-09T13:30:39.000Z</time>
      </trkpt>
      <trkpt lat="49.7698305" lon="11.3946944">
        <ele>482.2</ele>
        <time>2026-09-09T13:30:59.000Z</time>
      </trkpt>
      <trkpt lat="49.7698287" lon="11.3954792">
        <ele>480.1</ele>
        <time>2026-09-09T13:31:20.000Z</time>
      </trkpt>
      <trkpt lat="49.7702005" lon="11.3956366">
        <ele>480</ele>
        <time>2026-09-09T13:31:40.000Z</time>
      </trkpt>
      <trkpt lat="49.7703518" lon="11.3955908">
        <ele>483.4</ele>
        <time>2026-09-09T13:32:01.000Z</time>
      </trkpt>
      <trkpt lat="49.770365" lon="11.3955899">
        <ele>485.2</ele>
        <time>2026-09-09T13:32:22.000Z</time>
      </trkpt>
      <trkpt lat="49.7703839" lon="11.3955806">
        <ele>484.8</ele>
        <time>2026-09-09T13:32:43.000Z</time>
      </trkpt>
      <trkpt lat="49.7707941" lon="11.395551">
        <ele>478.7</ele>
        <time>2026-09-09T13:33:03.000Z</time>
      </trkpt>
      <trkpt lat="49.7715315" lon="11.3959209">
        <ele>472.9</ele>
        <time>2026-09-09T13:33:24.000Z</time>
      </trkpt>
      <trkpt lat="49.7729004" lon="11.39604">
        <ele>464.8</ele>
        <time>2026-09-09T13:33:45.000Z</time>
      </trkpt>
      <trkpt lat="49.773949" lon="11.3964693">
        <ele>462.4</ele>
        <time>2026-09-09T13:34:06.000Z</time>
      </trkpt>
      <trkpt lat="49.7748196" lon="11.3970119">
        <ele>461.6</ele>
        <time>2026-09-09T13:34:27.000Z</time>
      </trkpt>
      <trkpt lat="49.7750936" lon="11.3982999">
        <ele>457.3</ele>
        <time>2026-09-09T13:34:48.000Z</time>
      </trkpt>
      <trkpt lat="49.7746367" lon="11.3997216">
        <ele>446.8</ele>
        <time>2026-09-09T13:35:08.000Z</time>
      </trkpt>
      <trkpt lat="49.7742697" lon="11.4008166">
        <ele>435.6</ele>
        <time>2026-09-09T13:35:30.000Z</time>
      </trkpt>
      <trkpt lat="49.7738876" lon="11.4008813">
        <ele>426.7</ele>
        <time>2026-09-09T13:35:51.000Z</time>
      </trkpt>
      <trkpt lat="49.7734309" lon="11.4008809">
        <ele>420.8</ele>
        <time>2026-09-09T13:36:12.000Z</time>
      </trkpt>
      <trkpt lat="49.7734448" lon="11.400886">
        <ele>423</ele>
        <time>2026-09-09T13:36:32.000Z</time>
      </trkpt>
      <trkpt lat="49.7734614" lon="11.4008692">
        <ele>424.7</ele>
        <time>2026-09-09T13:36:53.000Z</time>
      </trkpt>
      <trkpt lat="49.7734173" lon="11.400868">
        <ele>427.7</ele>
        <time>2026-09-09T13:37:14.000Z</time>
      </trkpt>
      <trkpt lat="49.7734212" lon="11.4008624">
        <ele>430.4</ele>
        <time>2026-09-09T13:37:34.000Z</time>
      </trkpt>
      <trkpt lat="49.7734261" lon="11.4008628">
        <ele>430.9</ele>
        <time>2026-09-09T13:37:56.000Z</time>
      </trkpt>
      <trkpt lat="49.7734511" lon="11.4008436">
        <ele>429.1</ele>
        <time>2026-09-09T13:38:17.000Z</time>
      </trkpt>
      <trkpt lat="49.7736181" lon="11.4009686">
        <ele>440.9</ele>
        <time>2026-09-09T13:38:38.000Z</time>
      </trkpt>
      <trkpt lat="49.7732618" lon="11.4013708">
        <ele>421.9</ele>
        <time>2026-09-09T13:38:59.000Z</time>
      </trkpt>
      <trkpt lat="49.7728696" lon="11.4014806">
        <ele>413.1</ele>
        <time>2026-09-09T13:39:20.000Z</time>
      </trkpt>
      <trkpt lat="49.7721855" lon="11.4017492">
        <ele>405.9</ele>
        <time>2026-09-09T13:39:40.000Z</time>
      </trkpt>
      <trkpt lat="49.7717346" lon="11.4020201">
        <ele>404.6</ele>
        <time>2026-09-09T13:40:01.000Z</time>
      </trkpt>
      <trkpt lat="49.7715932" lon="11.4022653">
        <ele>408.4</ele>
        <time>2026-09-09T13:40:21.000Z</time>
      </trkpt>
      <trkpt lat="49.7715946" lon="11.4022666">
        <ele>408.6</ele>
        <time>2026-09-09T13:40:42.000Z</time>
      </trkpt>
      <trkpt lat="49.7715949" lon="11.4022648">
        <ele>408.4</ele>
        <time>2026-09-09T13:41:03.000Z</time>
      </trkpt>
      <trkpt lat="49.7716367" lon="11.4022439">
        <ele>416.3</ele>
        <time>2026-09-09T13:41:23.000Z</time>
      </trkpt>
      <trkpt lat="49.771621" lon="11.4022766">
        <ele>411.5</ele>
        <time>2026-09-09T13:41:44.000Z</time>
      </trkpt>
      <trkpt lat="49.7713304" lon="11.4031964">
        <ele>404.1</ele>
        <time>2026-09-09T13:42:04.000Z</time>
      </trkpt>
      <trkpt lat="49.7711237" lon="11.4041408">
        <ele>402.1</ele>
        <time>2026-09-09T13:42:25.000Z</time>
      </trkpt>
      <trkpt lat="49.7707977" lon="11.4049649">
        <ele>404.6</ele>
        <time>2026-09-09T13:42:45.000Z</time>
      </trkpt>
      <trkpt lat="49.7706413" lon="11.4054388">
        <ele>405.7</ele>
        <time>2026-09-09T13:43:07.000Z</time>
      </trkpt>
      <trkpt lat="49.7706126" lon="11.4064462">
        <ele>405.2</ele>
        <time>2026-09-09T13:43:28.000Z</time>
      </trkpt>
      <trkpt lat="49.7705197" lon="11.4070897">
        <ele>406.5</ele>
        <time>2026-09-09T13:43:49.000Z</time>
      </trkpt>
      <trkpt lat="49.7707548" lon="11.4076235">
        <ele>408.6</ele>
        <time>2026-09-09T13:44:10.000Z</time>
      </trkpt>
      <trkpt lat="49.7709436" lon="11.4084214">
        <ele>410.9</ele>
        <time>2026-09-09T13:44:30.000Z</time>
      </trkpt>
      <trkpt lat="49.7710375" lon="11.4091233">
        <ele>411.3</ele>
        <time>2026-09-09T13:44:51.000Z</time>
      </trkpt>
      <trkpt lat="49.7711254" lon="11.4093514">
        <ele>411.7</ele>
        <time>2026-09-09T13:45:12.000Z</time>
      </trkpt>
      <trkpt lat="49.7711093" lon="11.4093481">
        <ele>410.3</ele>
        <time>2026-09-09T13:45:32.000Z</time>
      </trkpt>
      <trkpt lat="49.7711101" lon="11.4093487">
        <ele>410.2</ele>
        <time>2026-09-09T13:45:54.000Z</time>
      </trkpt>
      <trkpt lat="49.7711101" lon="11.4093481">
        <ele>410.2</ele>
        <time>2026-09-09T13:46:15.000Z</time>
      </trkpt>
      <trkpt lat="49.7711099" lon="11.4093479">
        <ele>410.2</ele>
        <time>2026-09-09T13:46:36.000Z</time>
      </trkpt>
      <trkpt lat="49.7710796" lon="11.4093742">
        <ele>409.3</ele>
        <time>2026-09-09T13:46:57.000Z</time>
      </trkpt>
      <trkpt lat="49.7711178" lon="11.4094328">
        <ele>411.2</ele>
        <time>2026-09-09T13:47:17.000Z</time>
      </trkpt>
      <trkpt lat="49.7711457" lon="11.4095405">
        <ele>413.1</ele>
        <time>2026-09-09T13:47:38.000Z</time>
      </trkpt>
      <trkpt lat="49.7711435" lon="11.4095449">
        <ele>416.6</ele>
        <time>2026-09-09T13:47:59.000Z</time>
      </trkpt>
      <trkpt lat="49.7711432" lon="11.4095447">
        <ele>416.6</ele>
        <time>2026-09-09T13:48:19.000Z</time>
      </trkpt>
      <trkpt lat="49.771143" lon="11.4095447">
        <ele>416.6</ele>
        <time>2026-09-09T13:48:41.000Z</time>
      </trkpt>
      <trkpt lat="49.7711427" lon="11.4095444">
        <ele>416.6</ele>
        <time>2026-09-09T13:49:02.000Z</time>
      </trkpt>
      <trkpt lat="49.7711344" lon="11.4095437">
        <ele>418.4</ele>
        <time>2026-09-09T13:49:22.000Z</time>
      </trkpt>
      <trkpt lat="49.771122" lon="11.4095576">
        <ele>422.7</ele>
        <time>2026-09-09T13:49:43.000Z</time>
      </trkpt>
      <trkpt lat="49.7711211" lon="11.4095573">
        <ele>422.7</ele>
        <time>2026-09-09T13:50:03.000Z</time>
      </trkpt>
      <trkpt lat="49.77112" lon="11.4095571">
        <ele>423</ele>
        <time>2026-09-09T13:50:24.000Z</time>
      </trkpt>
      <trkpt lat="49.7711197" lon="11.409557">
        <ele>423</ele>
        <time>2026-09-09T13:50:45.000Z</time>
      </trkpt>
      <trkpt lat="49.7711193" lon="11.4095569">
        <ele>423</ele>
        <time>2026-09-09T13:51:06.000Z</time>
      </trkpt>
      <trkpt lat="49.7711185" lon="11.4095562">
        <ele>423.1</ele>
        <time>2026-09-09T13:51:26.000Z</time>
      </trkpt>
      <trkpt lat="49.7711176" lon="11.409556">
        <ele>423.3</ele>
        <time>2026-09-09T13:51:47.000Z</time>
      </trkpt>
      <trkpt lat="49.7711167" lon="11.4095562">
        <ele>423.5</ele>
        <time>2026-09-09T13:52:07.000Z</time>
      </trkpt>
      <trkpt lat="49.7711166" lon="11.4095565">
        <ele>423.6</ele>
        <time>2026-09-09T13:52:28.000Z</time>
      </trkpt>
      <trkpt lat="49.7711165" lon="11.4095567">
        <ele>423.7</ele>
        <time>2026-09-09T13:52:49.000Z</time>
      </trkpt>
      <trkpt lat="49.7711166" lon="11.4095569">
        <ele>423.8</ele>
        <time>2026-09-09T13:53:10.000Z</time>
      </trkpt>
      <trkpt lat="49.7711168" lon="11.4095571">
        <ele>423.8</ele>
        <time>2026-09-09T13:53:30.000Z</time>
      </trkpt>
      <trkpt lat="49.7711166" lon="11.4095571">
        <ele>423.8</ele>
        <time>2026-09-09T13:53:51.000Z</time>
      </trkpt>
      <trkpt lat="49.7711164" lon="11.4095571">
        <ele>423.8</ele>
        <time>2026-09-09T13:54:11.000Z</time>
      </trkpt>
      <trkpt lat="49.7711162" lon="11.4095569">
        <ele>423.8</ele>
        <time>2026-09-09T13:54:32.000Z</time>
      </trkpt>
      <trkpt lat="49.771116" lon="11.4095568">
        <ele>423.8</ele>
        <time>2026-09-09T13:54:53.000Z</time>
      </trkpt>
      <trkpt lat="49.7711158" lon="11.4095566">
        <ele>423.8</ele>
        <time>2026-09-09T13:55:13.000Z</time>
      </trkpt>
      <trkpt lat="49.7711157" lon="11.4095565">
        <ele>423.9</ele>
        <time>2026-09-09T13:55:34.000Z</time>
      </trkpt>
      <trkpt lat="49.7711155" lon="11.4095563">
        <ele>423.9</ele>
        <time>2026-09-09T13:55:54.000Z</time>
      </trkpt>
      <trkpt lat="49.7711152" lon="11.4095559">
        <ele>423.9</ele>
        <time>2026-09-09T13:56:15.000Z</time>
      </trkpt>
      <trkpt lat="49.7711152" lon="11.4095557">
        <ele>423.9</ele>
        <time>2026-09-09T13:56:35.000Z</time>
      </trkpt>
      <trkpt lat="49.7711152" lon="11.4095557">
        <ele>424</ele>
        <time>2026-09-09T13:56:57.000Z</time>
      </trkpt>
      <trkpt lat="49.7711151" lon="11.4095556">
        <ele>424</ele>
        <time>2026-09-09T13:57:17.000Z</time>
      </trkpt>
      <trkpt lat="49.7711148" lon="11.409555">
        <ele>424.1</ele>
        <time>2026-09-09T13:57:38.000Z</time>
      </trkpt>
      <trkpt lat="49.7711143" lon="11.4095547">
        <ele>424.2</ele>
        <time>2026-09-09T13:57:59.000Z</time>
      </trkpt>
      <trkpt lat="49.7711142" lon="11.4095547">
        <ele>424.2</ele>
        <time>2026-09-09T13:58:20.000Z</time>
      </trkpt>
      <trkpt lat="49.7711136" lon="11.4095547">
        <ele>424.3</ele>
        <time>2026-09-09T13:58:40.000Z</time>
      </trkpt>
      <trkpt lat="49.771113" lon="11.4095548">
        <ele>424.4</ele>
        <time>2026-09-09T13:59:01.000Z</time>
      </trkpt>
      <trkpt lat="49.7711128" lon="11.4095547">
        <ele>424.4</ele>
        <time>2026-09-09T13:59:21.000Z</time>
      </trkpt>
      <trkpt lat="49.7711127" lon="11.4095548">
        <ele>424.4</ele>
        <time>2026-09-09T13:59:43.000Z</time>
      </trkpt>
      <trkpt lat="49.7711126" lon="11.4095546">
        <ele>424.4</ele>
        <time>2026-09-09T14:00:04.000Z</time>
      </trkpt>
      <trkpt lat="49.7711124" lon="11.4095544">
        <ele>424.4</ele>
        <time>2026-09-09T14:00:25.000Z</time>
      </trkpt>
      <trkpt lat="49.7711121" lon="11.4095544">
        <ele>424.4</ele>
        <time>2026-09-09T14:00:45.000Z</time>
      </trkpt>
      <trkpt lat="49.7711119" lon="11.4095541">
        <ele>424.5</ele>
        <time>2026-09-09T14:01:06.000Z</time>
      </trkpt>
      <trkpt lat="49.7711117" lon="11.4095538">
        <ele>424.5</ele>
        <time>2026-09-09T14:01:27.000Z</time>
      </trkpt>
      <trkpt lat="49.7711115" lon="11.4095538">
        <ele>424.5</ele>
        <time>2026-09-09T14:01:47.000Z</time>
      </trkpt>
      <trkpt lat="49.7711113" lon="11.4095536">
        <ele>424.5</ele>
        <time>2026-09-09T14:02:09.000Z</time>
      </trkpt>
      <trkpt lat="49.7711112" lon="11.4095534">
        <ele>424.5</ele>
        <time>2026-09-09T14:02:30.000Z</time>
      </trkpt>
      <trkpt lat="49.7711112" lon="11.4095532">
        <ele>424.5</ele>
        <time>2026-09-09T14:02:51.000Z</time>
      </trkpt>
      <trkpt lat="49.7711111" lon="11.4095532">
        <ele>424.5</ele>
        <time>2026-09-09T14:03:12.000Z</time>
      </trkpt>
      <trkpt lat="49.7711111" lon="11.4095532">
        <ele>424.5</ele>
        <time>2026-09-09T14:03:32.000Z</time>
      </trkpt>
      <trkpt lat="49.7711109" lon="11.4095533">
        <ele>424.5</ele>
        <time>2026-09-09T14:03:53.000Z</time>
      </trkpt>
      <trkpt lat="49.7711104" lon="11.4095535">
        <ele>424.6</ele>
        <time>2026-09-09T14:04:14.000Z</time>
      </trkpt>
      <trkpt lat="49.7711101" lon="11.4095533">
        <ele>424.6</ele>
        <time>2026-09-09T14:04:35.000Z</time>
      </trkpt>
      <trkpt lat="49.7711097" lon="11.4095531">
        <ele>424.6</ele>
        <time>2026-09-09T14:04:55.000Z</time>
      </trkpt>
      <trkpt lat="49.7711094" lon="11.4095527">
        <ele>424.6</ele>
        <time>2026-09-09T14:05:17.000Z</time>
      </trkpt>
      <trkpt lat="49.7711091" lon="11.4095525">
        <ele>424.6</ele>
        <time>2026-09-09T14:05:38.000Z</time>
      </trkpt>
      <trkpt lat="49.7711088" lon="11.4095523">
        <ele>424.6</ele>
        <time>2026-09-09T14:05:58.000Z</time>
      </trkpt>
      <trkpt lat="49.7711087" lon="11.409552">
        <ele>424.6</ele>
        <time>2026-09-09T14:06:19.000Z</time>
      </trkpt>
      <trkpt lat="49.7711086" lon="11.4095518">
        <ele>424.6</ele>
        <time>2026-09-09T14:06:39.000Z</time>
      </trkpt>
      <trkpt lat="49.7711085" lon="11.4095514">
        <ele>424.6</ele>
        <time>2026-09-09T14:07:00.000Z</time>
      </trkpt>
      <trkpt lat="49.7711084" lon="11.409551">
        <ele>424.6</ele>
        <time>2026-09-09T14:07:21.000Z</time>
      </trkpt>
      <trkpt lat="49.7711081" lon="11.4095507">
        <ele>424.6</ele>
        <time>2026-09-09T14:07:41.000Z</time>
      </trkpt>
      <trkpt lat="49.771108" lon="11.4095503">
        <ele>424.6</ele>
        <time>2026-09-09T14:08:02.000Z</time>
      </trkpt>
      <trkpt lat="49.7711077" lon="11.4095504">
        <ele>424.6</ele>
        <time>2026-09-09T14:08:23.000Z</time>
      </trkpt>
      <trkpt lat="49.7711076" lon="11.4095502">
        <ele>424.6</ele>
        <time>2026-09-09T14:08:43.000Z</time>
      </trkpt>
      <trkpt lat="49.7711075" lon="11.4095499">
        <ele>424.6</ele>
        <time>2026-09-09T14:09:04.000Z</time>
      </trkpt>
      <trkpt lat="49.7711075" lon="11.4095497">
        <ele>424.6</ele>
        <time>2026-09-09T14:09:25.000Z</time>
      </trkpt>
      <trkpt lat="49.7711074" lon="11.4095496">
        <ele>424.5</ele>
        <time>2026-09-09T14:09:45.000Z</time>
      </trkpt>
      <trkpt lat="49.7711073" lon="11.4095493">
        <ele>424.5</ele>
        <time>2026-09-09T14:10:07.000Z</time>
      </trkpt>
      <trkpt lat="49.7711072" lon="11.409549">
        <ele>424.5</ele>
        <time>2026-09-09T14:10:27.000Z</time>
      </trkpt>
      <trkpt lat="49.7711072" lon="11.4095489">
        <ele>424.5</ele>
        <time>2026-09-09T14:10:48.000Z</time>
      </trkpt>
      <trkpt lat="49.7711071" lon="11.4095489">
        <ele>424.5</ele>
        <time>2026-09-09T14:11:10.000Z</time>
      </trkpt>
      <trkpt lat="49.771107" lon="11.4095488">
        <ele>424.5</ele>
        <time>2026-09-09T14:11:31.000Z</time>
      </trkpt>
      <trkpt lat="49.7711069" lon="11.4095487">
        <ele>424.4</ele>
        <time>2026-09-09T14:11:52.000Z</time>
      </trkpt>
      <trkpt lat="49.7711066" lon="11.4095483">
        <ele>424.5</ele>
        <time>2026-09-09T14:12:13.000Z</time>
      </trkpt>
      <trkpt lat="49.7711065" lon="11.4095477">
        <ele>424.5</ele>
        <time>2026-09-09T14:12:33.000Z</time>
      </trkpt>
      <trkpt lat="49.7711062" lon="11.4095476">
        <ele>424.4</ele>
        <time>2026-09-09T14:12:54.000Z</time>
      </trkpt>
      <trkpt lat="49.7711059" lon="11.4095471">
        <ele>424.4</ele>
        <time>2026-09-09T14:13:15.000Z</time>
      </trkpt>
      <trkpt lat="49.7711057" lon="11.4095466">
        <ele>424.3</ele>
        <time>2026-09-09T14:13:36.000Z</time>
      </trkpt>
      <trkpt lat="49.7711054" lon="11.4095463">
        <ele>424.2</ele>
        <time>2026-09-09T14:13:56.000Z</time>
      </trkpt>
      <trkpt lat="49.7711052" lon="11.4095459">
        <ele>424.2</ele>
        <time>2026-09-09T14:14:18.000Z</time>
      </trkpt>
      <trkpt lat="49.7711051" lon="11.4095456">
        <ele>424.2</ele>
        <time>2026-09-09T14:14:38.000Z</time>
      </trkpt>
      <trkpt lat="49.7711049" lon="11.4095455">
        <ele>424.1</ele>
        <time>2026-09-09T14:14:59.000Z</time>
      </trkpt>
      <trkpt lat="49.7710998" lon="11.4095126">
        <ele>424.4</ele>
        <time>2026-09-09T14:15:20.000Z</time>
      </trkpt>
      <trkpt lat="49.7711315" lon="11.4095034">
        <ele>421.4</ele>
        <time>2026-09-09T14:15:40.000Z</time>
      </trkpt>
      <trkpt lat="49.7710374" lon="11.4095008">
        <ele>418.1</ele>
        <time>2026-09-09T14:16:01.000Z</time>
      </trkpt>
      <trkpt lat="49.7710274" lon="11.4095012">
        <ele>419.2</ele>
        <time>2026-09-09T14:16:22.000Z</time>
      </trkpt>
      <trkpt lat="49.7710279" lon="11.4095019">
        <ele>419.3</ele>
        <time>2026-09-09T14:16:43.000Z</time>
      </trkpt>
      <trkpt lat="49.7710243" lon="11.4094427">
        <ele>419.9</ele>
        <time>2026-09-09T14:17:03.000Z</time>
      </trkpt>
      <trkpt lat="49.7710229" lon="11.4094465">
        <ele>421.7</ele>
        <time>2026-09-09T14:17:25.000Z</time>
      </trkpt>
      <trkpt lat="49.7710217" lon="11.4094483">
        <ele>421.2</ele>
        <time>2026-09-09T14:17:46.000Z</time>
      </trkpt>
      <trkpt lat="49.7710225" lon="11.4094478">
        <ele>421.3</ele>
        <time>2026-09-09T14:18:06.000Z</time>
      </trkpt>
      <trkpt lat="49.771024" lon="11.4094471">
        <ele>421.6</ele>
        <time>2026-09-09T14:18:27.000Z</time>
      </trkpt>
      <trkpt lat="49.7710231" lon="11.4094462">
        <ele>421.7</ele>
        <time>2026-09-09T14:18:48.000Z</time>
      </trkpt>
      <trkpt lat="49.7710422" lon="11.4094581">
        <ele>423.3</ele>
        <time>2026-09-09T14:19:08.000Z</time>
      </trkpt>
      <trkpt lat="49.7710421" lon="11.4094566">
        <ele>422.7</ele>
        <time>2026-09-09T14:19:30.000Z</time>
      </trkpt>
      <trkpt lat="49.7710209" lon="11.409445">
        <ele>426.5</ele>
        <time>2026-09-09T14:19:51.000Z</time>
      </trkpt>
      <trkpt lat="49.7710135" lon="11.4094353">
        <ele>429.1</ele>
        <time>2026-09-09T14:20:11.000Z</time>
      </trkpt>
      <trkpt lat="49.7710091" lon="11.4094164">
        <ele>432.9</ele>
        <time>2026-09-09T14:20:33.000Z</time>
      </trkpt>
      <trkpt lat="49.7710151" lon="11.4094212">
        <ele>430.7</ele>
        <time>2026-09-09T14:20:53.000Z</time>
      </trkpt>
      <trkpt lat="49.7710179" lon="11.409421">
        <ele>430.1</ele>
        <time>2026-09-09T14:21:14.000Z</time>
      </trkpt>
      <trkpt lat="49.7710175" lon="11.4094215">
        <ele>430.3</ele>
        <time>2026-09-09T14:21:35.000Z</time>
      </trkpt>
      <trkpt lat="49.7710177" lon="11.4094219">
        <ele>430.4</ele>
        <time>2026-09-09T14:21:55.000Z</time>
      </trkpt>
      <trkpt lat="49.7710182" lon="11.4094226">
        <ele>430.3</ele>
        <time>2026-09-09T14:22:16.000Z</time>
      </trkpt>
      <trkpt lat="49.7710195" lon="11.4094232">
        <ele>430</ele>
        <time>2026-09-09T14:22:37.000Z</time>
      </trkpt>
      <trkpt lat="49.771019" lon="11.4094237">
        <ele>430.1</ele>
        <time>2026-09-09T14:22:58.000Z</time>
      </trkpt>
      <trkpt lat="49.7710168" lon="11.4094223">
        <ele>430.7</ele>
        <time>2026-09-09T14:23:18.000Z</time>
      </trkpt>
      <trkpt lat="49.7710168" lon="11.4094222">
        <ele>430.7</ele>
        <time>2026-09-09T14:23:40.000Z</time>
      </trkpt>
      <trkpt lat="49.7710171" lon="11.4094223">
        <ele>430.9</ele>
        <time>2026-09-09T14:24:00.000Z</time>
      </trkpt>
      <trkpt lat="49.7710167" lon="11.4094225">
        <ele>430.7</ele>
        <time>2026-09-09T14:24:22.000Z</time>
      </trkpt>
      <trkpt lat="49.7710214" lon="11.4094021">
        <ele>428</ele>
        <time>2026-09-09T14:24:42.000Z</time>
      </trkpt>
      <trkpt lat="49.7710239" lon="11.4094105">
        <ele>429.4</ele>
        <time>2026-09-09T14:25:03.000Z</time>
      </trkpt>
      <trkpt lat="49.7710252" lon="11.4094161">
        <ele>428.3</ele>
        <time>2026-09-09T14:25:23.000Z</time>
      </trkpt>
      <trkpt lat="49.7710691" lon="11.4095316">
        <ele>418.8</ele>
        <time>2026-09-09T14:25:44.000Z</time>
      </trkpt>
      <trkpt lat="49.7710715" lon="11.4095436">
        <ele>414.6</ele>
        <time>2026-09-09T14:26:06.000Z</time>
      </trkpt>
      <trkpt lat="49.7710734" lon="11.4095529">
        <ele>412.7</ele>
        <time>2026-09-09T14:26:26.000Z</time>
      </trkpt>
      <trkpt lat="49.7711279" lon="11.4095458">
        <ele>404.7</ele>
        <time>2026-09-09T14:26:47.000Z</time>
      </trkpt>
      <trkpt lat="49.7711102" lon="11.4095527">
        <ele>403.4</ele>
        <time>2026-09-09T14:27:08.000Z</time>
      </trkpt>
      <trkpt lat="49.7710939" lon="11.4098694">
        <ele>403.6</ele>
        <time>2026-09-09T14:27:29.000Z</time>
      </trkpt>
      <trkpt lat="49.7711432" lon="11.4103031">
        <ele>403.9</ele>
        <time>2026-09-09T14:27:49.000Z</time>
      </trkpt>
      <trkpt lat="49.7712579" lon="11.4110789">
        <ele>404.6</ele>
        <time>2026-09-09T14:28:10.000Z</time>
      </trkpt>
      <trkpt lat="49.7716228" lon="11.4120434">
        <ele>400.8</ele>
        <time>2026-09-09T14:28:30.000Z</time>
      </trkpt>
      <trkpt lat="49.7722636" lon="11.4127119">
        <ele>399.3</ele>
        <time>2026-09-09T14:28:51.000Z</time>
      </trkpt>
      <trkpt lat="49.7729888" lon="11.4129699">
        <ele>402.5</ele>
        <time>2026-09-09T14:29:13.000Z</time>
      </trkpt>
      <trkpt lat="49.7736147" lon="11.4128942">
        <ele>407.1</ele>
        <time>2026-09-09T14:29:34.000Z</time>
      </trkpt>
      <trkpt lat="49.7742945" lon="11.4127413">
        <ele>410.2</ele>
        <time>2026-09-09T14:29:54.000Z</time>
      </trkpt>
      <trkpt lat="49.7750597" lon="11.4129144">
        <ele>412.1</ele>
        <time>2026-09-09T14:30:16.000Z</time>
      </trkpt>
      <trkpt lat="49.7753691" lon="11.4138558">
        <ele>417.1</ele>
        <time>2026-09-09T14:30:36.000Z</time>
      </trkpt>
      <trkpt lat="49.7756535" lon="11.4147095">
        <ele>415.6</ele>
        <time>2026-09-09T14:30:57.000Z</time>
      </trkpt>
      <trkpt lat="49.7760273" lon="11.4151827">
        <ele>411.5</ele>
        <time>2026-09-09T14:31:18.000Z</time>
      </trkpt>
      <trkpt lat="49.7765603" lon="11.4156558">
        <ele>411.5</ele>
        <time>2026-09-09T14:31:38.000Z</time>
      </trkpt>
      <trkpt lat="49.777262" lon="11.4163786">
        <ele>411.2</ele>
        <time>2026-09-09T14:31:59.000Z</time>
      </trkpt>
      <trkpt lat="49.7774552" lon="11.4174203">
        <ele>417.8</ele>
        <time>2026-09-09T14:32:20.000Z</time>
      </trkpt>
      <trkpt lat="49.7779075" lon="11.4181892">
        <ele>420.3</ele>
        <time>2026-09-09T14:32:41.000Z</time>
      </trkpt>
      <trkpt lat="49.7784679" lon="11.4188574">
        <ele>421.2</ele>
        <time>2026-09-09T14:33:01.000Z</time>
      </trkpt>
      <trkpt lat="49.7786676" lon="11.4198782">
        <ele>426.9</ele>
        <time>2026-09-09T14:33:22.000Z</time>
      </trkpt>
      <trkpt lat="49.7788484" lon="11.4208482">
        <ele>427.1</ele>
        <time>2026-09-09T14:33:43.000Z</time>
      </trkpt>
      <trkpt lat="49.7793341" lon="11.421662">
        <ele>425.5</ele>
        <time>2026-09-09T14:34:04.000Z</time>
      </trkpt>
      <trkpt lat="49.7798852" lon="11.4210887">
        <ele>427.3</ele>
        <time>2026-09-09T14:34:25.000Z</time>
      </trkpt>
      <trkpt lat="49.7803654" lon="11.4201068">
        <ele>434.4</ele>
        <time>2026-09-09T14:34:46.000Z</time>
      </trkpt>
      <trkpt lat="49.7808559" lon="11.4193869">
        <ele>437.1</ele>
        <time>2026-09-09T14:35:07.000Z</time>
      </trkpt>
      <trkpt lat="49.7812738" lon="11.4190436">
        <ele>443.2</ele>
        <time>2026-09-09T14:35:28.000Z</time>
      </trkpt>
      <trkpt lat="49.7818872" lon="11.4188223">
        <ele>449.4</ele>
        <time>2026-09-09T14:35:48.000Z</time>
      </trkpt>
      <trkpt lat="49.7824646" lon="11.4193333">
        <ele>442.9</ele>
        <time>2026-09-09T14:36:10.000Z</time>
      </trkpt>
      <trkpt lat="49.7828709" lon="11.4198819">
        <ele>443.3</ele>
        <time>2026-09-09T14:36:31.000Z</time>
      </trkpt>
      <trkpt lat="49.7831616" lon="11.4204931">
        <ele>442.7</ele>
        <time>2026-09-09T14:36:52.000Z</time>
      </trkpt>
      <trkpt lat="49.7836129" lon="11.4210043">
        <ele>440.8</ele>
        <time>2026-09-09T14:37:13.000Z</time>
      </trkpt>
      <trkpt lat="49.7842452" lon="11.4203144">
        <ele>441.1</ele>
        <time>2026-09-09T14:37:34.000Z</time>
      </trkpt>
      <trkpt lat="49.784648" lon="11.4195777">
        <ele>443.3</ele>
        <time>2026-09-09T14:37:55.000Z</time>
      </trkpt>
      <trkpt lat="49.7853748" lon="11.4191901">
        <ele>445.2</ele>
        <time>2026-09-09T14:38:15.000Z</time>
      </trkpt>
      <trkpt lat="49.7860646" lon="11.419724">
        <ele>442.6</ele>
        <time>2026-09-09T14:38:36.000Z</time>
      </trkpt>
      <trkpt lat="49.7866687" lon="11.4204337">
        <ele>448</ele>
        <time>2026-09-09T14:38:57.000Z</time>
      </trkpt>
      <trkpt lat="49.7870545" lon="11.4213665">
        <ele>453.9</ele>
        <time>2026-09-09T14:39:17.000Z</time>
      </trkpt>
      <trkpt lat="49.7874225" lon="11.4223073">
        <ele>456.5</ele>
        <time>2026-09-09T14:39:38.000Z</time>
      </trkpt>
      <trkpt lat="49.7880155" lon="11.4227558">
        <ele>456.5</ele>
        <time>2026-09-09T14:39:59.000Z</time>
      </trkpt>
      <trkpt lat="49.7884626" lon="11.422084">
        <ele>455.5</ele>
        <time>2026-09-09T14:40:19.000Z</time>
      </trkpt>
      <trkpt lat="49.7888819" lon="11.4212659">
        <ele>455.6</ele>
        <time>2026-09-09T14:40:41.000Z</time>
      </trkpt>
      <trkpt lat="49.7893588" lon="11.4206686">
        <ele>459.3</ele>
        <time>2026-09-09T14:41:01.000Z</time>
      </trkpt>
      <trkpt lat="49.7897933" lon="11.4201687">
        <ele>463.3</ele>
        <time>2026-09-09T14:41:23.000Z</time>
      </trkpt>
      <trkpt lat="49.7902112" lon="11.4196141">
        <ele>466</ele>
        <time>2026-09-09T14:41:43.000Z</time>
      </trkpt>
      <trkpt lat="49.7905587" lon="11.4190229">
        <ele>470.6</ele>
        <time>2026-09-09T14:42:05.000Z</time>
      </trkpt>
      <trkpt lat="49.7907787" lon="11.4182148">
        <ele>470.8</ele>
        <time>2026-09-09T14:42:25.000Z</time>
      </trkpt>
      <trkpt lat="49.7909074" lon="11.41739">
        <ele>473.9</ele>
        <time>2026-09-09T14:42:46.000Z</time>
      </trkpt>
      <trkpt lat="49.7909765" lon="11.4166364">
        <ele>476.8</ele>
        <time>2026-09-09T14:43:07.000Z</time>
      </trkpt>
      <trkpt lat="49.7910794" lon="11.416001">
        <ele>478.7</ele>
        <time>2026-09-09T14:43:27.000Z</time>
      </trkpt>
      <trkpt lat="49.7911562" lon="11.4155922">
        <ele>481.2</ele>
        <time>2026-09-09T14:43:48.000Z</time>
      </trkpt>
      <trkpt lat="49.7912634" lon="11.4151383">
        <ele>484.3</ele>
        <time>2026-09-09T14:44:09.000Z</time>
      </trkpt>
      <trkpt lat="49.7914183" lon="11.4146219">
        <ele>485.1</ele>
        <time>2026-09-09T14:44:29.000Z</time>
      </trkpt>
      <trkpt lat="49.7915629" lon="11.4140815">
        <ele>487.2</ele>
        <time>2026-09-09T14:44:50.000Z</time>
      </trkpt>
      <trkpt lat="49.7917459" lon="11.4134662">
        <ele>491.2</ele>
        <time>2026-09-09T14:45:10.000Z</time>
      </trkpt>
      <trkpt lat="49.7919183" lon="11.4128655">
        <ele>494.5</ele>
        <time>2026-09-09T14:45:32.000Z</time>
      </trkpt>
      <trkpt lat="49.7921317" lon="11.4123747">
        <ele>496.4</ele>
        <time>2026-09-09T14:45:52.000Z</time>
      </trkpt>
      <trkpt lat="49.7924118" lon="11.4120376">
        <ele>499.8</ele>
        <time>2026-09-09T14:46:13.000Z</time>
      </trkpt>
      <trkpt lat="49.7927538" lon="11.4117972">
        <ele>504</ele>
        <time>2026-09-09T14:46:34.000Z</time>
      </trkpt>
      <trkpt lat="49.7929358" lon="11.4117289">
        <ele>504.5</ele>
        <time>2026-09-09T14:46:54.000Z</time>
      </trkpt>
      <trkpt lat="49.7929368" lon="11.411722">
        <ele>504.6</ele>
        <time>2026-09-09T14:47:15.000Z</time>
      </trkpt>
      <trkpt lat="49.7929373" lon="11.411732">
        <ele>502.3</ele>
        <time>2026-09-09T14:47:36.000Z</time>
      </trkpt>
      <trkpt lat="49.7929422" lon="11.4116985">
        <ele>498.3</ele>
        <time>2026-09-09T14:47:57.000Z</time>
      </trkpt>
      <trkpt lat="49.7929422" lon="11.4116976">
        <ele>498.3</ele>
        <time>2026-09-09T14:48:17.000Z</time>
      </trkpt>
      <trkpt lat="49.7929421" lon="11.4116971">
        <ele>498.2</ele>
        <time>2026-09-09T14:48:38.000Z</time>
      </trkpt>
      <trkpt lat="49.7929339" lon="11.411705">
        <ele>501.2</ele>
        <time>2026-09-09T14:48:59.000Z</time>
      </trkpt>
      <trkpt lat="49.7929304" lon="11.4116944">
        <ele>501.2</ele>
        <time>2026-09-09T14:49:19.000Z</time>
      </trkpt>
      <trkpt lat="49.7931083" lon="11.4116213">
        <ele>502</ele>
        <time>2026-09-09T14:49:40.000Z</time>
      </trkpt>
      <trkpt lat="49.7935805" lon="11.4114607">
        <ele>508.1</ele>
        <time>2026-09-09T14:50:00.000Z</time>
      </trkpt>
      <trkpt lat="49.7939633" lon="11.4114326">
        <ele>511.7</ele>
        <time>2026-09-09T14:50:21.000Z</time>
      </trkpt>
      <trkpt lat="49.7943485" lon="11.411619">
        <ele>506.1</ele>
        <time>2026-09-09T14:50:42.000Z</time>
      </trkpt>
      <trkpt lat="49.7947724" lon="11.4117484">
        <ele>511.6</ele>
        <time>2026-09-09T14:51:02.000Z</time>
      </trkpt>
      <trkpt lat="49.7951105" lon="11.41176">
        <ele>521.9</ele>
        <time>2026-09-09T14:51:23.000Z</time>
      </trkpt>
      <trkpt lat="49.7955082" lon="11.4119939">
        <ele>517</ele>
        <time>2026-09-09T14:51:44.000Z</time>
      </trkpt>
      <trkpt lat="49.795728" lon="11.4124171">
        <ele>517</ele>
        <time>2026-09-09T14:52:05.000Z</time>
      </trkpt>
      <trkpt lat="49.7959462" lon="11.4128258">
        <ele>516.4</ele>
        <time>2026-09-09T14:52:26.000Z</time>
      </trkpt>
      <trkpt lat="49.7962294" lon="11.4132935">
        <ele>519.9</ele>
        <time>2026-09-09T14:52:47.000Z</time>
      </trkpt>
      <trkpt lat="49.7970246" lon="11.4141921">
        <ele>520.5</ele>
        <time>2026-09-09T14:53:07.000Z</time>
      </trkpt>
      <trkpt lat="49.7978932" lon="11.4149267">
        <ele>522.8</ele>
        <time>2026-09-09T14:53:28.000Z</time>
      </trkpt>
      <trkpt lat="49.798349" lon="11.415278">
        <ele>525.3</ele>
        <time>2026-09-09T14:53:50.000Z</time>
      </trkpt>
      <trkpt lat="49.7986719" lon="11.4156485">
        <ele>528.1</ele>
        <time>2026-09-09T14:54:10.000Z</time>
      </trkpt>
      <trkpt lat="49.7989509" lon="11.4160757">
        <ele>530.9</ele>
        <time>2026-09-09T14:54:31.000Z</time>
      </trkpt>
      <trkpt lat="49.7992114" lon="11.4165358">
        <ele>533.7</ele>
        <time>2026-09-09T14:54:53.000Z</time>
      </trkpt>
      <trkpt lat="49.799395" lon="11.4170369">
        <ele>539.4</ele>
        <time>2026-09-09T14:55:14.000Z</time>
      </trkpt>
      <trkpt lat="49.799529" lon="11.4175487">
        <ele>541.8</ele>
        <time>2026-09-09T14:55:35.000Z</time>
      </trkpt>
      <trkpt lat="49.799656" lon="11.4180874">
        <ele>542.7</ele>
        <time>2026-09-09T14:55:55.000Z</time>
      </trkpt>
      <trkpt lat="49.799833" lon="11.4187166">
        <ele>544.7</ele>
        <time>2026-09-09T14:56:17.000Z</time>
      </trkpt>
      <trkpt lat="49.8000238" lon="11.4193929">
        <ele>547</ele>
        <time>2026-09-09T14:56:37.000Z</time>
      </trkpt>
      <trkpt lat="49.8002834" lon="11.4201585">
        <ele>548.6</ele>
        <time>2026-09-09T14:56:58.000Z</time>
      </trkpt>
      <trkpt lat="49.8006827" lon="11.421098">
        <ele>550.1</ele>
        <time>2026-09-09T14:57:19.000Z</time>
      </trkpt>
      <trkpt lat="49.8012521" lon="11.4224496">
        <ele>551.5</ele>
        <time>2026-09-09T14:57:39.000Z</time>
      </trkpt>
      <trkpt lat="49.8021735" lon="11.4244784">
        <ele>543.8</ele>
        <time>2026-09-09T14:58:00.000Z</time>
      </trkpt>
      <trkpt lat="49.8033095" lon="11.4262377">
        <ele>541</ele>
        <time>2026-09-09T14:58:22.000Z</time>
      </trkpt>
      <trkpt lat="49.8039212" lon="11.4272495">
        <ele>544.7</ele>
        <time>2026-09-09T14:58:42.000Z</time>
      </trkpt>
      <trkpt lat="49.8042636" lon="11.4280113">
        <ele>545.1</ele>
        <time>2026-09-09T14:59:03.000Z</time>
      </trkpt>
      <trkpt lat="49.8045722" lon="11.4287851">
        <ele>548.7</ele>
        <time>2026-09-09T14:59:23.000Z</time>
      </trkpt>
      <trkpt lat="49.8048578" lon="11.4296003">
        <ele>548.8</ele>
        <time>2026-09-09T14:59:44.000Z</time>
      </trkpt>
      <trkpt lat="49.8052346" lon="11.4305833">
        <ele>551.3</ele>
        <time>2026-09-09T15:00:06.000Z</time>
      </trkpt>
      <trkpt lat="49.8057278" lon="11.4319048">
        <ele>553.5</ele>
        <time>2026-09-09T15:00:27.000Z</time>
      </trkpt>
      <trkpt lat="49.8062145" lon="11.4332428">
        <ele>555.9</ele>
        <time>2026-09-09T15:00:47.000Z</time>
      </trkpt>
      <trkpt lat="49.8066089" lon="11.4344684">
        <ele>558.2</ele>
        <time>2026-09-09T15:01:08.000Z</time>
      </trkpt>
      <trkpt lat="49.8068765" lon="11.4353075">
        <ele>561.6</ele>
        <time>2026-09-09T15:01:29.000Z</time>
      </trkpt>
      <trkpt lat="49.8070453" lon="11.4359199">
        <ele>564.2</ele>
        <time>2026-09-09T15:01:50.000Z</time>
      </trkpt>
      <trkpt lat="49.8071905" lon="11.4364609">
        <ele>566.1</ele>
        <time>2026-09-09T15:02:11.000Z</time>
      </trkpt>
      <trkpt lat="49.8073368" lon="11.4369853">
        <ele>568.7</ele>
        <time>2026-09-09T15:02:32.000Z</time>
      </trkpt>
      <trkpt lat="49.8074482" lon="11.4373966">
        <ele>569.2</ele>
        <time>2026-09-09T15:02:53.000Z</time>
      </trkpt>
      <trkpt lat="49.8074917" lon="11.4376635">
        <ele>570</ele>
        <time>2026-09-09T15:03:13.000Z</time>
      </trkpt>
      <trkpt lat="49.8074946" lon="11.4376708">
        <ele>570.1</ele>
        <time>2026-09-09T15:03:34.000Z</time>
      </trkpt>
      <trkpt lat="49.8074962" lon="11.4376721">
        <ele>570.3</ele>
        <time>2026-09-09T15:03:55.000Z</time>
      </trkpt>
      <trkpt lat="49.8074968" lon="11.4376726">
        <ele>570.4</ele>
        <time>2026-09-09T15:04:16.000Z</time>
      </trkpt>
      <trkpt lat="49.8075029" lon="11.4376734">
        <ele>569.5</ele>
        <time>2026-09-09T15:04:37.000Z</time>
      </trkpt>
      <trkpt lat="49.8075166" lon="11.4376791">
        <ele>570.8</ele>
        <time>2026-09-09T15:04:58.000Z</time>
      </trkpt>
      <trkpt lat="49.807522" lon="11.4376741">
        <ele>574</ele>
        <time>2026-09-09T15:05:19.000Z</time>
      </trkpt>
      <trkpt lat="49.8075053" lon="11.437689">
        <ele>572</ele>
        <time>2026-09-09T15:05:40.000Z</time>
      </trkpt>
      <trkpt lat="49.8075006" lon="11.4376779">
        <ele>574.6</ele>
        <time>2026-09-09T15:06:01.000Z</time>
      </trkpt>
      <trkpt lat="49.8075004" lon="11.4376778">
        <ele>574.5</ele>
        <time>2026-09-09T15:06:22.000Z</time>
      </trkpt>
      <trkpt lat="49.8074999" lon="11.4376778">
        <ele>574.5</ele>
        <time>2026-09-09T15:06:42.000Z</time>
      </trkpt>
      <trkpt lat="49.8075505" lon="11.437852">
        <ele>574.8</ele>
        <time>2026-09-09T15:07:03.000Z</time>
      </trkpt>
      <trkpt lat="49.8077349" lon="11.4384773">
        <ele>577.3</ele>
        <time>2026-09-09T15:07:24.000Z</time>
      </trkpt>
      <trkpt lat="49.8081533" lon="11.4389294">
        <ele>578.2</ele>
        <time>2026-09-09T15:07:46.000Z</time>
      </trkpt>
      <trkpt lat="49.8087686" lon="11.4392728">
        <ele>578.7</ele>
        <time>2026-09-09T15:08:07.000Z</time>
      </trkpt>
      <trkpt lat="49.8092574" lon="11.4394701">
        <ele>581.1</ele>
        <time>2026-09-09T15:08:27.000Z</time>
      </trkpt>
      <trkpt lat="49.809654" lon="11.4396206">
        <ele>580</ele>
        <time>2026-09-09T15:08:48.000Z</time>
      </trkpt>
      <trkpt lat="49.809992" lon="11.4397387">
        <ele>582.6</ele>
        <time>2026-09-09T15:09:08.000Z</time>
      </trkpt>
      <trkpt lat="49.8102811" lon="11.4400633">
        <ele>585.9</ele>
        <time>2026-09-09T15:09:29.000Z</time>
      </trkpt>
      <trkpt lat="49.8103505" lon="11.440331">
        <ele>587.8</ele>
        <time>2026-09-09T15:09:50.000Z</time>
      </trkpt>
      <trkpt lat="49.8103765" lon="11.440664">
        <ele>591.1</ele>
        <time>2026-09-09T15:10:10.000Z</time>
      </trkpt>
      <trkpt lat="49.8103642" lon="11.4409725">
        <ele>593.2</ele>
        <time>2026-09-09T15:10:31.000Z</time>
      </trkpt>
      <trkpt lat="49.8103865" lon="11.4413207">
        <ele>596.8</ele>
        <time>2026-09-09T15:10:51.000Z</time>
      </trkpt>
      <trkpt lat="49.8104162" lon="11.4416519">
        <ele>599.2</ele>
        <time>2026-09-09T15:11:12.000Z</time>
      </trkpt>
      <trkpt lat="49.810407" lon="11.4418478">
        <ele>601.3</ele>
        <time>2026-09-09T15:11:32.000Z</time>
      </trkpt>
      <trkpt lat="49.8101603" lon="11.4422513">
        <ele>603.7</ele>
        <time>2026-09-09T15:11:53.000Z</time>
      </trkpt>
      <trkpt lat="49.8099569" lon="11.4427373">
        <ele>606.6</ele>
        <time>2026-09-09T15:12:15.000Z</time>
      </trkpt>
      <trkpt lat="49.8101587" lon="11.4429836">
        <ele>609.6</ele>
        <time>2026-09-09T15:12:35.000Z</time>
      </trkpt>
      <trkpt lat="49.8104651" lon="11.442969">
        <ele>611.9</ele>
        <time>2026-09-09T15:12:56.000Z</time>
      </trkpt>
      <trkpt lat="49.810756" lon="11.4431617">
        <ele>614.7</ele>
        <time>2026-09-09T15:13:17.000Z</time>
      </trkpt>
      <trkpt lat="49.8109536" lon="11.4435702">
        <ele>619.9</ele>
        <time>2026-09-09T15:13:37.000Z</time>
      </trkpt>
      <trkpt lat="49.8110857" lon="11.4440135">
        <ele>622.3</ele>
        <time>2026-09-09T15:13:58.000Z</time>
      </trkpt>
      <trkpt lat="49.8112331" lon="11.4444457">
        <ele>623.7</ele>
        <time>2026-09-09T15:14:18.000Z</time>
      </trkpt>
      <trkpt lat="49.8114164" lon="11.444856">
        <ele>626.8</ele>
        <time>2026-09-09T15:14:40.000Z</time>
      </trkpt>
      <trkpt lat="49.8116227" lon="11.4451993">
        <ele>629.7</ele>
        <time>2026-09-09T15:15:01.000Z</time>
      </trkpt>
      <trkpt lat="49.8118645" lon="11.4455609">
        <ele>632.2</ele>
        <time>2026-09-09T15:15:22.000Z</time>
      </trkpt>
      <trkpt lat="49.8121119" lon="11.4459114">
        <ele>634.6</ele>
        <time>2026-09-09T15:15:42.000Z</time>
      </trkpt>
      <trkpt lat="49.8123924" lon="11.4463016">
        <ele>634.2</ele>
        <time>2026-09-09T15:16:04.000Z</time>
      </trkpt>
      <trkpt lat="49.8126903" lon="11.4467018">
        <ele>636</ele>
        <time>2026-09-09T15:16:25.000Z</time>
      </trkpt>
      <trkpt lat="49.8129944" lon="11.4470975">
        <ele>636.6</ele>
        <time>2026-09-09T15:16:45.000Z</time>
      </trkpt>
      <trkpt lat="49.8133685" lon="11.4475546">
        <ele>638.7</ele>
        <time>2026-09-09T15:17:06.000Z</time>
      </trkpt>
      <trkpt lat="49.813824" lon="11.4480666">
        <ele>640.6</ele>
        <time>2026-09-09T15:17:27.000Z</time>
      </trkpt>
      <trkpt lat="49.8144409" lon="11.4486039">
        <ele>640.1</ele>
        <time>2026-09-09T15:17:48.000Z</time>
      </trkpt>
      <trkpt lat="49.8157594" lon="11.4490417">
        <ele>635</ele>
        <time>2026-09-09T15:18:08.000Z</time>
      </trkpt>
      <trkpt lat="49.8177844" lon="11.4503749">
        <ele>616.9</ele>
        <time>2026-09-09T15:18:29.000Z</time>
      </trkpt>
      <trkpt lat="49.8186862" lon="11.4536245">
        <ele>603.1</ele>
        <time>2026-09-09T15:18:50.000Z</time>
      </trkpt>
      <trkpt lat="49.8200997" lon="11.4558176">
        <ele>595.8</ele>
        <time>2026-09-09T15:19:11.000Z</time>
      </trkpt>
      <trkpt lat="49.8215559" lon="11.4568207">
        <ele>592.1</ele>
        <time>2026-09-09T15:19:31.000Z</time>
      </trkpt>
      <trkpt lat="49.8227544" lon="11.4574204">
        <ele>590.7</ele>
        <time>2026-09-09T15:19:52.000Z</time>
      </trkpt>
      <trkpt lat="49.8240466" lon="11.4576743">
        <ele>587.4</ele>
        <time>2026-09-09T15:20:13.000Z</time>
      </trkpt>
      <trkpt lat="49.8252687" lon="11.4581114">
        <ele>585.9</ele>
        <time>2026-09-09T15:20:33.000Z</time>
      </trkpt>
      <trkpt lat="49.8262878" lon="11.4589554">
        <ele>585.4</ele>
        <time>2026-09-09T15:20:55.000Z</time>
      </trkpt>
      <trkpt lat="49.8272739" lon="11.4599873">
        <ele>584.6</ele>
        <time>2026-09-09T15:21:16.000Z</time>
      </trkpt>
      <trkpt lat="49.8280561" lon="11.4611076">
        <ele>582</ele>
        <time>2026-09-09T15:21:37.000Z</time>
      </trkpt>
      <trkpt lat="49.828948" lon="11.4622966">
        <ele>580.5</ele>
        <time>2026-09-09T15:21:58.000Z</time>
      </trkpt>
      <trkpt lat="49.8304902" lon="11.4636734">
        <ele>570.5</ele>
        <time>2026-09-09T15:22:18.000Z</time>
      </trkpt>
      <trkpt lat="49.8314707" lon="11.465634">
        <ele>567.8</ele>
        <time>2026-09-09T15:22:39.000Z</time>
      </trkpt>
      <trkpt lat="49.8316922" lon="11.4663541">
        <ele>571.5</ele>
        <time>2026-09-09T15:22:59.000Z</time>
      </trkpt>
      <trkpt lat="49.8318058" lon="11.4667322">
        <ele>573.6</ele>
        <time>2026-09-09T15:23:20.000Z</time>
      </trkpt>
      <trkpt lat="49.8318072" lon="11.4667403">
        <ele>573.8</ele>
        <time>2026-09-09T15:23:41.000Z</time>
      </trkpt>
      <trkpt lat="49.8318033" lon="11.4667328">
        <ele>575.1</ele>
        <time>2026-09-09T15:24:01.000Z</time>
      </trkpt>
      <trkpt lat="49.8318252" lon="11.4668511">
        <ele>577</ele>
        <time>2026-09-09T15:24:22.000Z</time>
      </trkpt>
      <trkpt lat="49.832032" lon="11.467346">
        <ele>579.1</ele>
        <time>2026-09-09T15:24:43.000Z</time>
      </trkpt>
      <trkpt lat="49.8322713" lon="11.4678646">
        <ele>582.7</ele>
        <time>2026-09-09T15:25:03.000Z</time>
      </trkpt>
      <trkpt lat="49.8324694" lon="11.4683011">
        <ele>584.6</ele>
        <time>2026-09-09T15:25:24.000Z</time>
      </trkpt>
      <trkpt lat="49.8327079" lon="11.4687108">
        <ele>582.9</ele>
        <time>2026-09-09T15:25:45.000Z</time>
      </trkpt>
      <trkpt lat="49.8329804" lon="11.4691305">
        <ele>581.9</ele>
        <time>2026-09-09T15:26:06.000Z</time>
      </trkpt>
      <trkpt lat="49.8333306" lon="11.4696016">
        <ele>583.9</ele>
        <time>2026-09-09T15:26:27.000Z</time>
      </trkpt>
      <trkpt lat="49.8337653" lon="11.4700383">
        <ele>589.4</ele>
        <time>2026-09-09T15:26:47.000Z</time>
      </trkpt>
      <trkpt lat="49.8342771" lon="11.4705319">
        <ele>590</ele>
        <time>2026-09-09T15:27:08.000Z</time>
      </trkpt>
      <trkpt lat="49.8349631" lon="11.4710281">
        <ele>590.1</ele>
        <time>2026-09-09T15:27:29.000Z</time>
      </trkpt>
      <trkpt lat="49.8357172" lon="11.4714128">
        <ele>593.1</ele>
        <time>2026-09-09T15:27:50.000Z</time>
      </trkpt>
      <trkpt lat="49.836351" lon="11.4716237">
        <ele>595.9</ele>
        <time>2026-09-09T15:28:10.000Z</time>
      </trkpt>
      <trkpt lat="49.8369627" lon="11.4718071">
        <ele>598</ele>
        <time>2026-09-09T15:28:31.000Z</time>
      </trkpt>
      <trkpt lat="49.8374778" lon="11.471966">
        <ele>598.5</ele>
        <time>2026-09-09T15:28:52.000Z</time>
      </trkpt>
      <trkpt lat="49.8379459" lon="11.4721114">
        <ele>600.2</ele>
        <time>2026-09-09T15:29:14.000Z</time>
      </trkpt>
      <trkpt lat="49.8384051" lon="11.4722518">
        <ele>602.6</ele>
        <time>2026-09-09T15:29:34.000Z</time>
      </trkpt>
      <trkpt lat="49.8390447" lon="11.4726626">
        <ele>602</ele>
        <time>2026-09-09T15:29:56.000Z</time>
      </trkpt>
      <trkpt lat="49.8396838" lon="11.4744802">
        <ele>594.6</ele>
        <time>2026-09-09T15:30:17.000Z</time>
      </trkpt>
      <trkpt lat="49.8409038" lon="11.4749311">
        <ele>578.4</ele>
        <time>2026-09-09T15:30:37.000Z</time>
      </trkpt>
      <trkpt lat="49.8424987" lon="11.4753126">
        <ele>577.6</ele>
        <time>2026-09-09T15:30:58.000Z</time>
      </trkpt>
      <trkpt lat="49.8430663" lon="11.4758103">
        <ele>576</ele>
        <time>2026-09-09T15:31:19.000Z</time>
      </trkpt>
      <trkpt lat="49.8442162" lon="11.4765717">
        <ele>571</ele>
        <time>2026-09-09T15:31:40.000Z</time>
      </trkpt>
      <trkpt lat="49.8457071" lon="11.4773632">
        <ele>566.6</ele>
        <time>2026-09-09T15:32:00.000Z</time>
      </trkpt>
      <trkpt lat="49.8469162" lon="11.4778429">
        <ele>564</ele>
        <time>2026-09-09T15:32:21.000Z</time>
      </trkpt>
      <trkpt lat="49.8478144" lon="11.4778765">
        <ele>561.9</ele>
        <time>2026-09-09T15:32:41.000Z</time>
      </trkpt>
      <trkpt lat="49.8486082" lon="11.4779439">
        <ele>560.8</ele>
        <time>2026-09-09T15:33:02.000Z</time>
      </trkpt>
      <trkpt lat="49.8493876" lon="11.477953">
        <ele>562.2</ele>
        <time>2026-09-09T15:33:23.000Z</time>
      </trkpt>
      <trkpt lat="49.8500165" lon="11.4781805">
        <ele>560.1</ele>
        <time>2026-09-09T15:33:43.000Z</time>
      </trkpt>
      <trkpt lat="49.850545" lon="11.478552">
        <ele>566.2</ele>
        <time>2026-09-09T15:34:04.000Z</time>
      </trkpt>
      <trkpt lat="49.8508856" lon="11.4789726">
        <ele>571.6</ele>
        <time>2026-09-09T15:34:25.000Z</time>
      </trkpt>
      <trkpt lat="49.8511002" lon="11.4795002">
        <ele>573.8</ele>
        <time>2026-09-09T15:34:46.000Z</time>
      </trkpt>
      <trkpt lat="49.8513824" lon="11.4799444">
        <ele>582.8</ele>
        <time>2026-09-09T15:35:07.000Z</time>
      </trkpt>
      <trkpt lat="49.851668" lon="11.480584">
        <ele>585.4</ele>
        <time>2026-09-09T15:35:27.000Z</time>
      </trkpt>
      <trkpt lat="49.8518348" lon="11.481091">
        <ele>586.7</ele>
        <time>2026-09-09T15:35:48.000Z</time>
      </trkpt>
      <trkpt lat="49.8519647" lon="11.4815387">
        <ele>588.3</ele>
        <time>2026-09-09T15:36:08.000Z</time>
      </trkpt>
      <trkpt lat="49.8521599" lon="11.481927">
        <ele>591.7</ele>
        <time>2026-09-09T15:36:30.000Z</time>
      </trkpt>
      <trkpt lat="49.8523554" lon="11.4822811">
        <ele>594.8</ele>
        <time>2026-09-09T15:36:51.000Z</time>
      </trkpt>
      <trkpt lat="49.8525418" lon="11.4826682">
        <ele>598.3</ele>
        <time>2026-09-09T15:37:11.000Z</time>
      </trkpt>
      <trkpt lat="49.8527032" lon="11.483043">
        <ele>600.5</ele>
        <time>2026-09-09T15:37:33.000Z</time>
      </trkpt>
      <trkpt lat="49.8529251" lon="11.4834181">
        <ele>604.8</ele>
        <time>2026-09-09T15:37:54.000Z</time>
      </trkpt>
      <trkpt lat="49.8531996" lon="11.4838077">
        <ele>607.3</ele>
        <time>2026-09-09T15:38:14.000Z</time>
      </trkpt>
      <trkpt lat="49.8536115" lon="11.4840925">
        <ele>606.5</ele>
        <time>2026-09-09T15:38:36.000Z</time>
      </trkpt>
      <trkpt lat="49.8541695" lon="11.4842721">
        <ele>605.3</ele>
        <time>2026-09-09T15:38:57.000Z</time>
      </trkpt>
      <trkpt lat="49.854828" lon="11.4847125">
        <ele>609.1</ele>
        <time>2026-09-09T15:39:18.000Z</time>
      </trkpt>
      <trkpt lat="49.8556911" lon="11.4855295">
        <ele>607.9</ele>
        <time>2026-09-09T15:39:38.000Z</time>
      </trkpt>
      <trkpt lat="49.8564322" lon="11.4862185">
        <ele>607</ele>
        <time>2026-09-09T15:39:59.000Z</time>
      </trkpt>
      <trkpt lat="49.8568795" lon="11.4866708">
        <ele>609.1</ele>
        <time>2026-09-09T15:40:19.000Z</time>
      </trkpt>
      <trkpt lat="49.8572379" lon="11.4869623">
        <ele>611.2</ele>
        <time>2026-09-09T15:40:41.000Z</time>
      </trkpt>
      <trkpt lat="49.8575341" lon="11.4870952">
        <ele>614.6</ele>
        <time>2026-09-09T15:41:01.000Z</time>
      </trkpt>
      <trkpt lat="49.8575614" lon="11.4870998">
        <ele>616.7</ele>
        <time>2026-09-09T15:41:22.000Z</time>
      </trkpt>
      <trkpt lat="49.8575615" lon="11.4870956">
        <ele>619.6</ele>
        <time>2026-09-09T15:41:42.000Z</time>
      </trkpt>
      <trkpt lat="49.8576005" lon="11.4871482">
        <ele>621.1</ele>
        <time>2026-09-09T15:42:04.000Z</time>
      </trkpt>
      <trkpt lat="49.8576014" lon="11.4871635">
        <ele>624.3</ele>
        <time>2026-09-09T15:42:24.000Z</time>
      </trkpt>
      <trkpt lat="49.8576015" lon="11.4871638">
        <ele>624.3</ele>
        <time>2026-09-09T15:42:45.000Z</time>
      </trkpt>
      <trkpt lat="49.8576019" lon="11.4871636">
        <ele>624.2</ele>
        <time>2026-09-09T15:43:06.000Z</time>
      </trkpt>
      <trkpt lat="49.8576021" lon="11.4871634">
        <ele>624.2</ele>
        <time>2026-09-09T15:43:26.000Z</time>
      </trkpt>
      <trkpt lat="49.8576023" lon="11.4871633">
        <ele>624.2</ele>
        <time>2026-09-09T15:43:47.000Z</time>
      </trkpt>
      <trkpt lat="49.8575946" lon="11.4871546">
        <ele>621.7</ele>
        <time>2026-09-09T15:44:08.000Z</time>
      </trkpt>
      <trkpt lat="49.8576014" lon="11.4871293">
        <ele>619</ele>
        <time>2026-09-09T15:44:28.000Z</time>
      </trkpt>
      <trkpt lat="49.8575877" lon="11.4871313">
        <ele>619.6</ele>
        <time>2026-09-09T15:44:50.000Z</time>
      </trkpt>
      <trkpt lat="49.8575869" lon="11.4871315">
        <ele>619.7</ele>
        <time>2026-09-09T15:45:10.000Z</time>
      </trkpt>
      <trkpt lat="49.857587" lon="11.4871321">
        <ele>619.7</ele>
        <time>2026-09-09T15:45:31.000Z</time>
      </trkpt>
      <trkpt lat="49.8575875" lon="11.4871325">
        <ele>619.7</ele>
        <time>2026-09-09T15:45:51.000Z</time>
      </trkpt>
      <trkpt lat="49.8575874" lon="11.4871327">
        <ele>619.7</ele>
        <time>2026-09-09T15:46:12.000Z</time>
      </trkpt>
      <trkpt lat="49.8575876" lon="11.4871326">
        <ele>619.6</ele>
        <time>2026-09-09T15:46:32.000Z</time>
      </trkpt>
      <trkpt lat="49.8575875" lon="11.4871324">
        <ele>619.5</ele>
        <time>2026-09-09T15:46:54.000Z</time>
      </trkpt>
      <trkpt lat="49.8575876" lon="11.4871325">
        <ele>619.5</ele>
        <time>2026-09-09T15:47:15.000Z</time>
      </trkpt>
      <trkpt lat="49.8575872" lon="11.4871322">
        <ele>619.4</ele>
        <time>2026-09-09T15:47:36.000Z</time>
      </trkpt>
      <trkpt lat="49.8575872" lon="11.4871321">
        <ele>619.3</ele>
        <time>2026-09-09T15:47:56.000Z</time>
      </trkpt>
      <trkpt lat="49.8575871" lon="11.4871318">
        <ele>619.2</ele>
        <time>2026-09-09T15:48:18.000Z</time>
      </trkpt>
      <trkpt lat="49.8575875" lon="11.4871317">
        <ele>619.2</ele>
        <time>2026-09-09T15:48:39.000Z</time>
      </trkpt>
      <trkpt lat="49.8575877" lon="11.4871316">
        <ele>619</ele>
        <time>2026-09-09T15:49:00.000Z</time>
      </trkpt>
      <trkpt lat="49.8575875" lon="11.4871315">
        <ele>619</ele>
        <time>2026-09-09T15:49:21.000Z</time>
      </trkpt>
      <trkpt lat="49.8575871" lon="11.4871312">
        <ele>618.8</ele>
        <time>2026-09-09T15:49:41.000Z</time>
      </trkpt>
      <trkpt lat="49.8575874" lon="11.4871314">
        <ele>618.8</ele>
        <time>2026-09-09T15:50:02.000Z</time>
      </trkpt>
      <trkpt lat="49.8575876" lon="11.4871316">
        <ele>618.8</ele>
        <time>2026-09-09T15:50:23.000Z</time>
      </trkpt>
      <trkpt lat="49.8575876" lon="11.4871314">
        <ele>618.8</ele>
        <time>2026-09-09T15:50:44.000Z</time>
      </trkpt>
      <trkpt lat="49.8575876" lon="11.4871315">
        <ele>618.8</ele>
        <time>2026-09-09T15:51:05.000Z</time>
      </trkpt>
      <trkpt lat="49.8575877" lon="11.4871312">
        <ele>618.8</ele>
        <time>2026-09-09T15:51:26.000Z</time>
      </trkpt>
      <trkpt lat="49.8575875" lon="11.487176">
        <ele>618.7</ele>
        <time>2026-09-09T15:51:46.000Z</time>
      </trkpt>
      <trkpt lat="49.8578873" lon="11.4875213">
        <ele>615.7</ele>
        <time>2026-09-09T15:52:07.000Z</time>
      </trkpt>
      <trkpt lat="49.8584953" lon="11.4884309">
        <ele>616.5</ele>
        <time>2026-09-09T15:52:28.000Z</time>
      </trkpt>
      <trkpt lat="49.8586453" lon="11.488767">
        <ele>617.1</ele>
        <time>2026-09-09T15:52:48.000Z</time>
      </trkpt>
      <trkpt lat="49.8586451" lon="11.4887635">
        <ele>617.5</ele>
        <time>2026-09-09T15:53:09.000Z</time>
      </trkpt>
      <trkpt lat="49.8586452" lon="11.4887636">
        <ele>617.5</ele>
        <time>2026-09-09T15:53:29.000Z</time>
      </trkpt>
      <trkpt lat="49.858689" lon="11.4888193">
        <ele>619.3</ele>
        <time>2026-09-09T15:53:50.000Z</time>
      </trkpt>
      <trkpt lat="49.8589035" lon="11.489198">
        <ele>617.5</ele>
        <time>2026-09-09T15:54:11.000Z</time>
      </trkpt>
      <trkpt lat="49.8592208" lon="11.4895622">
        <ele>620.5</ele>
        <time>2026-09-09T15:54:32.000Z</time>
      </trkpt>
      <trkpt lat="49.859863" lon="11.4896095">
        <ele>617.9</ele>
        <time>2026-09-09T15:54:52.000Z</time>
      </trkpt>
      <trkpt lat="49.8606282" lon="11.4884906">
        <ele>616.1</ele>
        <time>2026-09-09T15:55:13.000Z</time>
      </trkpt>
      <trkpt lat="49.8616944" lon="11.4886023">
        <ele>612.6</ele>
        <time>2026-09-09T15:55:34.000Z</time>
      </trkpt>
      <trkpt lat="49.8613011" lon="11.4913232">
        <ele>600.4</ele>
        <time>2026-09-09T15:55:55.000Z</time>
      </trkpt>
      <trkpt lat="49.8616153" lon="11.4928144">
        <ele>594.8</ele>
        <time>2026-09-09T15:56:16.000Z</time>
      </trkpt>
      <trkpt lat="49.8616443" lon="11.492797">
        <ele>591.1</ele>
        <time>2026-09-09T15:56:37.000Z</time>
      </trkpt>
      <trkpt lat="49.8616276" lon="11.4928096">
        <ele>591.7</ele>
        <time>2026-09-09T15:56:58.000Z</time>
      </trkpt>
      <trkpt lat="49.8616144" lon="11.4927896">
        <ele>592.9</ele>
        <time>2026-09-09T15:57:18.000Z</time>
      </trkpt>
      <trkpt lat="49.8616147" lon="11.4927896">
        <ele>592.8</ele>
        <time>2026-09-09T15:57:39.000Z</time>
      </trkpt>
      <trkpt lat="49.8617611" lon="11.4930373">
        <ele>589.8</ele>
        <time>2026-09-09T15:57:59.000Z</time>
      </trkpt>
      <trkpt lat="49.8617486" lon="11.4930345">
        <ele>589.2</ele>
        <time>2026-09-09T15:58:21.000Z</time>
      </trkpt>
      <trkpt lat="49.8616809" lon="11.4930504">
        <ele>588.8</ele>
        <time>2026-09-09T15:58:41.000Z</time>
      </trkpt>
      <trkpt lat="49.8617332" lon="11.4930498">
        <ele>586.5</ele>
        <time>2026-09-09T15:59:02.000Z</time>
      </trkpt>
      <trkpt lat="49.8617655" lon="11.4930903">
        <ele>586.5</ele>
        <time>2026-09-09T15:59:23.000Z</time>
      </trkpt>
      <trkpt lat="49.8617886" lon="11.4930443">
        <ele>585.9</ele>
        <time>2026-09-09T15:59:44.000Z</time>
      </trkpt>
      <trkpt lat="49.8615699" lon="11.4930672">
        <ele>585.4</ele>
        <time>2026-09-09T16:00:05.000Z</time>
      </trkpt>
      <trkpt lat="49.8615361" lon="11.4937546">
        <ele>586.8</ele>
        <time>2026-09-09T16:00:26.000Z</time>
      </trkpt>
      <trkpt lat="49.8617597" lon="11.4949191">
        <ele>585.8</ele>
        <time>2026-09-09T16:00:47.000Z</time>
      </trkpt>
      <trkpt lat="49.862194" lon="11.4966935">
        <ele>583.7</ele>
        <time>2026-09-09T16:01:07.000Z</time>
      </trkpt>
      <trkpt lat="49.8622176" lon="11.4980814">
        <ele>584.1</ele>
        <time>2026-09-09T16:01:28.000Z</time>
      </trkpt>
      <trkpt lat="49.8623761" lon="11.4990557">
        <ele>588.6</ele>
        <time>2026-09-09T16:01:49.000Z</time>
      </trkpt>
      <trkpt lat="49.8626784" lon="11.4998622">
        <ele>592.4</ele>
        <time>2026-09-09T16:02:11.000Z</time>
      </trkpt>
      <trkpt lat="49.8630367" lon="11.5004493">
        <ele>597</ele>
        <time>2026-09-09T16:02:31.000Z</time>
      </trkpt>
      <trkpt lat="49.8633993" lon="11.5009702">
        <ele>597.3</ele>
        <time>2026-09-09T16:02:53.000Z</time>
      </trkpt>
      <trkpt lat="49.8637096" lon="11.5013742">
        <ele>602.6</ele>
        <time>2026-09-09T16:03:13.000Z</time>
      </trkpt>
      <trkpt lat="49.8639689" lon="11.5016796">
        <ele>609.8</ele>
        <time>2026-09-09T16:03:34.000Z</time>
      </trkpt>
      <trkpt lat="49.8642265" lon="11.5019374">
        <ele>611.6</ele>
        <time>2026-09-09T16:03:56.000Z</time>
      </trkpt>
      <trkpt lat="49.8646173" lon="11.5024288">
        <ele>609.4</ele>
        <time>2026-09-09T16:04:17.000Z</time>
      </trkpt>
      <trkpt lat="49.8651729" lon="11.5034159">
        <ele>611.9</ele>
        <time>2026-09-09T16:04:38.000Z</time>
      </trkpt>
      <trkpt lat="49.8657649" lon="11.5045248">
        <ele>612</ele>
        <time>2026-09-09T16:04:59.000Z</time>
      </trkpt>
      <trkpt lat="49.8662178" lon="11.5056316">
        <ele>612.4</ele>
        <time>2026-09-09T16:05:20.000Z</time>
      </trkpt>
      <trkpt lat="49.8664798" lon="11.506578">
        <ele>614.3</ele>
        <time>2026-09-09T16:05:41.000Z</time>
      </trkpt>
      <trkpt lat="49.8665848" lon="11.5075631">
        <ele>618.6</ele>
        <time>2026-09-09T16:06:02.000Z</time>
      </trkpt>
      <trkpt lat="49.8666204" lon="11.5084863">
        <ele>616.5</ele>
        <time>2026-09-09T16:06:22.000Z</time>
      </trkpt>
      <trkpt lat="49.8666541" lon="11.5091496">
        <ele>621</ele>
        <time>2026-09-09T16:06:43.000Z</time>
      </trkpt>
      <trkpt lat="49.8667193" lon="11.5098282">
        <ele>622.5</ele>
        <time>2026-09-09T16:07:04.000Z</time>
      </trkpt>
      <trkpt lat="49.8667613" lon="11.5105503">
        <ele>627.9</ele>
        <time>2026-09-09T16:07:25.000Z</time>
      </trkpt>
      <trkpt lat="49.866721" lon="11.5112053">
        <ele>627.6</ele>
        <time>2026-09-09T16:07:45.000Z</time>
      </trkpt>
      <trkpt lat="49.8666646" lon="11.5117515">
        <ele>630.2</ele>
        <time>2026-09-09T16:08:07.000Z</time>
      </trkpt>
      <trkpt lat="49.8666181" lon="11.5122228">
        <ele>632</ele>
        <time>2026-09-09T16:08:28.000Z</time>
      </trkpt>
      <trkpt lat="49.8666008" lon="11.5127028">
        <ele>632.1</ele>
        <time>2026-09-09T16:08:48.000Z</time>
      </trkpt>
      <trkpt lat="49.8667967" lon="11.5133393">
        <ele>635.3</ele>
        <time>2026-09-09T16:09:10.000Z</time>
      </trkpt>
      <trkpt lat="49.8671427" lon="11.5140132">
        <ele>639.2</ele>
        <time>2026-09-09T16:09:31.000Z</time>
      </trkpt>
      <trkpt lat="49.8675466" lon="11.514766">
        <ele>638.6</ele>
        <time>2026-09-09T16:09:52.000Z</time>
      </trkpt>
      <trkpt lat="49.867622" lon="11.514938">
        <ele>638.9</ele>
        <time>2026-09-09T16:10:13.000Z</time>
      </trkpt>
      <trkpt lat="49.8684322" lon="11.5161333">
        <ele>599</ele>
        <time>2026-09-09T16:18:02.000Z</time>
      </trkpt>
      <trkpt lat="49.8681373" lon="11.5160615">
        <ele>641.7</ele>
        <time>2026-09-09T16:19:45.000Z</time>
      </trkpt>
      <trkpt lat="49.868136" lon="11.5160578">
        <ele>642</ele>
        <time>2026-09-09T16:20:06.000Z</time>
      </trkpt>
      <trkpt lat="49.8681221" lon="11.5160136">
        <ele>639.2</ele>
        <time>2026-09-09T16:20:27.000Z</time>
      </trkpt>
      <trkpt lat="49.8681352" lon="11.5160371">
        <ele>638.3</ele>
        <time>2026-09-09T16:20:47.000Z</time>
      </trkpt>
      <trkpt lat="49.868133" lon="11.5160509">
        <ele>637</ele>
        <time>2026-09-09T16:21:08.000Z</time>
      </trkpt>
      <trkpt lat="49.8681443" lon="11.5160429">
        <ele>637.1</ele>
        <time>2026-09-09T16:21:29.000Z</time>
      </trkpt>
      <trkpt lat="49.8681425" lon="11.516013">
        <ele>639.1</ele>
        <time>2026-09-09T16:21:50.000Z</time>
      </trkpt>
      <trkpt lat="49.8681324" lon="11.5160192">
        <ele>639.9</ele>
        <time>2026-09-09T16:22:12.000Z</time>
      </trkpt>
      <trkpt lat="49.8681346" lon="11.5160164">
        <ele>640.9</ele>
        <time>2026-09-09T16:22:32.000Z</time>
      </trkpt>
      <trkpt lat="49.8681541" lon="11.5160383">
        <ele>640.9</ele>
        <time>2026-09-09T16:22:53.000Z</time>
      </trkpt>
      <trkpt lat="49.8681511" lon="11.5160343">
        <ele>640.1</ele>
        <time>2026-09-09T16:23:14.000Z</time>
      </trkpt>
      <trkpt lat="49.8681509" lon="11.5160339">
        <ele>640.1</ele>
        <time>2026-09-09T16:23:35.000Z</time>
      </trkpt>
      <trkpt lat="49.8681507" lon="11.5160328">
        <ele>640.1</ele>
        <time>2026-09-09T16:23:56.000Z</time>
      </trkpt>
      <trkpt lat="49.8681499" lon="11.5160329">
        <ele>640.1</ele>
        <time>2026-09-09T16:24:17.000Z</time>
      </trkpt>
      <trkpt lat="49.8681484" lon="11.5160324">
        <ele>639.8</ele>
        <time>2026-09-09T16:24:39.000Z</time>
      </trkpt>
      <trkpt lat="49.8682016" lon="11.5161024">
        <ele>640.2</ele>
        <time>2026-09-09T16:24:59.000Z</time>
      </trkpt>
      <trkpt lat="49.8683391" lon="11.51628">
        <ele>639.5</ele>
        <time>2026-09-09T16:25:20.000Z</time>
      </trkpt>
      <trkpt lat="49.8689594" lon="11.5177448">
        <ele>635.3</ele>
        <time>2026-09-09T16:25:40.000Z</time>
      </trkpt>
      <trkpt lat="49.8699181" lon="11.5194042">
        <ele>631.1</ele>
        <time>2026-09-09T16:26:01.000Z</time>
      </trkpt>
      <trkpt lat="49.8711042" lon="11.5215583">
        <ele>621.7</ele>
        <time>2026-09-09T16:26:22.000Z</time>
      </trkpt>
      <trkpt lat="49.8723982" lon="11.5241757">
        <ele>612.2</ele>
        <time>2026-09-09T16:26:43.000Z</time>
      </trkpt>
      <trkpt lat="49.8733215" lon="11.5263169">
        <ele>609.3</ele>
        <time>2026-09-09T16:27:04.000Z</time>
      </trkpt>
      <trkpt lat="49.8736272" lon="11.5286616">
        <ele>607.3</ele>
        <time>2026-09-09T16:27:24.000Z</time>
      </trkpt>
      <trkpt lat="49.8738717" lon="11.5318233">
        <ele>597.5</ele>
        <time>2026-09-09T16:27:45.000Z</time>
      </trkpt>
      <trkpt lat="49.8742701" lon="11.5348035">
        <ele>596.2</ele>
        <time>2026-09-09T16:28:06.000Z</time>
      </trkpt>
      <trkpt lat="49.8745457" lon="11.5368036">
        <ele>599.7</ele>
        <time>2026-09-09T16:28:27.000Z</time>
      </trkpt>
      <trkpt lat="49.8748592" lon="11.5382554">
        <ele>600</ele>
        <time>2026-09-09T16:28:48.000Z</time>
      </trkpt>
      <trkpt lat="49.8751391" lon="11.5407729">
        <ele>583.2</ele>
        <time>2026-09-09T16:29:08.000Z</time>
      </trkpt>
      <trkpt lat="49.8765189" lon="11.543197">
        <ele>560.9</ele>
        <time>2026-09-09T16:29:29.000Z</time>
      </trkpt>
      <trkpt lat="49.877692" lon="11.5452065">
        <ele>559.5</ele>
        <time>2026-09-09T16:29:50.000Z</time>
      </trkpt>
      <trkpt lat="49.8785025" lon="11.5465814">
        <ele>560.2</ele>
        <time>2026-09-09T16:30:11.000Z</time>
      </trkpt>
      <trkpt lat="49.8794742" lon="11.5467786">
        <ele>560.7</ele>
        <time>2026-09-09T16:30:32.000Z</time>
      </trkpt>
      <trkpt lat="49.8797406" lon="11.5466704">
        <ele>560.4</ele>
        <time>2026-09-09T16:30:53.000Z</time>
      </trkpt>
      <trkpt lat="49.8797415" lon="11.5466696">
        <ele>561.3</ele>
        <time>2026-09-09T16:31:14.000Z</time>
      </trkpt>
      <trkpt lat="49.8797413" lon="11.5466694">
        <ele>561.3</ele>
        <time>2026-09-09T16:31:34.000Z</time>
      </trkpt>
      <trkpt lat="49.8797411" lon="11.5466692">
        <ele>561.2</ele>
        <time>2026-09-09T16:31:55.000Z</time>
      </trkpt>
      <trkpt lat="49.8797409" lon="11.546669">
        <ele>561.2</ele>
        <time>2026-09-09T16:32:16.000Z</time>
      </trkpt>
      <trkpt lat="49.8797406" lon="11.5466689">
        <ele>561.3</ele>
        <time>2026-09-09T16:32:36.000Z</time>
      </trkpt>
      <trkpt lat="49.8797404" lon="11.5466688">
        <ele>561.2</ele>
        <time>2026-09-09T16:32:58.000Z</time>
      </trkpt>
      <trkpt lat="49.8797399" lon="11.5466686">
        <ele>561.2</ele>
        <time>2026-09-09T16:33:18.000Z</time>
      </trkpt>
      <trkpt lat="49.8797398" lon="11.5466684">
        <ele>561.2</ele>
        <time>2026-09-09T16:33:39.000Z</time>
      </trkpt>
      <trkpt lat="49.8797397" lon="11.5466683">
        <ele>561.3</ele>
        <time>2026-09-09T16:34:00.000Z</time>
      </trkpt>
      <trkpt lat="49.8797395" lon="11.5466682">
        <ele>561.3</ele>
        <time>2026-09-09T16:34:22.000Z</time>
      </trkpt>
      <trkpt lat="49.8798782" lon="11.5464948">
        <ele>563.4</ele>
        <time>2026-09-09T16:34:43.000Z</time>
      </trkpt>
      <trkpt lat="49.8804372" lon="11.5454558">
        <ele>562.2</ele>
        <time>2026-09-09T16:35:03.000Z</time>
      </trkpt>
      <trkpt lat="49.8811777" lon="11.5438458">
        <ele>557</ele>
        <time>2026-09-09T16:35:24.000Z</time>
      </trkpt>
      <trkpt lat="49.8831074" lon="11.5421494">
        <ele>536.4</ele>
        <time>2026-09-09T16:35:45.000Z</time>
      </trkpt>
      <trkpt lat="49.8848496" lon="11.5419379">
        <ele>535.8</ele>
        <time>2026-09-09T16:36:06.000Z</time>
      </trkpt>
      <trkpt lat="49.8863582" lon="11.5398174">
        <ele>516.2</ele>
        <time>2026-09-09T16:36:28.000Z</time>
      </trkpt>
      <trkpt lat="49.8880864" lon="11.5378054">
        <ele>506.5</ele>
        <time>2026-09-09T16:36:48.000Z</time>
      </trkpt>
      <trkpt lat="49.8894703" lon="11.5368863">
        <ele>507.3</ele>
        <time>2026-09-09T16:37:09.000Z</time>
      </trkpt>
      <trkpt lat="49.890588" lon="11.5370192">
        <ele>506.9</ele>
        <time>2026-09-09T16:37:30.000Z</time>
      </trkpt>
      <trkpt lat="49.8916918" lon="11.5377604">
        <ele>504.9</ele>
        <time>2026-09-09T16:37:51.000Z</time>
      </trkpt>
      <trkpt lat="49.8937356" lon="11.5383752">
        <ele>486.5</ele>
        <time>2026-09-09T16:38:12.000Z</time>
      </trkpt>
      <trkpt lat="49.8959715" lon="11.5383791">
        <ele>473.4</ele>
        <time>2026-09-09T16:38:33.000Z</time>
      </trkpt>
      <trkpt lat="49.897969" lon="11.5376193">
        <ele>458.5</ele>
        <time>2026-09-09T16:38:54.000Z</time>
      </trkpt>
      <trkpt lat="49.8990391" lon="11.5378871">
        <ele>456.3</ele>
        <time>2026-09-09T16:39:15.000Z</time>
      </trkpt>
      <trkpt lat="49.8994488" lon="11.5378908">
        <ele>458.6</ele>
        <time>2026-09-09T16:39:36.000Z</time>
      </trkpt>
      <trkpt lat="49.8996651" lon="11.5377868">
        <ele>460</ele>
        <time>2026-09-09T16:39:57.000Z</time>
      </trkpt>
      <trkpt lat="49.8996539" lon="11.537782">
        <ele>462.8</ele>
        <time>2026-09-09T16:40:18.000Z</time>
      </trkpt>
      <trkpt lat="49.89965" lon="11.5377493">
        <ele>464.2</ele>
        <time>2026-09-09T16:40:39.000Z</time>
      </trkpt>
      <trkpt lat="49.89965" lon="11.5377491">
        <ele>464.2</ele>
        <time>2026-09-09T16:41:00.000Z</time>
      </trkpt>
      <trkpt lat="49.89965" lon="11.5377493">
        <ele>464.1</ele>
        <time>2026-09-09T16:41:21.000Z</time>
      </trkpt>
      <trkpt lat="49.8996978" lon="11.5377497">
        <ele>463.7</ele>
        <time>2026-09-09T16:41:42.000Z</time>
      </trkpt>
      <trkpt lat="49.8999216" lon="11.5378189">
        <ele>464.4</ele>
        <time>2026-09-09T16:42:03.000Z</time>
      </trkpt>
      <trkpt lat="49.9006065" lon="11.5380305">
        <ele>464.4</ele>
        <time>2026-09-09T16:42:24.000Z</time>
      </trkpt>
      <trkpt lat="49.9015384" lon="11.5382303">
        <ele>461.9</ele>
        <time>2026-09-09T16:42:45.000Z</time>
      </trkpt>
      <trkpt lat="49.9021049" lon="11.5396354">
        <ele>461.4</ele>
        <time>2026-09-09T16:43:06.000Z</time>
      </trkpt>
      <trkpt lat="49.9023472" lon="11.5405959">
        <ele>464.8</ele>
        <time>2026-09-09T16:43:28.000Z</time>
      </trkpt>
      <trkpt lat="49.9026038" lon="11.5415364">
        <ele>467.2</ele>
        <time>2026-09-09T16:43:48.000Z</time>
      </trkpt>
      <trkpt lat="49.9028837" lon="11.5424122">
        <ele>469.9</ele>
        <time>2026-09-09T16:44:09.000Z</time>
      </trkpt>
      <trkpt lat="49.9034313" lon="11.5430668">
        <ele>472.2</ele>
        <time>2026-09-09T16:44:30.000Z</time>
      </trkpt>
      <trkpt lat="49.9040357" lon="11.5440141">
        <ele>473.7</ele>
        <time>2026-09-09T16:44:51.000Z</time>
      </trkpt>
      <trkpt lat="49.9047077" lon="11.5450043">
        <ele>474.8</ele>
        <time>2026-09-09T16:45:12.000Z</time>
      </trkpt>
      <trkpt lat="49.9054091" lon="11.545513">
        <ele>476.2</ele>
        <time>2026-09-09T16:45:32.000Z</time>
      </trkpt>
      <trkpt lat="49.9065251" lon="11.5459708">
        <ele>473.1</ele>
        <time>2026-09-09T16:45:53.000Z</time>
      </trkpt>
      <trkpt lat="49.9079625" lon="11.5466055">
        <ele>469.5</ele>
        <time>2026-09-09T16:46:14.000Z</time>
      </trkpt>
      <trkpt lat="49.9089467" lon="11.5483802">
        <ele>455.5</ele>
        <time>2026-09-09T16:46:35.000Z</time>
      </trkpt>
      <trkpt lat="49.9094827" lon="11.5512276">
        <ele>450.2</ele>
        <time>2026-09-09T16:46:56.000Z</time>
      </trkpt>
      <trkpt lat="49.9100257" lon="11.5518564">
        <ele>455.3</ele>
        <time>2026-09-09T16:47:17.000Z</time>
      </trkpt>
      <trkpt lat="49.9103619" lon="11.5521527">
        <ele>460.1</ele>
        <time>2026-09-09T16:47:37.000Z</time>
      </trkpt>
      <trkpt lat="49.9106841" lon="11.5524241">
        <ele>463.7</ele>
        <time>2026-09-09T16:47:57.000Z</time>
      </trkpt>
      <trkpt lat="49.910946" lon="11.5526409">
        <ele>466.3</ele>
        <time>2026-09-09T16:48:18.000Z</time>
      </trkpt>
      <trkpt lat="49.9111879" lon="11.5528453">
        <ele>469.7</ele>
        <time>2026-09-09T16:48:39.000Z</time>
      </trkpt>
      <trkpt lat="49.9114557" lon="11.5531653">
        <ele>472.8</ele>
        <time>2026-09-09T16:49:01.000Z</time>
      </trkpt>
      <trkpt lat="49.9116622" lon="11.5535623">
        <ele>473.6</ele>
        <time>2026-09-09T16:49:21.000Z</time>
      </trkpt>
      <trkpt lat="49.9116671" lon="11.5535593">
        <ele>473.6</ele>
        <time>2026-09-09T16:49:42.000Z</time>
      </trkpt>
      <trkpt lat="49.9116671" lon="11.5535593">
        <ele>473.6</ele>
        <time>2026-09-09T16:50:03.000Z</time>
      </trkpt>
      <trkpt lat="49.9116671" lon="11.5535593">
        <ele>473.6</ele>
        <time>2026-09-09T16:50:24.000Z</time>
      </trkpt>
      <trkpt lat="49.9116671" lon="11.5535592">
        <ele>473.6</ele>
        <time>2026-09-09T16:50:45.000Z</time>
      </trkpt>
      <trkpt lat="49.9116729" lon="11.5535633">
        <ele>474.7</ele>
        <time>2026-09-09T16:51:06.000Z</time>
      </trkpt>
      <trkpt lat="49.9116715" lon="11.5535659">
        <ele>475.1</ele>
        <time>2026-09-09T16:51:27.000Z</time>
      </trkpt>
      <trkpt lat="49.9116716" lon="11.5535655">
        <ele>475.1</ele>
        <time>2026-09-09T16:51:48.000Z</time>
      </trkpt>
      <trkpt lat="49.9116716" lon="11.5535655">
        <ele>475.1</ele>
        <time>2026-09-09T16:52:09.000Z</time>
      </trkpt>
      <trkpt lat="49.9116716" lon="11.5535651">
        <ele>475.1</ele>
        <time>2026-09-09T16:52:30.000Z</time>
      </trkpt>
      <trkpt lat="49.9116714" lon="11.5535649">
        <ele>475.2</ele>
        <time>2026-09-09T16:52:51.000Z</time>
      </trkpt>
      <trkpt lat="49.9116714" lon="11.5535647">
        <ele>475.2</ele>
        <time>2026-09-09T16:53:12.000Z</time>
      </trkpt>
      <trkpt lat="49.9117088" lon="11.5535512">
        <ele>476.6</ele>
        <time>2026-09-09T16:53:33.000Z</time>
      </trkpt>
      <trkpt lat="49.9120025" lon="11.5542222">
        <ele>477.8</ele>
        <time>2026-09-09T16:53:54.000Z</time>
      </trkpt>
      <trkpt lat="49.9126144" lon="11.555106">
        <ele>477</ele>
        <time>2026-09-09T16:54:15.000Z</time>
      </trkpt>
      <trkpt lat="49.9136095" lon="11.5567877">
        <ele>464.7</ele>
        <time>2026-09-09T16:54:36.000Z</time>
      </trkpt>
      <trkpt lat="49.9150073" lon="11.5603324">
        <ele>429.8</ele>
        <time>2026-09-09T16:54:56.000Z</time>
      </trkpt>
      <trkpt lat="49.916065" lon="11.5620202">
        <ele>415.7</ele>
        <time>2026-09-09T16:55:17.000Z</time>
      </trkpt>
      <trkpt lat="49.9162041" lon="11.5621224">
        <ele>414.6</ele>
        <time>2026-09-09T16:55:38.000Z</time>
      </trkpt>
      <trkpt lat="49.9169088" lon="11.5629126">
        <ele>412.2</ele>
        <time>2026-09-09T16:55:59.000Z</time>
      </trkpt>
      <trkpt lat="49.9173109" lon="11.5630993">
        <ele>411.9</ele>
        <time>2026-09-09T16:56:21.000Z</time>
      </trkpt>
      <trkpt lat="49.9178915" lon="11.5639463">
        <ele>407.7</ele>
        <time>2026-09-09T16:56:41.000Z</time>
      </trkpt>
      <trkpt lat="49.9190504" lon="11.5649898">
        <ele>405.5</ele>
        <time>2026-09-09T16:57:02.000Z</time>
      </trkpt>
      <trkpt lat="49.9201867" lon="11.5652695">
        <ele>407.5</ele>
        <time>2026-09-09T16:57:23.000Z</time>
      </trkpt>
      <trkpt lat="49.9213163" lon="11.5658123">
        <ele>404.9</ele>
        <time>2026-09-09T16:57:44.000Z</time>
      </trkpt>
      <trkpt lat="49.9214745" lon="11.5663555">
        <ele>403.4</ele>
        <time>2026-09-09T16:58:05.000Z</time>
      </trkpt>
      <trkpt lat="49.9222261" lon="11.5669255">
        <ele>402.5</ele>
        <time>2026-09-09T16:58:26.000Z</time>
      </trkpt>
      <trkpt lat="49.9234449" lon="11.5675753">
        <ele>402.9</ele>
        <time>2026-09-09T16:58:47.000Z</time>
      </trkpt>
      <trkpt lat="49.9246747" lon="11.567746">
        <ele>402.7</ele>
        <time>2026-09-09T16:59:08.000Z</time>
      </trkpt>
      <trkpt lat="49.9256185" lon="11.5674593">
        <ele>403.3</ele>
        <time>2026-09-09T16:59:30.000Z</time>
      </trkpt>
      <trkpt lat="49.9261308" lon="11.5671214">
        <ele>406.6</ele>
        <time>2026-09-09T16:59:50.000Z</time>
      </trkpt>
      <trkpt lat="49.9265605" lon="11.5668697">
        <ele>409.3</ele>
        <time>2026-09-09T17:00:11.000Z</time>
      </trkpt>
      <trkpt lat="49.9270822" lon="11.5665817">
        <ele>411.6</ele>
        <time>2026-09-09T17:00:32.000Z</time>
      </trkpt>
      <trkpt lat="49.9278721" lon="11.5663735">
        <ele>411.3</ele>
        <time>2026-09-09T17:00:53.000Z</time>
      </trkpt>
      <trkpt lat="49.9292471" lon="11.5664613">
        <ele>404.4</ele>
        <time>2026-09-09T17:01:15.000Z</time>
      </trkpt>
      <trkpt lat="49.9303706" lon="11.566906">
        <ele>405.8</ele>
        <time>2026-09-09T17:01:35.000Z</time>
      </trkpt>
      <trkpt lat="49.9311648" lon="11.5673111">
        <ele>404.4</ele>
        <time>2026-09-09T17:01:56.000Z</time>
      </trkpt>
      <trkpt lat="49.9317651" lon="11.567582">
        <ele>400.9</ele>
        <time>2026-09-09T17:02:17.000Z</time>
      </trkpt>
      <trkpt lat="49.9321058" lon="11.5677769">
        <ele>400.1</ele>
        <time>2026-09-09T17:02:38.000Z</time>
      </trkpt>
      <trkpt lat="49.9331307" lon="11.5683003">
        <ele>401</ele>
        <time>2026-09-09T17:02:58.000Z</time>
      </trkpt>
      <trkpt lat="49.9342252" lon="11.5687866">
        <ele>400.1</ele>
        <time>2026-09-09T17:03:20.000Z</time>
      </trkpt>
      <trkpt lat="49.9354336" lon="11.5693853">
        <ele>402.7</ele>
        <time>2026-09-09T17:03:40.000Z</time>
      </trkpt>
      <trkpt lat="49.9367984" lon="11.5700556">
        <ele>400.6</ele>
        <time>2026-09-09T17:04:01.000Z</time>
      </trkpt>
      <trkpt lat="49.9380456" lon="11.5707163">
        <ele>395.3</ele>
        <time>2026-09-09T17:04:22.000Z</time>
      </trkpt>
      <trkpt lat="49.9389044" lon="11.5712879">
        <ele>389.4</ele>
        <time>2026-09-09T17:04:43.000Z</time>
      </trkpt>
      <trkpt lat="49.9389194" lon="11.5712393">
        <ele>391.9</ele>
        <time>2026-09-09T17:05:04.000Z</time>
      </trkpt>
      <trkpt lat="49.9391075" lon="11.5713381">
        <ele>394</ele>
        <time>2026-09-09T17:05:26.000Z</time>
      </trkpt>
      <trkpt lat="49.9399789" lon="11.5721255">
        <ele>390.7</ele>
        <time>2026-09-09T17:05:46.000Z</time>
      </trkpt>
      <trkpt lat="49.9400004" lon="11.5721716">
        <ele>394.1</ele>
        <time>2026-09-09T17:06:07.000Z</time>
      </trkpt>
      <trkpt lat="49.9400003" lon="11.5722277">
        <ele>391.6</ele>
        <time>2026-09-09T17:06:28.000Z</time>
      </trkpt>
      <trkpt lat="49.9400006" lon="11.5722409">
        <ele>392.9</ele>
        <time>2026-09-09T17:06:49.000Z</time>
      </trkpt>
      <trkpt lat="49.9404495" lon="11.5723056">
        <ele>390.8</ele>
        <time>2026-09-09T17:07:10.000Z</time>
      </trkpt>
      <trkpt lat="49.9412843" lon="11.5716623">
        <ele>389.2</ele>
        <time>2026-09-09T17:07:31.000Z</time>
      </trkpt>
      <trkpt lat="49.9423571" lon="11.5707532">
        <ele>387.5</ele>
        <time>2026-09-09T17:07:51.000Z</time>
      </trkpt>
      <trkpt lat="49.9434713" lon="11.5700046">
        <ele>388</ele>
        <time>2026-09-09T17:08:12.000Z</time>
      </trkpt>
      <trkpt lat="49.9436465" lon="11.5699407">
        <ele>390.6</ele>
        <time>2026-09-09T17:08:33.000Z</time>
      </trkpt>
      <trkpt lat="49.9446051" lon="11.5706423">
        <ele>387.9</ele>
        <time>2026-09-09T17:08:55.000Z</time>
      </trkpt>
      <trkpt lat="49.9455991" lon="11.5715569">
        <ele>387.9</ele>
        <time>2026-09-09T17:09:15.000Z</time>
      </trkpt>
      <trkpt lat="49.9461602" lon="11.5729349">
        <ele>391.3</ele>
        <time>2026-09-09T17:09:36.000Z</time>
      </trkpt>
      <trkpt lat="49.9463276" lon="11.5737047">
        <ele>387.5</ele>
        <time>2026-09-09T17:09:57.000Z</time>
      </trkpt>
      <trkpt lat="49.9466448" lon="11.5745411">
        <ele>386.8</ele>
        <time>2026-09-09T17:10:18.000Z</time>
      </trkpt>
      <trkpt lat="49.9469278" lon="11.5751132">
        <ele>388.1</ele>
        <time>2026-09-09T17:10:38.000Z</time>
      </trkpt>
      <trkpt lat="49.9472301" lon="11.5766408">
        <ele>386.5</ele>
        <time>2026-09-09T17:11:00.000Z</time>
      </trkpt>
      <trkpt lat="49.947211" lon="11.5773805">
        <ele>386.7</ele>
        <time>2026-09-09T17:11:20.000Z</time>
      </trkpt>
      <trkpt lat="49.9477629" lon="11.5780325">
        <ele>383.9</ele>
        <time>2026-09-09T17:11:41.000Z</time>
      </trkpt>
      <trkpt lat="49.9482738" lon="11.5783455">
        <ele>394.8</ele>
        <time>2026-09-09T17:12:03.000Z</time>
      </trkpt>
      <trkpt lat="49.9488049" lon="11.5786138">
        <ele>402.5</ele>
        <time>2026-09-09T17:12:23.000Z</time>
      </trkpt>
      <trkpt lat="49.9492398" lon="11.5790751">
        <ele>405.1</ele>
        <time>2026-09-09T17:12:44.000Z</time>
      </trkpt>
      <trkpt lat="49.9492651" lon="11.5795029">
        <ele>403.2</ele>
        <time>2026-09-09T17:13:05.000Z</time>
      </trkpt>
      <trkpt lat="49.9491972" lon="11.57928">
        <ele>398.4</ele>
        <time>2026-09-09T17:13:25.000Z</time>
      </trkpt>
      <trkpt lat="49.9413855" lon="11.5825122">
        <ele>392.8</ele>
        <time>2026-09-10T07:49:42.000Z</time>
      </trkpt>
      <trkpt lat="49.941674" lon="11.5829892">
        <ele>393.2</ele>
        <time>2026-09-10T07:50:02.000Z</time>
      </trkpt>
      <trkpt lat="49.9420151" lon="11.5837282">
        <ele>392</ele>
        <time>2026-09-10T07:50:24.000Z</time>
      </trkpt>
      <trkpt lat="49.9430435" lon="11.5844966">
        <ele>388.2</ele>
        <time>2026-09-10T07:50:45.000Z</time>
      </trkpt>
      <trkpt lat="49.9428399" lon="11.5851669">
        <ele>388.5</ele>
        <time>2026-09-10T07:51:06.000Z</time>
      </trkpt>
      <trkpt lat="49.9427639" lon="11.5857111">
        <ele>387.2</ele>
        <time>2026-09-10T07:51:27.000Z</time>
      </trkpt>
      <trkpt lat="49.9425332" lon="11.5864945">
        <ele>386.2</ele>
        <time>2026-09-10T07:51:48.000Z</time>
      </trkpt>
      <trkpt lat="49.9423434" lon="11.5871909">
        <ele>389.8</ele>
        <time>2026-09-10T07:52:09.000Z</time>
      </trkpt>
      <trkpt lat="49.942563" lon="11.5879009">
        <ele>388.5</ele>
        <time>2026-09-10T07:52:30.000Z</time>
      </trkpt>
      <trkpt lat="49.9429301" lon="11.5879858">
        <ele>386.4</ele>
        <time>2026-09-10T07:52:50.000Z</time>
      </trkpt>
      <trkpt lat="49.9438138" lon="11.5880309">
        <ele>384.5</ele>
        <time>2026-09-10T07:53:11.000Z</time>
      </trkpt>
      <trkpt lat="49.9442525" lon="11.5880487">
        <ele>386</ele>
        <time>2026-09-10T07:53:32.000Z</time>
      </trkpt>
      <trkpt lat="49.9441101" lon="11.589113">
        <ele>387.9</ele>
        <time>2026-09-10T07:53:53.000Z</time>
      </trkpt>
      <trkpt lat="49.9438955" lon="11.5902351">
        <ele>387.9</ele>
        <time>2026-09-10T07:54:13.000Z</time>
      </trkpt>
      <trkpt lat="49.9438121" lon="11.5914143">
        <ele>390.8</ele>
        <time>2026-09-10T07:54:34.000Z</time>
      </trkpt>
      <trkpt lat="49.9440952" lon="11.5925253">
        <ele>393.4</ele>
        <time>2026-09-10T07:54:54.000Z</time>
      </trkpt>
      <trkpt lat="49.9441868" lon="11.5927813">
        <ele>388.3</ele>
        <time>2026-09-10T07:55:15.000Z</time>
      </trkpt>
      <trkpt lat="49.9442136" lon="11.5927666">
        <ele>385.2</ele>
        <time>2026-09-10T07:55:36.000Z</time>
      </trkpt>
      <trkpt lat="49.9443412" lon="11.5936224">
        <ele>387</ele>
        <time>2026-09-10T07:55:57.000Z</time>
      </trkpt>
      <trkpt lat="49.9446509" lon="11.5946262">
        <ele>391.8</ele>
        <time>2026-09-10T07:56:18.000Z</time>
      </trkpt>
      <trkpt lat="49.9450237" lon="11.5956966">
        <ele>392.2</ele>
        <time>2026-09-10T07:56:39.000Z</time>
      </trkpt>
      <trkpt lat="49.9455754" lon="11.5968713">
        <ele>393.3</ele>
        <time>2026-09-10T07:57:00.000Z</time>
      </trkpt>
      <trkpt lat="49.9459853" lon="11.5972122">
        <ele>394.8</ele>
        <time>2026-09-10T07:57:21.000Z</time>
      </trkpt>
      <trkpt lat="49.9460143" lon="11.5972218">
        <ele>394.7</ele>
        <time>2026-09-10T07:57:42.000Z</time>
      </trkpt>
      <trkpt lat="49.9464516" lon="11.5976911">
        <ele>390.4</ele>
        <time>2026-09-10T07:58:03.000Z</time>
      </trkpt>
      <trkpt lat="49.9476151" lon="11.5978495">
        <ele>388.8</ele>
        <time>2026-09-10T07:58:24.000Z</time>
      </trkpt>
      <trkpt lat="49.9484179" lon="11.5987767">
        <ele>391</ele>
        <time>2026-09-10T07:58:45.000Z</time>
      </trkpt>
      <trkpt lat="49.9490548" lon="11.6000389">
        <ele>392.5</ele>
        <time>2026-09-10T07:59:06.000Z</time>
      </trkpt>
      <trkpt lat="49.9498656" lon="11.6009748">
        <ele>391.8</ele>
        <time>2026-09-10T07:59:27.000Z</time>
      </trkpt>
      <trkpt lat="49.9508015" lon="11.6016291">
        <ele>391.4</ele>
        <time>2026-09-10T07:59:48.000Z</time>
      </trkpt>
      <trkpt lat="49.9515651" lon="11.6024928">
        <ele>391.4</ele>
        <time>2026-09-10T08:00:08.000Z</time>
      </trkpt>
      <trkpt lat="49.9519342" lon="11.6037942">
        <ele>393.1</ele>
        <time>2026-09-10T08:00:29.000Z</time>
      </trkpt>
      <trkpt lat="49.9521397" lon="11.6050981">
        <ele>393.2</ele>
        <time>2026-09-10T08:00:49.000Z</time>
      </trkpt>
      <trkpt lat="49.9522279" lon="11.6053509">
        <ele>396.1</ele>
        <time>2026-09-10T08:01:10.000Z</time>
      </trkpt>
      <trkpt lat="49.9522282" lon="11.6053689">
        <ele>394.9</ele>
        <time>2026-09-10T08:01:31.000Z</time>
      </trkpt>
      <trkpt lat="49.9516644" lon="11.6055565">
        <ele>392.6</ele>
        <time>2026-09-10T08:01:52.000Z</time>
      </trkpt>
      <trkpt lat="49.9509132" lon="11.6059387">
        <ele>390.6</ele>
        <time>2026-09-10T08:02:12.000Z</time>
      </trkpt>
      <trkpt lat="49.9503929" lon="11.6065307">
        <ele>393.5</ele>
        <time>2026-09-10T08:02:33.000Z</time>
      </trkpt>
      <trkpt lat="49.9500772" lon="11.6070472">
        <ele>397</ele>
        <time>2026-09-10T08:02:54.000Z</time>
      </trkpt>
      <trkpt lat="49.9498556" lon="11.6074467">
        <ele>403.1</ele>
        <time>2026-09-10T08:03:15.000Z</time>
      </trkpt>
      <trkpt lat="49.9497094" lon="11.6080123">
        <ele>404.1</ele>
        <time>2026-09-10T08:03:36.000Z</time>
      </trkpt>
      <trkpt lat="49.94944" lon="11.608545">
        <ele>410.6</ele>
        <time>2026-09-10T08:03:57.000Z</time>
      </trkpt>
      <trkpt lat="49.9491839" lon="11.6090981">
        <ele>412.7</ele>
        <time>2026-09-10T08:04:18.000Z</time>
      </trkpt>
      <trkpt lat="49.948902" lon="11.6096437">
        <ele>412.4</ele>
        <time>2026-09-10T08:04:39.000Z</time>
      </trkpt>
      <trkpt lat="49.9486711" lon="11.6101727">
        <ele>415.9</ele>
        <time>2026-09-10T08:04:59.000Z</time>
      </trkpt>
      <trkpt lat="49.9484113" lon="11.6106936">
        <ele>416.4</ele>
        <time>2026-09-10T08:05:20.000Z</time>
      </trkpt>
      <trkpt lat="49.948226" lon="11.6113355">
        <ele>420.8</ele>
        <time>2026-09-10T08:05:41.000Z</time>
      </trkpt>
      <trkpt lat="49.9480385" lon="11.6120576">
        <ele>420.4</ele>
        <time>2026-09-10T08:06:02.000Z</time>
      </trkpt>
      <trkpt lat="49.9477715" lon="11.6132348">
        <ele>424.1</ele>
        <time>2026-09-10T08:06:23.000Z</time>
      </trkpt>
      <trkpt lat="49.9476334" lon="11.6139273">
        <ele>426</ele>
        <time>2026-09-10T08:06:44.000Z</time>
      </trkpt>
      <trkpt lat="49.9475325" lon="11.6144653">
        <ele>428.4</ele>
        <time>2026-09-10T08:07:05.000Z</time>
      </trkpt>
      <trkpt lat="49.9474388" lon="11.6150097">
        <ele>429.9</ele>
        <time>2026-09-10T08:07:25.000Z</time>
      </trkpt>
      <trkpt lat="49.9474498" lon="11.6150806">
        <ele>433.3</ele>
        <time>2026-09-10T08:07:47.000Z</time>
      </trkpt>
      <trkpt lat="49.9474516" lon="11.6150693">
        <ele>432.9</ele>
        <time>2026-09-10T08:08:07.000Z</time>
      </trkpt>
      <trkpt lat="49.9474494" lon="11.6150734">
        <ele>430.1</ele>
        <time>2026-09-10T08:08:28.000Z</time>
      </trkpt>
      <trkpt lat="49.947446" lon="11.6150872">
        <ele>431.1</ele>
        <time>2026-09-10T08:08:49.000Z</time>
      </trkpt>
      <trkpt lat="49.947353" lon="11.6163397">
        <ele>425.2</ele>
        <time>2026-09-10T08:09:10.000Z</time>
      </trkpt>
      <trkpt lat="49.9471798" lon="11.6183351">
        <ele>422.3</ele>
        <time>2026-09-10T08:09:31.000Z</time>
      </trkpt>
      <trkpt lat="49.947297" lon="11.6194764">
        <ele>427</ele>
        <time>2026-09-10T08:09:52.000Z</time>
      </trkpt>
      <trkpt lat="49.9473887" lon="11.6200533">
        <ele>432.1</ele>
        <time>2026-09-10T08:10:12.000Z</time>
      </trkpt>
      <trkpt lat="49.947465" lon="11.6206089">
        <ele>433.5</ele>
        <time>2026-09-10T08:10:33.000Z</time>
      </trkpt>
      <trkpt lat="49.9475977" lon="11.6212077">
        <ele>436.3</ele>
        <time>2026-09-10T08:10:54.000Z</time>
      </trkpt>
      <trkpt lat="49.9476803" lon="11.6217635">
        <ele>435.9</ele>
        <time>2026-09-10T08:11:15.000Z</time>
      </trkpt>
      <trkpt lat="49.9478238" lon="11.6227207">
        <ele>433.6</ele>
        <time>2026-09-10T08:11:36.000Z</time>
      </trkpt>
      <trkpt lat="49.9479542" lon="11.623677">
        <ele>432.8</ele>
        <time>2026-09-10T08:11:57.000Z</time>
      </trkpt>
      <trkpt lat="49.9480717" lon="11.6244773">
        <ele>430</ele>
        <time>2026-09-10T08:12:18.000Z</time>
      </trkpt>
      <trkpt lat="49.9481695" lon="11.6250117">
        <ele>428.1</ele>
        <time>2026-09-10T08:12:39.000Z</time>
      </trkpt>
      <trkpt lat="49.9481553" lon="11.6250246">
        <ele>427.8</ele>
        <time>2026-09-10T08:13:00.000Z</time>
      </trkpt>
      <trkpt lat="49.9481562" lon="11.625037">
        <ele>428.1</ele>
        <time>2026-09-10T08:13:21.000Z</time>
      </trkpt>
      <trkpt lat="49.948168" lon="11.6250486">
        <ele>429.4</ele>
        <time>2026-09-10T08:13:41.000Z</time>
      </trkpt>
      <trkpt lat="49.9481648" lon="11.6250579">
        <ele>428.7</ele>
        <time>2026-09-10T08:14:02.000Z</time>
      </trkpt>
      <trkpt lat="49.9481678" lon="11.6250781">
        <ele>430.6</ele>
        <time>2026-09-10T08:14:22.000Z</time>
      </trkpt>
      <trkpt lat="49.9481676" lon="11.6250799">
        <ele>430.6</ele>
        <time>2026-09-10T08:14:44.000Z</time>
      </trkpt>
      <trkpt lat="49.9481678" lon="11.6250805">
        <ele>430.6</ele>
        <time>2026-09-10T08:15:05.000Z</time>
      </trkpt>
      <trkpt lat="49.9481679" lon="11.6250814">
        <ele>430.7</ele>
        <time>2026-09-10T08:15:26.000Z</time>
      </trkpt>
      <trkpt lat="49.94816" lon="11.6252388">
        <ele>429.1</ele>
        <time>2026-09-10T08:15:47.000Z</time>
      </trkpt>
      <trkpt lat="49.9483255" lon="11.6262276">
        <ele>427.9</ele>
        <time>2026-09-10T08:16:07.000Z</time>
      </trkpt>
      <trkpt lat="49.9489028" lon="11.6262674">
        <ele>430.6</ele>
        <time>2026-09-10T08:16:29.000Z</time>
      </trkpt>
      <trkpt lat="49.9491892" lon="11.6261572">
        <ele>435.1</ele>
        <time>2026-09-10T08:16:50.000Z</time>
      </trkpt>
      <trkpt lat="49.9492296" lon="11.6258394">
        <ele>437.1</ele>
        <time>2026-09-10T08:17:10.000Z</time>
      </trkpt>
      <trkpt lat="49.9492476" lon="11.6258299">
        <ele>436.2</ele>
        <time>2026-09-10T08:17:32.000Z</time>
      </trkpt>
      <trkpt lat="49.949245" lon="11.6258132">
        <ele>435.3</ele>
        <time>2026-09-10T08:17:53.000Z</time>
      </trkpt>
      <trkpt lat="49.9492593" lon="11.6256592">
        <ele>434.6</ele>
        <time>2026-09-10T08:18:14.000Z</time>
      </trkpt>
      <trkpt lat="49.9492679" lon="11.6256494">
        <ele>433.3</ele>
        <time>2026-09-10T08:18:35.000Z</time>
      </trkpt>
      <trkpt lat="49.9492362" lon="11.625524">
        <ele>430.4</ele>
        <time>2026-09-10T08:18:56.000Z</time>
      </trkpt>
      <trkpt lat="49.9491943" lon="11.6249443">
        <ele>431.9</ele>
        <time>2026-09-10T08:19:16.000Z</time>
      </trkpt>
      <trkpt lat="49.9493313" lon="11.6247028">
        <ele>432.4</ele>
        <time>2026-09-10T08:19:37.000Z</time>
      </trkpt>
      <trkpt lat="49.9494914" lon="11.6246633">
        <ele>434.1</ele>
        <time>2026-09-10T08:19:58.000Z</time>
      </trkpt>
      <trkpt lat="49.9497495" lon="11.6246942">
        <ele>435.1</ele>
        <time>2026-09-10T08:20:18.000Z</time>
      </trkpt>
      <trkpt lat="49.9497529" lon="11.6247372">
        <ele>432.2</ele>
        <time>2026-09-10T08:20:40.000Z</time>
      </trkpt>
      <trkpt lat="49.9497812" lon="11.6247227">
        <ele>432.1</ele>
        <time>2026-09-10T08:21:01.000Z</time>
      </trkpt>
      <trkpt lat="49.9497963" lon="11.6247225">
        <ele>431.8</ele>
        <time>2026-09-10T08:21:21.000Z</time>
      </trkpt>
      <trkpt lat="49.9497827" lon="11.6247431">
        <ele>432</ele>
        <time>2026-09-10T08:21:42.000Z</time>
      </trkpt>
      <trkpt lat="49.9497273" lon="11.6247622">
        <ele>432.1</ele>
        <time>2026-09-10T08:22:03.000Z</time>
      </trkpt>
      <trkpt lat="49.9497312" lon="11.624739">
        <ele>431.2</ele>
        <time>2026-09-10T08:22:24.000Z</time>
      </trkpt>
      <trkpt lat="49.9497423" lon="11.6247268">
        <ele>428.3</ele>
        <time>2026-09-10T08:22:45.000Z</time>
      </trkpt>
      <trkpt lat="49.9497442" lon="11.6247264">
        <ele>430.3</ele>
        <time>2026-09-10T08:23:06.000Z</time>
      </trkpt>
      <trkpt lat="49.9497589" lon="11.6247313">
        <ele>432.6</ele>
        <time>2026-09-10T08:23:27.000Z</time>
      </trkpt>
      <trkpt lat="49.9497583" lon="11.6247314">
        <ele>432.6</ele>
        <time>2026-09-10T08:23:48.000Z</time>
      </trkpt>
      <trkpt lat="49.9496827" lon="11.6246568">
        <ele>431.9</ele>
        <time>2026-09-10T08:24:09.000Z</time>
      </trkpt>
      <trkpt lat="49.9492315" lon="11.6246989">
        <ele>432.2</ele>
        <time>2026-09-10T08:24:30.000Z</time>
      </trkpt>
      <trkpt lat="49.9491523" lon="11.6237392">
        <ele>425.6</ele>
        <time>2026-09-10T08:24:51.000Z</time>
      </trkpt>
      <trkpt lat="49.9490821" lon="11.6234195">
        <ele>423.9</ele>
        <time>2026-09-10T08:25:12.000Z</time>
      </trkpt>
      <trkpt lat="49.9490947" lon="11.6234372">
        <ele>429.8</ele>
        <time>2026-09-10T08:25:33.000Z</time>
      </trkpt>
      <trkpt lat="49.9490831" lon="11.6234604">
        <ele>435.1</ele>
        <time>2026-09-10T08:25:54.000Z</time>
      </trkpt>
      <trkpt lat="49.9490712" lon="11.6234673">
        <ele>436.3</ele>
        <time>2026-09-10T08:26:15.000Z</time>
      </trkpt>
      <trkpt lat="49.9490548" lon="11.6235281">
        <ele>440</ele>
        <time>2026-09-10T08:26:35.000Z</time>
      </trkpt>
      <trkpt lat="49.9490582" lon="11.6235379">
        <ele>440.9</ele>
        <time>2026-09-10T08:26:57.000Z</time>
      </trkpt>
      <trkpt lat="49.9491367" lon="11.6233627">
        <ele>438.7</ele>
        <time>2026-09-10T08:27:18.000Z</time>
      </trkpt>
      <trkpt lat="49.9490938" lon="11.622045">
        <ele>430.8</ele>
        <time>2026-09-10T08:27:39.000Z</time>
      </trkpt>
      <trkpt lat="49.9494229" lon="11.6215708">
        <ele>418.9</ele>
        <time>2026-09-10T08:28:00.000Z</time>
      </trkpt>
      <trkpt lat="49.9497522" lon="11.6215995">
        <ele>415.7</ele>
        <time>2026-09-10T08:28:21.000Z</time>
      </trkpt>
      <trkpt lat="49.9498039" lon="11.6215356">
        <ele>417.8</ele>
        <time>2026-09-10T08:28:41.000Z</time>
      </trkpt>
      <trkpt lat="49.949759" lon="11.6215077">
        <ele>410.8</ele>
        <time>2026-09-10T08:29:02.000Z</time>
      </trkpt>
      <trkpt lat="49.9497449" lon="11.6215025">
        <ele>412.5</ele>
        <time>2026-09-10T08:29:23.000Z</time>
      </trkpt>
      <trkpt lat="49.9497518" lon="11.6215165">
        <ele>417.5</ele>
        <time>2026-09-10T08:29:44.000Z</time>
      </trkpt>
      <trkpt lat="49.9497453" lon="11.6214999">
        <ele>420.1</ele>
        <time>2026-09-10T08:30:05.000Z</time>
      </trkpt>
      <trkpt lat="49.9497745" lon="11.6215734">
        <ele>418</ele>
        <time>2026-09-10T08:30:26.000Z</time>
      </trkpt>
      <trkpt lat="49.9497667" lon="11.6215934">
        <ele>413</ele>
        <time>2026-09-10T08:30:46.000Z</time>
      </trkpt>
      <trkpt lat="49.9497461" lon="11.6215934">
        <ele>409.4</ele>
        <time>2026-09-10T08:31:07.000Z</time>
      </trkpt>
      <trkpt lat="49.949739" lon="11.6215845">
        <ele>408.5</ele>
        <time>2026-09-10T08:31:27.000Z</time>
      </trkpt>
      <trkpt lat="49.9497631" lon="11.6216012">
        <ele>411</ele>
        <time>2026-09-10T08:31:48.000Z</time>
      </trkpt>
      <trkpt lat="49.949763" lon="11.6216">
        <ele>410.9</ele>
        <time>2026-09-10T08:32:09.000Z</time>
      </trkpt>
      <trkpt lat="49.9497877" lon="11.621598">
        <ele>416.5</ele>
        <time>2026-09-10T08:32:30.000Z</time>
      </trkpt>
      <trkpt lat="49.9497734" lon="11.6216309">
        <ele>418.5</ele>
        <time>2026-09-10T08:32:51.000Z</time>
      </trkpt>
      <trkpt lat="49.9497924" lon="11.6216209">
        <ele>420.1</ele>
        <time>2026-09-10T08:33:12.000Z</time>
      </trkpt>
      <trkpt lat="49.9497977" lon="11.6215999">
        <ele>418.5</ele>
        <time>2026-09-10T08:33:32.000Z</time>
      </trkpt>
      <trkpt lat="49.9496083" lon="11.6215507">
        <ele>418.3</ele>
        <time>2026-09-10T08:33:53.000Z</time>
      </trkpt>
      <trkpt lat="49.9494437" lon="11.6214925">
        <ele>420.7</ele>
        <time>2026-09-10T08:34:14.000Z</time>
      </trkpt>
      <trkpt lat="49.9493051" lon="11.6212639">
        <ele>420.1</ele>
        <time>2026-09-10T08:34:35.000Z</time>
      </trkpt>
      <trkpt lat="49.9490001" lon="11.6208313">
        <ele>421.5</ele>
        <time>2026-09-10T08:34:56.000Z</time>
      </trkpt>
      <trkpt lat="49.9488629" lon="11.6207058">
        <ele>417.9</ele>
        <time>2026-09-10T08:35:17.000Z</time>
      </trkpt>
      <trkpt lat="49.9488776" lon="11.6206919">
        <ele>420.6</ele>
        <time>2026-09-10T08:35:38.000Z</time>
      </trkpt>
      <trkpt lat="49.9488518" lon="11.6206376">
        <ele>423.8</ele>
        <time>2026-09-10T08:35:58.000Z</time>
      </trkpt>
      <trkpt lat="49.9487025" lon="11.6199104">
        <ele>425.5</ele>
        <time>2026-09-10T08:36:19.000Z</time>
      </trkpt>
      <trkpt lat="49.9483956" lon="11.6196775">
        <ele>425.5</ele>
        <time>2026-09-10T08:36:40.000Z</time>
      </trkpt>
      <trkpt lat="49.9480608" lon="11.619695">
        <ele>427.7</ele>
        <time>2026-09-10T08:37:01.000Z</time>
      </trkpt>
      <trkpt lat="49.9475659" lon="11.6198679">
        <ele>429.9</ele>
        <time>2026-09-10T08:37:22.000Z</time>
      </trkpt>
      <trkpt lat="49.9473809" lon="11.6198958">
        <ele>432.2</ele>
        <time>2026-09-10T08:37:43.000Z</time>
      </trkpt>
      <trkpt lat="49.9473765" lon="11.6199102">
        <ele>434.3</ele>
        <time>2026-09-10T08:38:03.000Z</time>
      </trkpt>
      <trkpt lat="49.947371" lon="11.6199001">
        <ele>434.6</ele>
        <time>2026-09-10T08:38:24.000Z</time>
      </trkpt>
      <trkpt lat="49.9473611" lon="11.619889">
        <ele>434</ele>
        <time>2026-09-10T08:38:44.000Z</time>
      </trkpt>
      <trkpt lat="49.947337" lon="11.61988">
        <ele>433.1</ele>
        <time>2026-09-10T08:39:05.000Z</time>
      </trkpt>
      <trkpt lat="49.9473595" lon="11.6199189">
        <ele>429.7</ele>
        <time>2026-09-10T08:39:26.000Z</time>
      </trkpt>
      <trkpt lat="49.9473604" lon="11.6199159">
        <ele>426.2</ele>
        <time>2026-09-10T08:39:46.000Z</time>
      </trkpt>
      <trkpt lat="49.9473835" lon="11.6198987">
        <ele>426.4</ele>
        <time>2026-09-10T08:40:07.000Z</time>
      </trkpt>
      <trkpt lat="49.9473747" lon="11.6198989">
        <ele>427.8</ele>
        <time>2026-09-10T08:40:28.000Z</time>
      </trkpt>
      <trkpt lat="49.9473647" lon="11.6199041">
        <ele>427.4</ele>
        <time>2026-09-10T08:40:49.000Z</time>
      </trkpt>
      <trkpt lat="49.9473636" lon="11.6199083">
        <ele>427.1</ele>
        <time>2026-09-10T08:41:10.000Z</time>
      </trkpt>
      <trkpt lat="49.9473621" lon="11.6199265">
        <ele>426.3</ele>
        <time>2026-09-10T08:41:31.000Z</time>
      </trkpt>
      <trkpt lat="49.9473558" lon="11.6199142">
        <ele>424.1</ele>
        <time>2026-09-10T08:41:52.000Z</time>
      </trkpt>
      <trkpt lat="49.9473533" lon="11.6199124">
        <ele>424.4</ele>
        <time>2026-09-10T08:42:13.000Z</time>
      </trkpt>
      <trkpt lat="49.9473478" lon="11.6199208">
        <ele>427.1</ele>
        <time>2026-09-10T08:42:34.000Z</time>
      </trkpt>
      <trkpt lat="49.9473581" lon="11.6199152">
        <ele>429.3</ele>
        <time>2026-09-10T08:42:55.000Z</time>
      </trkpt>
      <trkpt lat="49.9473491" lon="11.6199194">
        <ele>432.1</ele>
        <time>2026-09-10T08:43:15.000Z</time>
      </trkpt>
      <trkpt lat="49.9473488" lon="11.6199113">
        <ele>433.5</ele>
        <time>2026-09-10T08:43:36.000Z</time>
      </trkpt>
      <trkpt lat="49.9473467" lon="11.6199113">
        <ele>434.1</ele>
        <time>2026-09-10T08:43:57.000Z</time>
      </trkpt>
      <trkpt lat="49.9473611" lon="11.619899">
        <ele>434</ele>
        <time>2026-09-10T08:44:18.000Z</time>
      </trkpt>
      <trkpt lat="49.9473697" lon="11.6198899">
        <ele>434.1</ele>
        <time>2026-09-10T08:44:39.000Z</time>
      </trkpt>
      <trkpt lat="49.9473673" lon="11.6198837">
        <ele>433.2</ele>
        <time>2026-09-10T08:45:00.000Z</time>
      </trkpt>
      <trkpt lat="49.9473207" lon="11.6198596">
        <ele>434.5</ele>
        <time>2026-09-10T08:45:20.000Z</time>
      </trkpt>
      <trkpt lat="49.9471909" lon="11.6183477">
        <ele>427.1</ele>
        <time>2026-09-10T08:45:42.000Z</time>
      </trkpt>
      <trkpt lat="49.9474254" lon="11.6170706">
        <ele>421.4</ele>
        <time>2026-09-10T08:46:03.000Z</time>
      </trkpt>
      <trkpt lat="49.9483665" lon="11.6167173">
        <ele>413.7</ele>
        <time>2026-09-10T08:46:24.000Z</time>
      </trkpt>
      <trkpt lat="49.9490799" lon="11.616454">
        <ele>410.7</ele>
        <time>2026-09-10T08:46:44.000Z</time>
      </trkpt>
      <trkpt lat="49.9494061" lon="11.6158287">
        <ele>405.8</ele>
        <time>2026-09-10T08:47:05.000Z</time>
      </trkpt>
      <trkpt lat="49.9499582" lon="11.6157225">
        <ele>403.5</ele>
        <time>2026-09-10T08:47:25.000Z</time>
      </trkpt>
      <trkpt lat="49.9512874" lon="11.6155658">
        <ele>395.5</ele>
        <time>2026-09-10T08:47:46.000Z</time>
      </trkpt>
      <trkpt lat="49.9527851" lon="11.6156761">
        <ele>395.3</ele>
        <time>2026-09-10T08:48:06.000Z</time>
      </trkpt>
      <trkpt lat="49.9535755" lon="11.6160331">
        <ele>395.5</ele>
        <time>2026-09-10T08:48:27.000Z</time>
      </trkpt>
      <trkpt lat="49.9541106" lon="11.6156999">
        <ele>395</ele>
        <time>2026-09-10T08:48:48.000Z</time>
      </trkpt>
      <trkpt lat="49.9549796" lon="11.6149732">
        <ele>394.6</ele>
        <time>2026-09-10T08:49:09.000Z</time>
      </trkpt>
      <trkpt lat="49.9556885" lon="11.6142978">
        <ele>394.8</ele>
        <time>2026-09-10T08:49:30.000Z</time>
      </trkpt>
      <trkpt lat="49.9557484" lon="11.6142707">
        <ele>395.9</ele>
        <time>2026-09-10T08:49:51.000Z</time>
      </trkpt>
      <trkpt lat="49.955642" lon="11.613911">
        <ele>397.1</ele>
        <time>2026-09-10T08:50:11.000Z</time>
      </trkpt>
      <trkpt lat="49.9556199" lon="11.6133886">
        <ele>397.7</ele>
        <time>2026-09-10T08:50:33.000Z</time>
      </trkpt>
      <trkpt lat="49.9556329" lon="11.613381">
        <ele>398.7</ele>
        <time>2026-09-10T08:50:54.000Z</time>
      </trkpt>
      <trkpt lat="49.9556256" lon="11.6133789">
        <ele>398.2</ele>
        <time>2026-09-10T08:51:15.000Z</time>
      </trkpt>
      <trkpt lat="49.95566" lon="11.6133995">
        <ele>394.9</ele>
        <time>2026-09-10T08:51:36.000Z</time>
      </trkpt>
      <trkpt lat="49.9558868" lon="11.6143251">
        <ele>395.7</ele>
        <time>2026-09-10T08:51:57.000Z</time>
      </trkpt>
      <trkpt lat="49.9565098" lon="11.6150018">
        <ele>399.3</ele>
        <time>2026-09-10T08:52:18.000Z</time>
      </trkpt>
      <trkpt lat="49.957185" lon="11.6151445">
        <ele>402.1</ele>
        <time>2026-09-10T08:52:39.000Z</time>
      </trkpt>
      <trkpt lat="49.9578266" lon="11.6152294">
        <ele>403.4</ele>
        <time>2026-09-10T08:53:00.000Z</time>
      </trkpt>
      <trkpt lat="49.9583248" lon="11.6152599">
        <ele>409.7</ele>
        <time>2026-09-10T08:53:21.000Z</time>
      </trkpt>
      <trkpt lat="49.9586893" lon="11.6151784">
        <ele>412.1</ele>
        <time>2026-09-10T08:53:42.000Z</time>
      </trkpt>
      <trkpt lat="49.9589438" lon="11.6149839">
        <ele>414.8</ele>
        <time>2026-09-10T08:54:03.000Z</time>
      </trkpt>
      <trkpt lat="49.9591218" lon="11.6152591">
        <ele>414.7</ele>
        <time>2026-09-10T08:54:24.000Z</time>
      </trkpt>
      <trkpt lat="49.9593781" lon="11.6164004">
        <ele>413.3</ele>
        <time>2026-09-10T08:54:45.000Z</time>
      </trkpt>
      <trkpt lat="49.9598748" lon="11.6174534">
        <ele>414.1</ele>
        <time>2026-09-10T08:55:05.000Z</time>
      </trkpt>
      <trkpt lat="49.9604014" lon="11.6182343">
        <ele>416.2</ele>
        <time>2026-09-10T08:55:26.000Z</time>
      </trkpt>
      <trkpt lat="49.9607053" lon="11.6191929">
        <ele>414.9</ele>
        <time>2026-09-10T08:55:47.000Z</time>
      </trkpt>
      <trkpt lat="49.9609519" lon="11.6202995">
        <ele>415.6</ele>
        <time>2026-09-10T08:56:08.000Z</time>
      </trkpt>
      <trkpt lat="49.9614981" lon="11.6206485">
        <ele>420.8</ele>
        <time>2026-09-10T08:56:29.000Z</time>
      </trkpt>
      <trkpt lat="49.962154" lon="11.6208758">
        <ele>419.2</ele>
        <time>2026-09-10T08:56:50.000Z</time>
      </trkpt>
      <trkpt lat="49.9625139" lon="11.6219505">
        <ele>420.3</ele>
        <time>2026-09-10T08:57:10.000Z</time>
      </trkpt>
      <trkpt lat="49.9623069" lon="11.6234349">
        <ele>419.4</ele>
        <time>2026-09-10T08:57:32.000Z</time>
      </trkpt>
      <trkpt lat="49.9625976" lon="11.6239943">
        <ele>423</ele>
        <time>2026-09-10T08:57:53.000Z</time>
      </trkpt>
      <trkpt lat="49.9627958" lon="11.6235646">
        <ele>423.5</ele>
        <time>2026-09-10T08:58:14.000Z</time>
      </trkpt>
      <trkpt lat="49.9626854" lon="11.623475">
        <ele>425.8</ele>
        <time>2026-09-10T08:58:35.000Z</time>
      </trkpt>
      <trkpt lat="49.9626945" lon="11.6234922">
        <ele>427.1</ele>
        <time>2026-09-10T08:58:55.000Z</time>
      </trkpt>
      <trkpt lat="49.9627066" lon="11.6234558">
        <ele>426.5</ele>
        <time>2026-09-10T08:59:17.000Z</time>
      </trkpt>
      <trkpt lat="49.9627889" lon="11.6234475">
        <ele>425.9</ele>
        <time>2026-09-10T08:59:38.000Z</time>
      </trkpt>
      <trkpt lat="49.9628637" lon="11.6235336">
        <ele>423.2</ele>
        <time>2026-09-10T08:59:59.000Z</time>
      </trkpt>
      <trkpt lat="49.962866" lon="11.6235341">
        <ele>423.6</ele>
        <time>2026-09-10T09:00:19.000Z</time>
      </trkpt>
      <trkpt lat="49.9628643" lon="11.6235327">
        <ele>423.5</ele>
        <time>2026-09-10T09:00:40.000Z</time>
      </trkpt>
      <trkpt lat="49.9628095" lon="11.6235527">
        <ele>423.5</ele>
        <time>2026-09-10T09:01:00.000Z</time>
      </trkpt>
      <trkpt lat="49.9628637" lon="11.6235326">
        <ele>423.5</ele>
        <time>2026-09-10T09:02:11.000Z</time>
      </trkpt>
      <trkpt lat="49.9627619" lon="11.6234746">
        <ele>419.8</ele>
        <time>2026-09-10T09:02:31.000Z</time>
      </trkpt>
      <trkpt lat="49.9622721" lon="11.6233716">
        <ele>412.7</ele>
        <time>2026-09-10T09:05:39.000Z</time>
      </trkpt>
      <trkpt lat="49.962719" lon="11.6233771">
        <ele>413.9</ele>
        <time>2026-09-10T09:06:00.000Z</time>
      </trkpt>
      <trkpt lat="49.9629345" lon="11.6232824">
        <ele>408.6</ele>
        <time>2026-09-10T09:06:22.000Z</time>
      </trkpt>
      <trkpt lat="49.9629926" lon="11.6229531">
        <ele>415.4</ele>
        <time>2026-09-10T09:08:43.000Z</time>
      </trkpt>
      <trkpt lat="49.9629385" lon="11.6228279">
        <ele>408.5</ele>
        <time>2026-09-10T09:09:03.000Z</time>
      </trkpt>
      <trkpt lat="49.9628948" lon="11.6229009">
        <ele>411.3</ele>
        <time>2026-09-10T09:09:23.000Z</time>
      </trkpt>
      <trkpt lat="49.9628402" lon="11.6228947">
        <ele>407</ele>
        <time>2026-09-10T09:09:44.000Z</time>
      </trkpt>
      <trkpt lat="49.9628289" lon="11.622918">
        <ele>406.5</ele>
        <time>2026-09-10T09:10:04.000Z</time>
      </trkpt>
      <trkpt lat="49.9627968" lon="11.6229721">
        <ele>406.5</ele>
        <time>2026-09-10T09:10:25.000Z</time>
      </trkpt>
      <trkpt lat="49.962832" lon="11.6229115">
        <ele>406.5</ele>
        <time>2026-09-10T09:11:03.000Z</time>
      </trkpt>
      <trkpt lat="49.9628317" lon="11.6229332">
        <ele>406.6</ele>
        <time>2026-09-10T09:11:24.000Z</time>
      </trkpt>
      <trkpt lat="49.962847" lon="11.6229465">
        <ele>408</ele>
        <time>2026-09-10T09:11:44.000Z</time>
      </trkpt>
      <trkpt lat="49.9628476" lon="11.6229576">
        <ele>408</ele>
        <time>2026-09-10T09:12:04.000Z</time>
      </trkpt>
      <trkpt lat="49.9628372" lon="11.6229691">
        <ele>407.9</ele>
        <time>2026-09-10T09:12:25.000Z</time>
      </trkpt>
      <trkpt lat="49.9628586" lon="11.6230358">
        <ele>408.1</ele>
        <time>2026-09-10T09:12:45.000Z</time>
      </trkpt>
      <trkpt lat="49.9628964" lon="11.6232873">
        <ele>423.8</ele>
        <time>2026-09-10T09:17:52.000Z</time>
      </trkpt>
      <trkpt lat="49.9627777" lon="11.6234166">
        <ele>414.4</ele>
        <time>2026-09-10T09:18:13.000Z</time>
      </trkpt>
      <trkpt lat="49.9627347" lon="11.6234505">
        <ele>417.5</ele>
        <time>2026-09-10T09:18:33.000Z</time>
      </trkpt>
      <trkpt lat="49.9627317" lon="11.6234523">
        <ele>417.6</ele>
        <time>2026-09-10T09:18:54.000Z</time>
      </trkpt>
      <trkpt lat="49.9627307" lon="11.6234549">
        <ele>417.7</ele>
        <time>2026-09-10T09:19:15.000Z</time>
      </trkpt>
      <trkpt lat="49.9627288" lon="11.6234523">
        <ele>417.9</ele>
        <time>2026-09-10T09:19:35.000Z</time>
      </trkpt>
      <trkpt lat="49.9627169" lon="11.6234513">
        <ele>420.7</ele>
        <time>2026-09-10T09:19:55.000Z</time>
      </trkpt>
      <trkpt lat="49.9627793" lon="11.6235342">
        <ele>451.6</ele>
        <time>2026-09-10T09:20:54.000Z</time>
      </trkpt>
      <trkpt lat="49.9626911" lon="11.6234581">
        <ele>421.9</ele>
        <time>2026-09-10T09:21:15.000Z</time>
      </trkpt>
      <trkpt lat="49.9626863" lon="11.6234794">
        <ele>422.7</ele>
        <time>2026-09-10T09:21:35.000Z</time>
      </trkpt>
      <trkpt lat="49.962691" lon="11.6235092">
        <ele>422.4</ele>
        <time>2026-09-10T09:21:55.000Z</time>
      </trkpt>
      <trkpt lat="49.962692" lon="11.6234927">
        <ele>425.4</ele>
        <time>2026-09-10T09:22:16.000Z</time>
      </trkpt>
      <trkpt lat="49.9626896" lon="11.623481">
        <ele>424.2</ele>
        <time>2026-09-10T09:22:36.000Z</time>
      </trkpt>
      <trkpt lat="49.9626903" lon="11.6235002">
        <ele>423.6</ele>
        <time>2026-09-10T09:22:56.000Z</time>
      </trkpt>
      <trkpt lat="49.9626891" lon="11.6235062">
        <ele>423.2</ele>
        <time>2026-09-10T09:23:17.000Z</time>
      </trkpt>
      <trkpt lat="49.9626627" lon="11.6235038">
        <ele>424.4</ele>
        <time>2026-09-10T09:23:37.000Z</time>
      </trkpt>
      <trkpt lat="49.9626664" lon="11.6234765">
        <ele>423.2</ele>
        <time>2026-09-10T09:23:58.000Z</time>
      </trkpt>
      <trkpt lat="49.9626817" lon="11.6234747">
        <ele>423.2</ele>
        <time>2026-09-10T09:24:19.000Z</time>
      </trkpt>
      <trkpt lat="49.9626965" lon="11.6234911">
        <ele>423</ele>
        <time>2026-09-10T09:24:40.000Z</time>
      </trkpt>
      <trkpt lat="49.9626914" lon="11.623514">
        <ele>422</ele>
        <time>2026-09-10T09:25:01.000Z</time>
      </trkpt>
      <trkpt lat="49.9627507" lon="11.6236182">
        <ele>421.1</ele>
        <time>2026-09-10T09:25:21.000Z</time>
      </trkpt>
      <trkpt lat="49.9628355" lon="11.6239494">
        <ele>421.2</ele>
        <time>2026-09-10T09:25:42.000Z</time>
      </trkpt>
      <trkpt lat="49.9631486" lon="11.6245074">
        <ele>423.2</ele>
        <time>2026-09-10T09:26:03.000Z</time>
      </trkpt>
      <trkpt lat="49.9637102" lon="11.6248551">
        <ele>423.9</ele>
        <time>2026-09-10T09:26:24.000Z</time>
      </trkpt>
      <trkpt lat="49.9644694" lon="11.6253707">
        <ele>425.8</ele>
        <time>2026-09-10T09:26:45.000Z</time>
      </trkpt>
      <trkpt lat="49.9652705" lon="11.6257177">
        <ele>429.5</ele>
        <time>2026-09-10T09:27:06.000Z</time>
      </trkpt>
      <trkpt lat="49.9659786" lon="11.6260424">
        <ele>431.3</ele>
        <time>2026-09-10T09:27:26.000Z</time>
      </trkpt>
      <trkpt lat="49.9667137" lon="11.6263976">
        <ele>433.6</ele>
        <time>2026-09-10T09:27:48.000Z</time>
      </trkpt>
      <trkpt lat="49.9675071" lon="11.6269423">
        <ele>434.9</ele>
        <time>2026-09-10T09:28:09.000Z</time>
      </trkpt>
      <trkpt lat="49.9684012" lon="11.6274534">
        <ele>435.7</ele>
        <time>2026-09-10T09:28:30.000Z</time>
      </trkpt>
      <trkpt lat="49.9693345" lon="11.6278382">
        <ele>437.3</ele>
        <time>2026-09-10T09:28:51.000Z</time>
      </trkpt>
      <trkpt lat="49.9701182" lon="11.6283525">
        <ele>438.1</ele>
        <time>2026-09-10T09:29:12.000Z</time>
      </trkpt>
      <trkpt lat="49.9708015" lon="11.6289745">
        <ele>442.7</ele>
        <time>2026-09-10T09:29:33.000Z</time>
      </trkpt>
      <trkpt lat="49.9713904" lon="11.6295686">
        <ele>443.8</ele>
        <time>2026-09-10T09:29:53.000Z</time>
      </trkpt>
      <trkpt lat="49.9719169" lon="11.6301187">
        <ele>446.7</ele>
        <time>2026-09-10T09:30:14.000Z</time>
      </trkpt>
      <trkpt lat="49.9724413" lon="11.6306583">
        <ele>449</ele>
        <time>2026-09-10T09:30:35.000Z</time>
      </trkpt>
      <trkpt lat="49.9729359" lon="11.6312781">
        <ele>451.1</ele>
        <time>2026-09-10T09:30:56.000Z</time>
      </trkpt>
      <trkpt lat="49.9733793" lon="11.6320108">
        <ele>451.8</ele>
        <time>2026-09-10T09:31:17.000Z</time>
      </trkpt>
      <trkpt lat="49.9737863" lon="11.6327901">
        <ele>453.2</ele>
        <time>2026-09-10T09:31:38.000Z</time>
      </trkpt>
      <trkpt lat="49.9742514" lon="11.6336199">
        <ele>453.6</ele>
        <time>2026-09-10T09:31:59.000Z</time>
      </trkpt>
      <trkpt lat="49.9747503" lon="11.6345213">
        <ele>453.2</ele>
        <time>2026-09-10T09:32:19.000Z</time>
      </trkpt>
      <trkpt lat="49.9752843" lon="11.6355611">
        <ele>454.8</ele>
        <time>2026-09-10T09:32:40.000Z</time>
      </trkpt>
      <trkpt lat="49.9757926" lon="11.6365566">
        <ele>456.4</ele>
        <time>2026-09-10T09:33:01.000Z</time>
      </trkpt>
      <trkpt lat="49.9765343" lon="11.6372379">
        <ele>458.9</ele>
        <time>2026-09-10T09:33:22.000Z</time>
      </trkpt>
      <trkpt lat="49.9773236" lon="11.6375332">
        <ele>458.5</ele>
        <time>2026-09-10T09:33:43.000Z</time>
      </trkpt>
      <trkpt lat="49.9778685" lon="11.6378357">
        <ele>462.1</ele>
        <time>2026-09-10T09:34:03.000Z</time>
      </trkpt>
      <trkpt lat="49.9784189" lon="11.6380191">
        <ele>463.8</ele>
        <time>2026-09-10T09:34:24.000Z</time>
      </trkpt>
      <trkpt lat="49.9790866" lon="11.6382014">
        <ele>468.1</ele>
        <time>2026-09-10T09:34:45.000Z</time>
      </trkpt>
      <trkpt lat="49.9796238" lon="11.6385621">
        <ele>472.8</ele>
        <time>2026-09-10T09:35:06.000Z</time>
      </trkpt>
      <trkpt lat="49.9800349" lon="11.6388655">
        <ele>476.2</ele>
        <time>2026-09-10T09:35:26.000Z</time>
      </trkpt>
      <trkpt lat="49.9803652" lon="11.6391846">
        <ele>477.4</ele>
        <time>2026-09-10T09:35:47.000Z</time>
      </trkpt>
      <trkpt lat="49.9807402" lon="11.6395661">
        <ele>479.3</ele>
        <time>2026-09-10T09:36:08.000Z</time>
      </trkpt>
      <trkpt lat="49.9811549" lon="11.640059">
        <ele>483.6</ele>
        <time>2026-09-10T09:36:29.000Z</time>
      </trkpt>
      <trkpt lat="49.9814955" lon="11.6405429">
        <ele>486.7</ele>
        <time>2026-09-10T09:36:50.000Z</time>
      </trkpt>
      <trkpt lat="49.9818442" lon="11.6411043">
        <ele>491.5</ele>
        <time>2026-09-10T09:37:10.000Z</time>
      </trkpt>
      <trkpt lat="49.9821612" lon="11.6416339">
        <ele>494.5</ele>
        <time>2026-09-10T09:37:31.000Z</time>
      </trkpt>
      <trkpt lat="49.9824481" lon="11.6421492">
        <ele>496.6</ele>
        <time>2026-09-10T09:37:51.000Z</time>
      </trkpt>
      <trkpt lat="49.9826982" lon="11.6426638">
        <ele>500</ele>
        <time>2026-09-10T09:38:13.000Z</time>
      </trkpt>
      <trkpt lat="49.9829313" lon="11.6431631">
        <ele>503.1</ele>
        <time>2026-09-10T09:38:34.000Z</time>
      </trkpt>
      <trkpt lat="49.9831745" lon="11.6436071">
        <ele>505</ele>
        <time>2026-09-10T09:38:55.000Z</time>
      </trkpt>
      <trkpt lat="49.9834657" lon="11.6440631">
        <ele>506.7</ele>
        <time>2026-09-10T09:39:16.000Z</time>
      </trkpt>
      <trkpt lat="49.9837364" lon="11.6445408">
        <ele>509.2</ele>
        <time>2026-09-10T09:39:37.000Z</time>
      </trkpt>
      <trkpt lat="49.9839668" lon="11.6450361">
        <ele>513.7</ele>
        <time>2026-09-10T09:39:58.000Z</time>
      </trkpt>
      <trkpt lat="49.9842082" lon="11.6456784">
        <ele>518.5</ele>
        <time>2026-09-10T09:40:19.000Z</time>
      </trkpt>
      <trkpt lat="49.9843696" lon="11.6463359">
        <ele>521.6</ele>
        <time>2026-09-10T09:40:40.000Z</time>
      </trkpt>
      <trkpt lat="49.9844621" lon="11.646914">
        <ele>523.1</ele>
        <time>2026-09-10T09:41:00.000Z</time>
      </trkpt>
      <trkpt lat="49.9845309" lon="11.6474752">
        <ele>524.8</ele>
        <time>2026-09-10T09:41:22.000Z</time>
      </trkpt>
      <trkpt lat="49.9846221" lon="11.6480928">
        <ele>525.6</ele>
        <time>2026-09-10T09:41:43.000Z</time>
      </trkpt>
      <trkpt lat="49.9847213" lon="11.6487599">
        <ele>527.8</ele>
        <time>2026-09-10T09:42:04.000Z</time>
      </trkpt>
      <trkpt lat="49.9848817" lon="11.6495301">
        <ele>528.9</ele>
        <time>2026-09-10T09:42:24.000Z</time>
      </trkpt>
      <trkpt lat="49.9851912" lon="11.6505147">
        <ele>530.2</ele>
        <time>2026-09-10T09:42:45.000Z</time>
      </trkpt>
      <trkpt lat="49.9857676" lon="11.6518496">
        <ele>526.6</ele>
        <time>2026-09-10T09:43:05.000Z</time>
      </trkpt>
      <trkpt lat="49.9870634" lon="11.6536203">
        <ele>516.6</ele>
        <time>2026-09-10T09:43:26.000Z</time>
      </trkpt>
      <trkpt lat="49.9891425" lon="11.6548194">
        <ele>501.8</ele>
        <time>2026-09-10T09:43:47.000Z</time>
      </trkpt>
      <trkpt lat="49.9912001" lon="11.6555247">
        <ele>485.7</ele>
        <time>2026-09-10T09:44:08.000Z</time>
      </trkpt>
      <trkpt lat="49.9930807" lon="11.6575617">
        <ele>468.3</ele>
        <time>2026-09-10T09:44:28.000Z</time>
      </trkpt>
      <trkpt lat="49.9942821" lon="11.6596703">
        <ele>462.4</ele>
        <time>2026-09-10T09:44:49.000Z</time>
      </trkpt>
      <trkpt lat="49.9953383" lon="11.6611556">
        <ele>460</ele>
        <time>2026-09-10T09:45:10.000Z</time>
      </trkpt>
      <trkpt lat="49.9963262" lon="11.6613181">
        <ele>460</ele>
        <time>2026-09-10T09:45:30.000Z</time>
      </trkpt>
      <trkpt lat="49.9967789" lon="11.6618521">
        <ele>464.9</ele>
        <time>2026-09-10T09:45:52.000Z</time>
      </trkpt>
      <trkpt lat="49.9970788" lon="11.6623593">
        <ele>466.7</ele>
        <time>2026-09-10T09:46:13.000Z</time>
      </trkpt>
      <trkpt lat="49.9974153" lon="11.6628658">
        <ele>470.9</ele>
        <time>2026-09-10T09:46:33.000Z</time>
      </trkpt>
      <trkpt lat="49.9978123" lon="11.6633153">
        <ele>472.2</ele>
        <time>2026-09-10T09:46:54.000Z</time>
      </trkpt>
      <trkpt lat="49.9983578" lon="11.6640569">
        <ele>472.4</ele>
        <time>2026-09-10T09:47:14.000Z</time>
      </trkpt>
      <trkpt lat="49.9986498" lon="11.6654635">
        <ele>470.8</ele>
        <time>2026-09-10T09:47:35.000Z</time>
      </trkpt>
      <trkpt lat="49.9990597" lon="11.6673693">
        <ele>468</ele>
        <time>2026-09-10T09:47:56.000Z</time>
      </trkpt>
      <trkpt lat="49.9998266" lon="11.6691508">
        <ele>466</ele>
        <time>2026-09-10T09:48:16.000Z</time>
      </trkpt>
      <trkpt lat="50.0006692" lon="11.670829">
        <ele>464.2</ele>
        <time>2026-09-10T09:48:38.000Z</time>
      </trkpt>
      <trkpt lat="50.0012886" lon="11.6725553">
        <ele>464.3</ele>
        <time>2026-09-10T09:48:59.000Z</time>
      </trkpt>
      <trkpt lat="50.0018685" lon="11.6738778">
        <ele>465.8</ele>
        <time>2026-09-10T09:49:19.000Z</time>
      </trkpt>
      <trkpt lat="50.0024523" lon="11.6748169">
        <ele>466.2</ele>
        <time>2026-09-10T09:49:41.000Z</time>
      </trkpt>
      <trkpt lat="50.0029101" lon="11.6761018">
        <ele>467.9</ele>
        <time>2026-09-10T09:50:02.000Z</time>
      </trkpt>
      <trkpt lat="50.0031638" lon="11.6774611">
        <ele>467.2</ele>
        <time>2026-09-10T09:50:22.000Z</time>
      </trkpt>
      <trkpt lat="50.0034468" lon="11.6787026">
        <ele>468</ele>
        <time>2026-09-10T09:50:43.000Z</time>
      </trkpt>
      <trkpt lat="50.0036927" lon="11.6798194">
        <ele>469.2</ele>
        <time>2026-09-10T09:51:04.000Z</time>
      </trkpt>
      <trkpt lat="50.0035055" lon="11.6801345">
        <ele>470.4</ele>
        <time>2026-09-10T09:51:24.000Z</time>
      </trkpt>
      <trkpt lat="50.0034942" lon="11.6801186">
        <ele>471</ele>
        <time>2026-09-10T09:51:45.000Z</time>
      </trkpt>
      <trkpt lat="50.0034802" lon="11.680116">
        <ele>470.8</ele>
        <time>2026-09-10T09:52:07.000Z</time>
      </trkpt>
      <trkpt lat="50.0034807" lon="11.6801167">
        <ele>470.7</ele>
        <time>2026-09-10T09:52:28.000Z</time>
      </trkpt>
      <trkpt lat="50.0034729" lon="11.6801047">
        <ele>471.8</ele>
        <time>2026-09-10T09:52:49.000Z</time>
      </trkpt>
      <trkpt lat="50.0034967" lon="11.6800947">
        <ele>470.1</ele>
        <time>2026-09-10T09:53:09.000Z</time>
      </trkpt>
      <trkpt lat="50.0034881" lon="11.6801">
        <ele>469</ele>
        <time>2026-09-10T09:53:30.000Z</time>
      </trkpt>
      <trkpt lat="50.0034921" lon="11.6801185">
        <ele>468.3</ele>
        <time>2026-09-10T09:53:51.000Z</time>
      </trkpt>
      <trkpt lat="50.0035023" lon="11.6801306">
        <ele>468.8</ele>
        <time>2026-09-10T09:54:12.000Z</time>
      </trkpt>
      <trkpt lat="50.0035082" lon="11.680106">
        <ele>467.3</ele>
        <time>2026-09-10T09:54:33.000Z</time>
      </trkpt>
      <trkpt lat="50.0034983" lon="11.6801184">
        <ele>468.4</ele>
        <time>2026-09-10T09:54:54.000Z</time>
      </trkpt>
      <trkpt lat="50.0035033" lon="11.6801296">
        <ele>467.4</ele>
        <time>2026-09-10T09:55:15.000Z</time>
      </trkpt>
      <trkpt lat="50.003492" lon="11.6801153">
        <ele>467.4</ele>
        <time>2026-09-10T09:55:36.000Z</time>
      </trkpt>
      <trkpt lat="50.0034958" lon="11.6801356">
        <ele>468.1</ele>
        <time>2026-09-10T09:55:56.000Z</time>
      </trkpt>
      <trkpt lat="50.0035105" lon="11.6801194">
        <ele>470.3</ele>
        <time>2026-09-10T09:56:17.000Z</time>
      </trkpt>
      <trkpt lat="50.0034918" lon="11.6801306">
        <ele>470.7</ele>
        <time>2026-09-10T09:56:38.000Z</time>
      </trkpt>
      <trkpt lat="50.0034776" lon="11.6801376">
        <ele>468.7</ele>
        <time>2026-09-10T09:56:58.000Z</time>
      </trkpt>
      <trkpt lat="50.0034822" lon="11.6801325">
        <ele>470.3</ele>
        <time>2026-09-10T09:57:19.000Z</time>
      </trkpt>
      <trkpt lat="50.0034824" lon="11.6801335">
        <ele>470.3</ele>
        <time>2026-09-10T09:57:40.000Z</time>
      </trkpt>
      <trkpt lat="50.0034822" lon="11.6801337">
        <ele>470.3</ele>
        <time>2026-09-10T09:58:01.000Z</time>
      </trkpt>
      <trkpt lat="50.0034822" lon="11.6801338">
        <ele>470.3</ele>
        <time>2026-09-10T09:58:22.000Z</time>
      </trkpt>
      <trkpt lat="50.0034822" lon="11.6801339">
        <ele>470.3</ele>
        <time>2026-09-10T09:58:43.000Z</time>
      </trkpt>
      <trkpt lat="50.0035434" lon="11.6801971">
        <ele>469</ele>
        <time>2026-09-10T09:59:04.000Z</time>
      </trkpt>
      <trkpt lat="50.0039069" lon="11.6805724">
        <ele>469</ele>
        <time>2026-09-10T09:59:24.000Z</time>
      </trkpt>
      <trkpt lat="50.0041971" lon="11.6815892">
        <ele>473.2</ele>
        <time>2026-09-10T09:59:45.000Z</time>
      </trkpt>
      <trkpt lat="50.0045255" lon="11.6825144">
        <ele>475.1</ele>
        <time>2026-09-10T10:00:06.000Z</time>
      </trkpt>
      <trkpt lat="50.0049802" lon="11.6832318">
        <ele>478.3</ele>
        <time>2026-09-10T10:00:27.000Z</time>
      </trkpt>
      <trkpt lat="50.0054444" lon="11.6836935">
        <ele>482</ele>
        <time>2026-09-10T10:00:48.000Z</time>
      </trkpt>
      <trkpt lat="50.0058756" lon="11.6840265">
        <ele>484.6</ele>
        <time>2026-09-10T10:01:08.000Z</time>
      </trkpt>
      <trkpt lat="50.0063747" lon="11.6842965">
        <ele>488.2</ele>
        <time>2026-09-10T10:01:30.000Z</time>
      </trkpt>
      <trkpt lat="50.0068076" lon="11.6845128">
        <ele>492.1</ele>
        <time>2026-09-10T10:01:51.000Z</time>
      </trkpt>
      <trkpt lat="50.0071949" lon="11.6847281">
        <ele>495.1</ele>
        <time>2026-09-10T10:02:11.000Z</time>
      </trkpt>
      <trkpt lat="50.0075671" lon="11.6849001">
        <ele>497.6</ele>
        <time>2026-09-10T10:02:32.000Z</time>
      </trkpt>
      <trkpt lat="50.0079686" lon="11.685115">
        <ele>499.9</ele>
        <time>2026-09-10T10:02:53.000Z</time>
      </trkpt>
      <trkpt lat="50.0088056" lon="11.6857072">
        <ele>498.3</ele>
        <time>2026-09-10T10:03:13.000Z</time>
      </trkpt>
      <trkpt lat="50.0101621" lon="11.6859896">
        <ele>492.4</ele>
        <time>2026-09-10T10:03:34.000Z</time>
      </trkpt>
      <trkpt lat="50.0112941" lon="11.6872837">
        <ele>491.1</ele>
        <time>2026-09-10T10:03:55.000Z</time>
      </trkpt>
      <trkpt lat="50.0122276" lon="11.687407">
        <ele>492.4</ele>
        <time>2026-09-10T10:04:16.000Z</time>
      </trkpt>
      <trkpt lat="50.0127361" lon="11.6875181">
        <ele>494.9</ele>
        <time>2026-09-10T10:04:37.000Z</time>
      </trkpt>
      <trkpt lat="50.0131568" lon="11.6876778">
        <ele>494.8</ele>
        <time>2026-09-10T10:04:57.000Z</time>
      </trkpt>
      <trkpt lat="50.0135343" lon="11.687739">
        <ele>493.3</ele>
        <time>2026-09-10T10:05:18.000Z</time>
      </trkpt>
      <trkpt lat="50.0139438" lon="11.6877151">
        <ele>497.5</ele>
        <time>2026-09-10T10:05:38.000Z</time>
      </trkpt>
      <trkpt lat="50.0143013" lon="11.6876249">
        <ele>501.1</ele>
        <time>2026-09-10T10:06:00.000Z</time>
      </trkpt>
      <trkpt lat="50.014647" lon="11.6875862">
        <ele>508.5</ele>
        <time>2026-09-10T10:06:21.000Z</time>
      </trkpt>
      <trkpt lat="50.0149069" lon="11.687758">
        <ele>515.7</ele>
        <time>2026-09-10T10:06:42.000Z</time>
      </trkpt>
      <trkpt lat="50.0151637" lon="11.6879924">
        <ele>518.3</ele>
        <time>2026-09-10T10:07:03.000Z</time>
      </trkpt>
      <trkpt lat="50.0154123" lon="11.6882197">
        <ele>522.6</ele>
        <time>2026-09-10T10:07:23.000Z</time>
      </trkpt>
      <trkpt lat="50.0156391" lon="11.6884381">
        <ele>525</ele>
        <time>2026-09-10T10:07:44.000Z</time>
      </trkpt>
      <trkpt lat="50.0159168" lon="11.6886624">
        <ele>529.3</ele>
        <time>2026-09-10T10:08:04.000Z</time>
      </trkpt>
      <trkpt lat="50.0161823" lon="11.6888526">
        <ele>531.2</ele>
        <time>2026-09-10T10:08:25.000Z</time>
      </trkpt>
      <trkpt lat="50.016551" lon="11.6891184">
        <ele>535.3</ele>
        <time>2026-09-10T10:08:46.000Z</time>
      </trkpt>
      <trkpt lat="50.017086" lon="11.6894021">
        <ele>535.3</ele>
        <time>2026-09-10T10:09:07.000Z</time>
      </trkpt>
      <trkpt lat="50.0177682" lon="11.6895897">
        <ele>534.4</ele>
        <time>2026-09-10T10:09:28.000Z</time>
      </trkpt>
      <trkpt lat="50.0192248" lon="11.689884">
        <ele>524.6</ele>
        <time>2026-09-10T10:09:49.000Z</time>
      </trkpt>
      <trkpt lat="50.0212798" lon="11.6903929">
        <ele>512.4</ele>
        <time>2026-09-10T10:10:10.000Z</time>
      </trkpt>
      <trkpt lat="50.0234764" lon="11.6910523">
        <ele>491.4</ele>
        <time>2026-09-10T10:10:31.000Z</time>
      </trkpt>
      <trkpt lat="50.0255755" lon="11.6914421">
        <ele>470.2</ele>
        <time>2026-09-10T10:10:52.000Z</time>
      </trkpt>
      <trkpt lat="50.0256479" lon="11.6922557">
        <ele>466.4</ele>
        <time>2026-09-10T10:11:13.000Z</time>
      </trkpt>
      <trkpt lat="50.0257801" lon="11.6919398">
        <ele>465.4</ele>
        <time>2026-09-10T10:11:34.000Z</time>
      </trkpt>
      <trkpt lat="50.0258098" lon="11.6917659">
        <ele>463.7</ele>
        <time>2026-09-10T10:11:54.000Z</time>
      </trkpt>
      <trkpt lat="50.0258239" lon="11.691748">
        <ele>465.2</ele>
        <time>2026-09-10T10:12:15.000Z</time>
      </trkpt>
      <trkpt lat="50.0258294" lon="11.6917376">
        <ele>466.7</ele>
        <time>2026-09-10T10:12:35.000Z</time>
      </trkpt>
      <trkpt lat="50.0258409" lon="11.6917297">
        <ele>470.5</ele>
        <time>2026-09-10T10:12:56.000Z</time>
      </trkpt>
      <trkpt lat="50.0258294" lon="11.6917351">
        <ele>472</ele>
        <time>2026-09-10T10:13:17.000Z</time>
      </trkpt>
      <trkpt lat="50.0258059" lon="11.6917409">
        <ele>468.1</ele>
        <time>2026-09-10T10:13:38.000Z</time>
      </trkpt>
      <trkpt lat="50.0258128" lon="11.6917313">
        <ele>465.5</ele>
        <time>2026-09-10T10:13:58.000Z</time>
      </trkpt>
      <trkpt lat="50.02582" lon="11.6917888">
        <ele>463.3</ele>
        <time>2026-09-10T10:14:19.000Z</time>
      </trkpt>
      <trkpt lat="50.0258477" lon="11.6917304">
        <ele>466.9</ele>
        <time>2026-09-10T10:14:40.000Z</time>
      </trkpt>
      <trkpt lat="50.0258301" lon="11.6917461">
        <ele>466.2</ele>
        <time>2026-09-10T10:15:01.000Z</time>
      </trkpt>
      <trkpt lat="50.0258331" lon="11.6917877">
        <ele>460.6</ele>
        <time>2026-09-10T10:15:22.000Z</time>
      </trkpt>
      <trkpt lat="50.0258324" lon="11.6917967">
        <ele>459.6</ele>
        <time>2026-09-10T10:15:43.000Z</time>
      </trkpt>
      <trkpt lat="50.0258082" lon="11.6918197">
        <ele>462.5</ele>
        <time>2026-09-10T10:16:04.000Z</time>
      </trkpt>
      <trkpt lat="50.025814" lon="11.6917924">
        <ele>464.3</ele>
        <time>2026-09-10T10:16:25.000Z</time>
      </trkpt>
      <trkpt lat="50.025839" lon="11.6917501">
        <ele>467.3</ele>
        <time>2026-09-10T10:16:45.000Z</time>
      </trkpt>
      <trkpt lat="50.0258465" lon="11.6917331">
        <ele>468.3</ele>
        <time>2026-09-10T10:17:06.000Z</time>
      </trkpt>
      <trkpt lat="50.0258386" lon="11.6917353">
        <ele>468.7</ele>
        <time>2026-09-10T10:17:27.000Z</time>
      </trkpt>
      <trkpt lat="50.025825" lon="11.6917439">
        <ele>469.7</ele>
        <time>2026-09-10T10:17:47.000Z</time>
      </trkpt>
      <trkpt lat="50.0258332" lon="11.6917482">
        <ele>472</ele>
        <time>2026-09-10T10:18:08.000Z</time>
      </trkpt>
      <trkpt lat="50.0263113" lon="11.6906686">
        <ele>462</ele>
        <time>2026-09-10T10:18:29.000Z</time>
      </trkpt>
      <trkpt lat="50.0266233" lon="11.6888095">
        <ele>456.5</ele>
        <time>2026-09-10T10:18:50.000Z</time>
      </trkpt>
      <trkpt lat="50.0267205" lon="11.6885366">
        <ele>453.2</ele>
        <time>2026-09-10T10:19:11.000Z</time>
      </trkpt>
      <trkpt lat="50.0267776" lon="11.6880836">
        <ele>449.5</ele>
        <time>2026-09-10T10:19:32.000Z</time>
      </trkpt>
      <trkpt lat="50.0272699" lon="11.6867293">
        <ele>447.9</ele>
        <time>2026-09-10T10:19:53.000Z</time>
      </trkpt>
      <trkpt lat="50.0280273" lon="11.6855089">
        <ele>448</ele>
        <time>2026-09-10T10:20:14.000Z</time>
      </trkpt>
      <trkpt lat="50.0289728" lon="11.6851892">
        <ele>449.7</ele>
        <time>2026-09-10T10:20:35.000Z</time>
      </trkpt>
      <trkpt lat="50.0300327" lon="11.6845605">
        <ele>449.7</ele>
        <time>2026-09-10T10:20:56.000Z</time>
      </trkpt>
      <trkpt lat="50.0308214" lon="11.6843402">
        <ele>446.6</ele>
        <time>2026-09-10T10:21:17.000Z</time>
      </trkpt>
      <trkpt lat="50.0319351" lon="11.683401">
        <ele>445.3</ele>
        <time>2026-09-10T10:21:37.000Z</time>
      </trkpt>
      <trkpt lat="50.0330915" lon="11.682911">
        <ele>442.5</ele>
        <time>2026-09-10T10:21:58.000Z</time>
      </trkpt>
      <trkpt lat="50.0341718" lon="11.6821624">
        <ele>444.3</ele>
        <time>2026-09-10T10:22:19.000Z</time>
      </trkpt>
      <trkpt lat="50.0351514" lon="11.6809363">
        <ele>440.7</ele>
        <time>2026-09-10T10:22:40.000Z</time>
      </trkpt>
      <trkpt lat="50.0362297" lon="11.6800014">
        <ele>437.2</ele>
        <time>2026-09-10T10:23:01.000Z</time>
      </trkpt>
      <trkpt lat="50.0370594" lon="11.6790316">
        <ele>435.5</ele>
        <time>2026-09-10T10:23:22.000Z</time>
      </trkpt>
      <trkpt lat="50.0373393" lon="11.6791716">
        <ele>436</ele>
        <time>2026-09-10T10:23:43.000Z</time>
      </trkpt>
      <trkpt lat="50.0375763" lon="11.6786084">
        <ele>434.9</ele>
        <time>2026-09-10T10:24:04.000Z</time>
      </trkpt>
      <trkpt lat="50.0376899" lon="11.6780497">
        <ele>433.2</ele>
        <time>2026-09-10T10:24:25.000Z</time>
      </trkpt>
      <trkpt lat="50.0377084" lon="11.6779369">
        <ele>433.7</ele>
        <time>2026-09-10T10:24:45.000Z</time>
      </trkpt>
      <trkpt lat="50.037753" lon="11.6777534">
        <ele>435.9</ele>
        <time>2026-09-10T10:25:06.000Z</time>
      </trkpt>
      <trkpt lat="50.0377959" lon="11.6777565">
        <ele>433.2</ele>
        <time>2026-09-10T10:25:27.000Z</time>
      </trkpt>
      <trkpt lat="50.0377658" lon="11.6777013">
        <ele>430.8</ele>
        <time>2026-09-10T10:25:48.000Z</time>
      </trkpt>
      <trkpt lat="50.0377886" lon="11.6777281">
        <ele>427.4</ele>
        <time>2026-09-10T10:26:09.000Z</time>
      </trkpt>
      <trkpt lat="50.0377957" lon="11.6777833">
        <ele>422.4</ele>
        <time>2026-09-10T10:26:29.000Z</time>
      </trkpt>
      <trkpt lat="50.0377773" lon="11.6777093">
        <ele>423.9</ele>
        <time>2026-09-10T10:26:50.000Z</time>
      </trkpt>
      <trkpt lat="50.03776" lon="11.6776234">
        <ele>426.1</ele>
        <time>2026-09-10T10:27:11.000Z</time>
      </trkpt>
      <trkpt lat="50.0377862" lon="11.6776223">
        <ele>425</ele>
        <time>2026-09-10T10:27:32.000Z</time>
      </trkpt>
      <trkpt lat="50.0377911" lon="11.6776653">
        <ele>422.3</ele>
        <time>2026-09-10T10:27:52.000Z</time>
      </trkpt>
      <trkpt lat="50.0377732" lon="11.6776615">
        <ele>425.6</ele>
        <time>2026-09-10T10:28:14.000Z</time>
      </trkpt>
      <trkpt lat="50.0377854" lon="11.6776927">
        <ele>425</ele>
        <time>2026-09-10T10:28:35.000Z</time>
      </trkpt>
      <trkpt lat="50.037786" lon="11.6777919">
        <ele>430.7</ele>
        <time>2026-09-10T10:28:56.000Z</time>
      </trkpt>
      <trkpt lat="50.0377837" lon="11.6777808">
        <ele>432.2</ele>
        <time>2026-09-10T10:29:17.000Z</time>
      </trkpt>
      <trkpt lat="50.0377822" lon="11.6777624">
        <ele>432.4</ele>
        <time>2026-09-10T10:29:37.000Z</time>
      </trkpt>
      <trkpt lat="50.03779" lon="11.6777298">
        <ele>433.2</ele>
        <time>2026-09-10T10:29:58.000Z</time>
      </trkpt>
      <trkpt lat="50.037789" lon="11.6777104">
        <ele>436.6</ele>
        <time>2026-09-10T10:30:18.000Z</time>
      </trkpt>
      <trkpt lat="50.0377909" lon="11.6777107">
        <ele>437.2</ele>
        <time>2026-09-10T10:30:39.000Z</time>
      </trkpt>
      <trkpt lat="50.0380173" lon="11.6769993">
        <ele>430.7</ele>
        <time>2026-09-10T10:31:00.000Z</time>
      </trkpt>
      <trkpt lat="50.0384634" lon="11.675586">
        <ele>429.1</ele>
        <time>2026-09-10T10:31:20.000Z</time>
      </trkpt>
      <trkpt lat="50.0388941" lon="11.6741047">
        <ele>427.8</ele>
        <time>2026-09-10T10:31:42.000Z</time>
      </trkpt>
      <trkpt lat="50.0389062" lon="11.6739805">
        <ele>429.7</ele>
        <time>2026-09-10T10:32:03.000Z</time>
      </trkpt>
      <trkpt lat="50.0388926" lon="11.6740042">
        <ele>430.5</ele>
        <time>2026-09-10T10:32:23.000Z</time>
      </trkpt>
      <trkpt lat="50.0388355" lon="11.6742806">
        <ele>433.3</ele>
        <time>2026-09-10T10:32:45.000Z</time>
      </trkpt>
      <trkpt lat="50.0394298" lon="11.6737308">
        <ele>430.1</ele>
        <time>2026-09-10T10:33:06.000Z</time>
      </trkpt>
      <trkpt lat="50.0402816" lon="11.6728834">
        <ele>429.1</ele>
        <time>2026-09-10T10:33:26.000Z</time>
      </trkpt>
      <trkpt lat="50.0408181" lon="11.6719908">
        <ele>430.1</ele>
        <time>2026-09-10T10:33:47.000Z</time>
      </trkpt>
      <trkpt lat="50.0414205" lon="11.671038">
        <ele>427.8</ele>
        <time>2026-09-10T10:34:08.000Z</time>
      </trkpt>
      <trkpt lat="50.0418729" lon="11.6706866">
        <ele>431.4</ele>
        <time>2026-09-10T10:34:29.000Z</time>
      </trkpt>
      <trkpt lat="50.0421832" lon="11.6705348">
        <ele>436.3</ele>
        <time>2026-09-10T10:34:50.000Z</time>
      </trkpt>
      <trkpt lat="50.042717" lon="11.6707493">
        <ele>438.9</ele>
        <time>2026-09-10T10:35:11.000Z</time>
      </trkpt>
      <trkpt lat="50.0435527" lon="11.671122">
        <ele>440.3</ele>
        <time>2026-09-10T10:35:32.000Z</time>
      </trkpt>
      <trkpt lat="50.0443021" lon="11.6711033">
        <ele>436.5</ele>
        <time>2026-09-10T10:35:53.000Z</time>
      </trkpt>
      <trkpt lat="50.0452692" lon="11.670887">
        <ele>432.3</ele>
        <time>2026-09-10T10:36:14.000Z</time>
      </trkpt>
      <trkpt lat="50.0453191" lon="11.6707597">
        <ele>430.7</ele>
        <time>2026-09-10T10:36:35.000Z</time>
      </trkpt>
      <trkpt lat="50.0452987" lon="11.6708886">
        <ele>428.3</ele>
        <time>2026-09-10T10:36:55.000Z</time>
      </trkpt>
      <trkpt lat="50.0453178" lon="11.6708838">
        <ele>426.1</ele>
        <time>2026-09-10T10:37:16.000Z</time>
      </trkpt>
      <trkpt lat="50.0453042" lon="11.6708973">
        <ele>430</ele>
        <time>2026-09-10T10:37:36.000Z</time>
      </trkpt>
      <trkpt lat="50.0455936" lon="11.6709457">
        <ele>438.3</ele>
        <time>2026-09-10T10:37:57.000Z</time>
      </trkpt>
      <trkpt lat="50.0465405" lon="11.6712614">
        <ele>435.4</ele>
        <time>2026-09-10T10:38:18.000Z</time>
      </trkpt>
      <trkpt lat="50.047308" lon="11.6720237">
        <ele>437.2</ele>
        <time>2026-09-10T10:38:39.000Z</time>
      </trkpt>
      <trkpt lat="50.0475409" lon="11.6725202">
        <ele>434.3</ele>
        <time>2026-09-10T10:38:59.000Z</time>
      </trkpt>
      <trkpt lat="50.0475218" lon="11.6726338">
        <ele>434</ele>
        <time>2026-09-10T10:39:20.000Z</time>
      </trkpt>
      <trkpt lat="50.0475146" lon="11.6725965">
        <ele>437.7</ele>
        <time>2026-09-10T10:39:40.000Z</time>
      </trkpt>
      <trkpt lat="50.0475495" lon="11.6727476">
        <ele>433</ele>
        <time>2026-09-10T10:40:01.000Z</time>
      </trkpt>
      <trkpt lat="50.0475382" lon="11.6732496">
        <ele>431.1</ele>
        <time>2026-09-10T10:40:22.000Z</time>
      </trkpt>
      <trkpt lat="50.0475022" lon="11.6738402">
        <ele>440.1</ele>
        <time>2026-09-10T10:40:43.000Z</time>
      </trkpt>
      <trkpt lat="50.0473373" lon="11.6743526">
        <ele>437</ele>
        <time>2026-09-10T10:41:04.000Z</time>
      </trkpt>
      <trkpt lat="50.0471291" lon="11.6746359">
        <ele>432.6</ele>
        <time>2026-09-10T10:41:25.000Z</time>
      </trkpt>
      <trkpt lat="50.0469559" lon="11.6749701">
        <ele>434.2</ele>
        <time>2026-09-10T10:41:45.000Z</time>
      </trkpt>
      <trkpt lat="50.0467868" lon="11.6752935">
        <ele>437.1</ele>
        <time>2026-09-10T10:42:06.000Z</time>
      </trkpt>
      <trkpt lat="50.046618" lon="11.6755603">
        <ele>443.8</ele>
        <time>2026-09-10T10:42:27.000Z</time>
      </trkpt>
      <trkpt lat="50.0464103" lon="11.6758933">
        <ele>450.9</ele>
        <time>2026-09-10T10:42:48.000Z</time>
      </trkpt>
      <trkpt lat="50.0462224" lon="11.6760794">
        <ele>454.9</ele>
        <time>2026-09-10T10:43:09.000Z</time>
      </trkpt>
      <trkpt lat="50.0461555" lon="11.6762628">
        <ele>454.3</ele>
        <time>2026-09-10T10:43:30.000Z</time>
      </trkpt>
      <trkpt lat="50.0460482" lon="11.6764335">
        <ele>456.1</ele>
        <time>2026-09-10T10:43:51.000Z</time>
      </trkpt>
      <trkpt lat="50.0459244" lon="11.6765329">
        <ele>458.5</ele>
        <time>2026-09-10T10:44:11.000Z</time>
      </trkpt>
      <trkpt lat="50.0456671" lon="11.6767881">
        <ele>462.6</ele>
        <time>2026-09-10T10:44:32.000Z</time>
      </trkpt>
      <trkpt lat="50.0455168" lon="11.6770188">
        <ele>467.8</ele>
        <time>2026-09-10T10:44:53.000Z</time>
      </trkpt>
      <trkpt lat="50.0454515" lon="11.6770903">
        <ele>470.8</ele>
        <time>2026-09-10T10:45:13.000Z</time>
      </trkpt>
      <trkpt lat="50.0454399" lon="11.6770826">
        <ele>471.8</ele>
        <time>2026-09-10T10:45:34.000Z</time>
      </trkpt>
      <trkpt lat="50.0454215" lon="11.6770663">
        <ele>478.5</ele>
        <time>2026-09-10T10:45:55.000Z</time>
      </trkpt>
      <trkpt lat="50.0453987" lon="11.6771343">
        <ele>478.8</ele>
        <time>2026-09-10T10:46:16.000Z</time>
      </trkpt>
      <trkpt lat="50.0453907" lon="11.6771068">
        <ele>480.2</ele>
        <time>2026-09-10T10:46:37.000Z</time>
      </trkpt>
      <trkpt lat="50.0454007" lon="11.6771318">
        <ele>475.9</ele>
        <time>2026-09-10T10:46:57.000Z</time>
      </trkpt>
      <trkpt lat="50.0453086" lon="11.6773184">
        <ele>476.4</ele>
        <time>2026-09-10T10:47:19.000Z</time>
      </trkpt>
      <trkpt lat="50.0451752" lon="11.6774908">
        <ele>476.5</ele>
        <time>2026-09-10T10:47:39.000Z</time>
      </trkpt>
      <trkpt lat="50.045058" lon="11.6776036">
        <ele>475.2</ele>
        <time>2026-09-10T10:48:00.000Z</time>
      </trkpt>
      <trkpt lat="50.0448755" lon="11.6777241">
        <ele>472.6</ele>
        <time>2026-09-10T10:48:21.000Z</time>
      </trkpt>
      <trkpt lat="50.0446893" lon="11.6777783">
        <ele>471.5</ele>
        <time>2026-09-10T10:48:42.000Z</time>
      </trkpt>
      <trkpt lat="50.0445354" lon="11.6777914">
        <ele>480.8</ele>
        <time>2026-09-10T10:49:03.000Z</time>
      </trkpt>
      <trkpt lat="50.0443665" lon="11.6778676">
        <ele>484.5</ele>
        <time>2026-09-10T10:49:23.000Z</time>
      </trkpt>
      <trkpt lat="50.044047" lon="11.6779683">
        <ele>497</ele>
        <time>2026-09-10T10:49:44.000Z</time>
      </trkpt>
      <trkpt lat="50.0437323" lon="11.6781494">
        <ele>502</ele>
        <time>2026-09-10T10:50:04.000Z</time>
      </trkpt>
      <trkpt lat="50.0434298" lon="11.678356">
        <ele>507.4</ele>
        <time>2026-09-10T10:50:26.000Z</time>
      </trkpt>
      <trkpt lat="50.0431826" lon="11.6786609">
        <ele>511.9</ele>
        <time>2026-09-10T10:50:46.000Z</time>
      </trkpt>
      <trkpt lat="50.0429714" lon="11.6789645">
        <ele>517.3</ele>
        <time>2026-09-10T10:51:08.000Z</time>
      </trkpt>
      <trkpt lat="50.0428293" lon="11.6794857">
        <ele>515.9</ele>
        <time>2026-09-10T10:51:29.000Z</time>
      </trkpt>
      <trkpt lat="50.0427222" lon="11.6800235">
        <ele>521.6</ele>
        <time>2026-09-10T10:51:50.000Z</time>
      </trkpt>
      <trkpt lat="50.0426226" lon="11.6807063">
        <ele>526.4</ele>
        <time>2026-09-10T10:52:11.000Z</time>
      </trkpt>
      <trkpt lat="50.0425906" lon="11.6814319">
        <ele>529.1</ele>
        <time>2026-09-10T10:52:32.000Z</time>
      </trkpt>
      <trkpt lat="50.0425392" lon="11.6820838">
        <ele>535.7</ele>
        <time>2026-09-10T10:52:52.000Z</time>
      </trkpt>
      <trkpt lat="50.0425136" lon="11.6826437">
        <ele>539.6</ele>
        <time>2026-09-10T10:53:13.000Z</time>
      </trkpt>
      <trkpt lat="50.0426059" lon="11.6832354">
        <ele>540.8</ele>
        <time>2026-09-10T10:53:34.000Z</time>
      </trkpt>
      <trkpt lat="50.0426349" lon="11.6839036">
        <ele>544.8</ele>
        <time>2026-09-10T10:53:55.000Z</time>
      </trkpt>
      <trkpt lat="50.0425639" lon="11.6845866">
        <ele>547.9</ele>
        <time>2026-09-10T10:54:16.000Z</time>
      </trkpt>
      <trkpt lat="50.042544" lon="11.6853266">
        <ele>547.5</ele>
        <time>2026-09-10T10:54:37.000Z</time>
      </trkpt>
      <trkpt lat="50.042605" lon="11.685879">
        <ele>551.6</ele>
        <time>2026-09-10T10:54:57.000Z</time>
      </trkpt>
      <trkpt lat="50.0427186" lon="11.686275">
        <ele>552.6</ele>
        <time>2026-09-10T10:55:18.000Z</time>
      </trkpt>
      <trkpt lat="50.0428392" lon="11.6866816">
        <ele>553.2</ele>
        <time>2026-09-10T10:55:38.000Z</time>
      </trkpt>
      <trkpt lat="50.0428662" lon="11.6879192">
        <ele>551.8</ele>
        <time>2026-09-10T10:55:59.000Z</time>
      </trkpt>
      <trkpt lat="50.0428018" lon="11.6880162">
        <ele>553.6</ele>
        <time>2026-09-10T10:56:20.000Z</time>
      </trkpt>
      <trkpt lat="50.042804" lon="11.6880099">
        <ele>556</ele>
        <time>2026-09-10T10:56:41.000Z</time>
      </trkpt>
      <trkpt lat="50.0427896" lon="11.6880492">
        <ele>557.8</ele>
        <time>2026-09-10T10:57:02.000Z</time>
      </trkpt>
      <trkpt lat="50.0427576" lon="11.6880484">
        <ele>559.7</ele>
        <time>2026-09-10T10:57:23.000Z</time>
      </trkpt>
      <trkpt lat="50.0427738" lon="11.6880218">
        <ele>557.1</ele>
        <time>2026-09-10T10:57:44.000Z</time>
      </trkpt>
      <trkpt lat="50.042791" lon="11.6880239">
        <ele>551.7</ele>
        <time>2026-09-10T10:58:05.000Z</time>
      </trkpt>
      <trkpt lat="50.0427994" lon="11.688009">
        <ele>553.4</ele>
        <time>2026-09-10T10:58:25.000Z</time>
      </trkpt>
      <trkpt lat="50.0428078" lon="11.6880562">
        <ele>552.4</ele>
        <time>2026-09-10T10:58:46.000Z</time>
      </trkpt>
      <trkpt lat="50.0427907" lon="11.6880504">
        <ele>552.2</ele>
        <time>2026-09-10T10:59:07.000Z</time>
      </trkpt>
      <trkpt lat="50.0428087" lon="11.6880216">
        <ele>551.2</ele>
        <time>2026-09-10T10:59:27.000Z</time>
      </trkpt>
      <trkpt lat="50.0428179" lon="11.6880376">
        <ele>548.7</ele>
        <time>2026-09-10T10:59:48.000Z</time>
      </trkpt>
      <trkpt lat="50.0428216" lon="11.6880682">
        <ele>545.9</ele>
        <time>2026-09-10T11:00:09.000Z</time>
      </trkpt>
      <trkpt lat="50.0428339" lon="11.688066">
        <ele>545</ele>
        <time>2026-09-10T11:00:30.000Z</time>
      </trkpt>
      <trkpt lat="50.0428597" lon="11.6880341">
        <ele>542.6</ele>
        <time>2026-09-10T11:00:51.000Z</time>
      </trkpt>
      <trkpt lat="50.0430708" lon="11.6881327">
        <ele>546.9</ele>
        <time>2026-09-10T11:01:12.000Z</time>
      </trkpt>
      <trkpt lat="50.0434116" lon="11.6885452">
        <ele>554.8</ele>
        <time>2026-09-10T11:01:33.000Z</time>
      </trkpt>
      <trkpt lat="50.0437417" lon="11.6891626">
        <ele>560.1</ele>
        <time>2026-09-10T11:01:54.000Z</time>
      </trkpt>
      <trkpt lat="50.044067" lon="11.6895375">
        <ele>567</ele>
        <time>2026-09-10T11:02:14.000Z</time>
      </trkpt>
      <trkpt lat="50.0443462" lon="11.6898425">
        <ele>570.1</ele>
        <time>2026-09-10T11:02:35.000Z</time>
      </trkpt>
      <trkpt lat="50.0445832" lon="11.6902596">
        <ele>572.6</ele>
        <time>2026-09-10T11:02:56.000Z</time>
      </trkpt>
      <trkpt lat="50.0448282" lon="11.6906652">
        <ele>577.5</ele>
        <time>2026-09-10T11:03:17.000Z</time>
      </trkpt>
      <trkpt lat="50.0450639" lon="11.691078">
        <ele>581</ele>
        <time>2026-09-10T11:03:38.000Z</time>
      </trkpt>
      <trkpt lat="50.0452494" lon="11.691378">
        <ele>581.9</ele>
        <time>2026-09-10T11:03:58.000Z</time>
      </trkpt>
      <trkpt lat="50.045433" lon="11.6915975">
        <ele>585.2</ele>
        <time>2026-09-10T11:04:19.000Z</time>
      </trkpt>
      <trkpt lat="50.0456812" lon="11.6918181">
        <ele>586.9</ele>
        <time>2026-09-10T11:04:39.000Z</time>
      </trkpt>
      <trkpt lat="50.0459811" lon="11.6918942">
        <ele>586.5</ele>
        <time>2026-09-10T11:05:00.000Z</time>
      </trkpt>
      <trkpt lat="50.0462903" lon="11.6918707">
        <ele>587.6</ele>
        <time>2026-09-10T11:05:21.000Z</time>
      </trkpt>
      <trkpt lat="50.0466863" lon="11.6917173">
        <ele>587</ele>
        <time>2026-09-10T11:05:41.000Z</time>
      </trkpt>
      <trkpt lat="50.0476382" lon="11.6919869">
        <ele>581.7</ele>
        <time>2026-09-10T11:06:02.000Z</time>
      </trkpt>
      <trkpt lat="50.049039" lon="11.6926515">
        <ele>581.2</ele>
        <time>2026-09-10T11:06:23.000Z</time>
      </trkpt>
      <trkpt lat="50.0505593" lon="11.6928731">
        <ele>577.9</ele>
        <time>2026-09-10T11:06:44.000Z</time>
      </trkpt>
      <trkpt lat="50.0516112" lon="11.6943835">
        <ele>568.9</ele>
        <time>2026-09-10T11:07:05.000Z</time>
      </trkpt>
      <trkpt lat="50.0514229" lon="11.6979933">
        <ele>548.1</ele>
        <time>2026-09-10T11:07:26.000Z</time>
      </trkpt>
      <trkpt lat="50.0505071" lon="11.7014623">
        <ele>533.8</ele>
        <time>2026-09-10T11:07:47.000Z</time>
      </trkpt>
      <trkpt lat="50.0505992" lon="11.7038915">
        <ele>532.2</ele>
        <time>2026-09-10T11:08:08.000Z</time>
      </trkpt>
      <trkpt lat="50.0505524" lon="11.7055065">
        <ele>535.6</ele>
        <time>2026-09-10T11:08:29.000Z</time>
      </trkpt>
      <trkpt lat="50.0506273" lon="11.706099">
        <ele>540.9</ele>
        <time>2026-09-10T11:08:50.000Z</time>
      </trkpt>
      <trkpt lat="50.0506787" lon="11.7067458">
        <ele>542.6</ele>
        <time>2026-09-10T11:09:11.000Z</time>
      </trkpt>
      <trkpt lat="50.0507367" lon="11.7075465">
        <ele>544.9</ele>
        <time>2026-09-10T11:09:31.000Z</time>
      </trkpt>
      <trkpt lat="50.050801" lon="11.7081439">
        <ele>547.8</ele>
        <time>2026-09-10T11:09:52.000Z</time>
      </trkpt>
      <trkpt lat="50.0509893" lon="11.7089678">
        <ele>549.7</ele>
        <time>2026-09-10T11:10:13.000Z</time>
      </trkpt>
      <trkpt lat="50.051428" lon="11.7103067">
        <ele>547</ele>
        <time>2026-09-10T11:10:33.000Z</time>
      </trkpt>
      <trkpt lat="50.0522833" lon="11.7122215">
        <ele>535.6</ele>
        <time>2026-09-10T11:10:55.000Z</time>
      </trkpt>
      <trkpt lat="50.052502" lon="11.7138178">
        <ele>538.6</ele>
        <time>2026-09-10T11:11:16.000Z</time>
      </trkpt>
      <trkpt lat="50.0530096" lon="11.7143836">
        <ele>538</ele>
        <time>2026-09-10T11:11:37.000Z</time>
      </trkpt>
      <trkpt lat="50.0535669" lon="11.7151457">
        <ele>539.4</ele>
        <time>2026-09-10T11:11:57.000Z</time>
      </trkpt>
      <trkpt lat="50.0538461" lon="11.7156776">
        <ele>542.3</ele>
        <time>2026-09-10T11:12:18.000Z</time>
      </trkpt>
      <trkpt lat="50.0540307" lon="11.7161379">
        <ele>547.2</ele>
        <time>2026-09-10T11:12:39.000Z</time>
      </trkpt>
      <trkpt lat="50.0541074" lon="11.716605">
        <ele>549.8</ele>
        <time>2026-09-10T11:13:00.000Z</time>
      </trkpt>
      <trkpt lat="50.0541774" lon="11.7169839">
        <ele>553.1</ele>
        <time>2026-09-10T11:13:21.000Z</time>
      </trkpt>
      <trkpt lat="50.0542451" lon="11.7174671">
        <ele>555.5</ele>
        <time>2026-09-10T11:13:42.000Z</time>
      </trkpt>
      <trkpt lat="50.0544588" lon="11.7184681">
        <ele>552.9</ele>
        <time>2026-09-10T11:14:02.000Z</time>
      </trkpt>
      <trkpt lat="50.0551253" lon="11.7205799">
        <ele>547.7</ele>
        <time>2026-09-10T11:14:23.000Z</time>
      </trkpt>
      <trkpt lat="50.0559771" lon="11.7220027">
        <ele>550.6</ele>
        <time>2026-09-10T11:14:43.000Z</time>
      </trkpt>
      <trkpt lat="50.0564026" lon="11.7224451">
        <ele>552.9</ele>
        <time>2026-09-10T11:15:04.000Z</time>
      </trkpt>
      <trkpt lat="50.0568958" lon="11.7227945">
        <ele>554.9</ele>
        <time>2026-09-10T11:15:24.000Z</time>
      </trkpt>
      <trkpt lat="50.057406" lon="11.723067">
        <ele>556.4</ele>
        <time>2026-09-10T11:15:45.000Z</time>
      </trkpt>
      <trkpt lat="50.0579502" lon="11.7236049">
        <ele>558.7</ele>
        <time>2026-09-10T11:16:06.000Z</time>
      </trkpt>
      <trkpt lat="50.0585833" lon="11.7245953">
        <ele>558.9</ele>
        <time>2026-09-10T11:16:27.000Z</time>
      </trkpt>
      <trkpt lat="50.0593852" lon="11.7253083">
        <ele>559.4</ele>
        <time>2026-09-10T11:16:48.000Z</time>
      </trkpt>
      <trkpt lat="50.0601704" lon="11.7257466">
        <ele>556.9</ele>
        <time>2026-09-10T11:17:09.000Z</time>
      </trkpt>
      <trkpt lat="50.060339" lon="11.7257061">
        <ele>556.1</ele>
        <time>2026-09-10T11:17:30.000Z</time>
      </trkpt>
      <trkpt lat="50.0603319" lon="11.7257427">
        <ele>554.7</ele>
        <time>2026-09-10T11:17:51.000Z</time>
      </trkpt>
      <trkpt lat="50.0602714" lon="11.7258696">
        <ele>556.2</ele>
        <time>2026-09-10T11:18:12.000Z</time>
      </trkpt>
      <trkpt lat="50.060286" lon="11.7258777">
        <ele>558.5</ele>
        <time>2026-09-10T11:18:33.000Z</time>
      </trkpt>
      <trkpt lat="50.0602968" lon="11.7258611">
        <ele>559.5</ele>
        <time>2026-09-10T11:18:54.000Z</time>
      </trkpt>
      <trkpt lat="50.0602809" lon="11.7258672">
        <ele>558.8</ele>
        <time>2026-09-10T11:19:15.000Z</time>
      </trkpt>
      <trkpt lat="50.0602255" lon="11.7257565">
        <ele>556.1</ele>
        <time>2026-09-10T11:19:35.000Z</time>
      </trkpt>
      <trkpt lat="50.0602392" lon="11.7257906">
        <ele>556.3</ele>
        <time>2026-09-10T11:19:56.000Z</time>
      </trkpt>
      <trkpt lat="50.0603332" lon="11.7257865">
        <ele>554.9</ele>
        <time>2026-09-10T11:20:17.000Z</time>
      </trkpt>
      <trkpt lat="50.0613872" lon="11.7249518">
        <ele>546.7</ele>
        <time>2026-09-10T11:20:38.000Z</time>
      </trkpt>
      <trkpt lat="50.0622354" lon="11.723962">
        <ele>554.2</ele>
        <time>2026-09-10T11:20:59.000Z</time>
      </trkpt>
      <trkpt lat="50.0622997" lon="11.7236977">
        <ele>556.3</ele>
        <time>2026-09-10T11:21:20.000Z</time>
      </trkpt>
      <trkpt lat="50.0623438" lon="11.723384">
        <ele>559.9</ele>
        <time>2026-09-10T11:21:41.000Z</time>
      </trkpt>
      <trkpt lat="50.0623951" lon="11.7230408">
        <ele>562.5</ele>
        <time>2026-09-10T11:22:02.000Z</time>
      </trkpt>
      <trkpt lat="50.062443" lon="11.7227569">
        <ele>564.9</ele>
        <time>2026-09-10T11:22:23.000Z</time>
      </trkpt>
      <trkpt lat="50.0624804" lon="11.7224722">
        <ele>569.2</ele>
        <time>2026-09-10T11:22:44.000Z</time>
      </trkpt>
      <trkpt lat="50.0625151" lon="11.7221901">
        <ele>572.3</ele>
        <time>2026-09-10T11:23:05.000Z</time>
      </trkpt>
      <trkpt lat="50.0625365" lon="11.7218928">
        <ele>573.1</ele>
        <time>2026-09-10T11:23:26.000Z</time>
      </trkpt>
      <trkpt lat="50.0625658" lon="11.7216045">
        <ele>576.4</ele>
        <time>2026-09-10T11:23:46.000Z</time>
      </trkpt>
      <trkpt lat="50.0625516" lon="11.7214043">
        <ele>576.6</ele>
        <time>2026-09-10T11:24:08.000Z</time>
      </trkpt>
      <trkpt lat="50.0625956" lon="11.7209508">
        <ele>579.1</ele>
        <time>2026-09-10T11:24:29.000Z</time>
      </trkpt>
      <trkpt lat="50.0628116" lon="11.720592">
        <ele>580</ele>
        <time>2026-09-10T11:24:50.000Z</time>
      </trkpt>
      <trkpt lat="50.0628858" lon="11.7206059">
        <ele>579.6</ele>
        <time>2026-09-10T11:25:11.000Z</time>
      </trkpt>
      <trkpt lat="50.0628866" lon="11.7206214">
        <ele>579.9</ele>
        <time>2026-09-10T11:25:32.000Z</time>
      </trkpt>
      <trkpt lat="50.062882" lon="11.720617">
        <ele>579.7</ele>
        <time>2026-09-10T11:25:52.000Z</time>
      </trkpt>
      <trkpt lat="50.0628821" lon="11.7206167">
        <ele>579.7</ele>
        <time>2026-09-10T11:26:13.000Z</time>
      </trkpt>
      <trkpt lat="50.0628823" lon="11.7206158">
        <ele>579.9</ele>
        <time>2026-09-10T11:26:34.000Z</time>
      </trkpt>
      <trkpt lat="50.0628822" lon="11.7206151">
        <ele>579.9</ele>
        <time>2026-09-10T11:26:55.000Z</time>
      </trkpt>
      <trkpt lat="50.062882" lon="11.7206156">
        <ele>579.9</ele>
        <time>2026-09-10T11:27:16.000Z</time>
      </trkpt>
      <trkpt lat="50.062882" lon="11.7206159">
        <ele>579.9</ele>
        <time>2026-09-10T11:27:36.000Z</time>
      </trkpt>
      <trkpt lat="50.0628818" lon="11.7206153">
        <ele>579.9</ele>
        <time>2026-09-10T11:27:57.000Z</time>
      </trkpt>
      <trkpt lat="50.0628819" lon="11.7206148">
        <ele>579.9</ele>
        <time>2026-09-10T11:28:18.000Z</time>
      </trkpt>
      <trkpt lat="50.0628823" lon="11.720614">
        <ele>579.9</ele>
        <time>2026-09-10T11:28:38.000Z</time>
      </trkpt>
      <trkpt lat="50.0628825" lon="11.7206132">
        <ele>579.9</ele>
        <time>2026-09-10T11:29:00.000Z</time>
      </trkpt>
      <trkpt lat="50.0628825" lon="11.7206129">
        <ele>579.9</ele>
        <time>2026-09-10T11:29:20.000Z</time>
      </trkpt>
      <trkpt lat="50.0628822" lon="11.7206121">
        <ele>580</ele>
        <time>2026-09-10T11:29:41.000Z</time>
      </trkpt>
      <trkpt lat="50.0628821" lon="11.7206114">
        <ele>580</ele>
        <time>2026-09-10T11:30:01.000Z</time>
      </trkpt>
      <trkpt lat="50.0628659" lon="11.7206188">
        <ele>579.7</ele>
        <time>2026-09-10T11:30:22.000Z</time>
      </trkpt>
      <trkpt lat="50.062869" lon="11.720611">
        <ele>578.1</ele>
        <time>2026-09-10T11:30:43.000Z</time>
      </trkpt>
      <trkpt lat="50.0628698" lon="11.7206109">
        <ele>576.1</ele>
        <time>2026-09-10T11:31:03.000Z</time>
      </trkpt>
      <trkpt lat="50.0628701" lon="11.7206102">
        <ele>576.1</ele>
        <time>2026-09-10T11:31:24.000Z</time>
      </trkpt>
      <trkpt lat="50.0628707" lon="11.7206096">
        <ele>576.1</ele>
        <time>2026-09-10T11:31:45.000Z</time>
      </trkpt>
      <trkpt lat="50.0628765" lon="11.7205974">
        <ele>577.2</ele>
        <time>2026-09-10T11:32:06.000Z</time>
      </trkpt>
      <trkpt lat="50.0628791" lon="11.7205936">
        <ele>576.9</ele>
        <time>2026-09-10T11:32:26.000Z</time>
      </trkpt>
      <trkpt lat="50.0628707" lon="11.7206022">
        <ele>576.1</ele>
        <time>2026-09-10T11:32:46.000Z</time>
      </trkpt>
      <trkpt lat="50.0628738" lon="11.7205971">
        <ele>575.4</ele>
        <time>2026-09-10T11:33:07.000Z</time>
      </trkpt>
      <trkpt lat="50.0628792" lon="11.7206007">
        <ele>576.9</ele>
        <time>2026-09-10T11:33:27.000Z</time>
      </trkpt>
      <trkpt lat="50.0628939" lon="11.7206099">
        <ele>579.6</ele>
        <time>2026-09-10T11:33:48.000Z</time>
      </trkpt>
      <trkpt lat="50.0628979" lon="11.7206102">
        <ele>579.6</ele>
        <time>2026-09-10T11:34:08.000Z</time>
      </trkpt>
      <trkpt lat="50.0628978" lon="11.7206082">
        <ele>580</ele>
        <time>2026-09-10T11:34:29.000Z</time>
      </trkpt>
      <trkpt lat="50.0628698" lon="11.7206004">
        <ele>579.5</ele>
        <time>2026-09-10T11:34:50.000Z</time>
      </trkpt>
      <trkpt lat="50.0628659" lon="11.7205943">
        <ele>581.5</ele>
        <time>2026-09-10T11:35:10.000Z</time>
      </trkpt>
      <trkpt lat="50.0628889" lon="11.7206043">
        <ele>581.6</ele>
        <time>2026-09-10T11:35:31.000Z</time>
      </trkpt>
      <trkpt lat="50.0629104" lon="11.7206045">
        <ele>582</ele>
        <time>2026-09-10T11:35:51.000Z</time>
      </trkpt>
      <trkpt lat="50.0629169" lon="11.7206155">
        <ele>580</ele>
        <time>2026-09-10T11:36:12.000Z</time>
      </trkpt>
      <trkpt lat="50.0629108" lon="11.7206217">
        <ele>579.6</ele>
        <time>2026-09-10T11:36:32.000Z</time>
      </trkpt>
      <trkpt lat="50.0629089" lon="11.7206177">
        <ele>579.6</ele>
        <time>2026-09-10T11:36:53.000Z</time>
      </trkpt>
      <trkpt lat="50.0629241" lon="11.7206009">
        <ele>580.8</ele>
        <time>2026-09-10T11:37:14.000Z</time>
      </trkpt>
      <trkpt lat="50.0629301" lon="11.7205844">
        <ele>581.4</ele>
        <time>2026-09-10T11:37:35.000Z</time>
      </trkpt>
      <trkpt lat="50.0629303" lon="11.7205485">
        <ele>582.7</ele>
        <time>2026-09-10T11:37:55.000Z</time>
      </trkpt>
      <trkpt lat="50.0629227" lon="11.7205366">
        <ele>582.5</ele>
        <time>2026-09-10T11:38:16.000Z</time>
      </trkpt>
      <trkpt lat="50.0628856" lon="11.7205297">
        <ele>583.7</ele>
        <time>2026-09-10T11:38:36.000Z</time>
      </trkpt>
      <trkpt lat="50.0628781" lon="11.7205297">
        <ele>583.6</ele>
        <time>2026-09-10T11:38:57.000Z</time>
      </trkpt>
      <trkpt lat="50.0628777" lon="11.7205312">
        <ele>583.5</ele>
        <time>2026-09-10T11:39:17.000Z</time>
      </trkpt>
      <trkpt lat="50.062877" lon="11.7205626">
        <ele>579.8</ele>
        <time>2026-09-10T11:39:38.000Z</time>
      </trkpt>
      <trkpt lat="50.0628826" lon="11.7205772">
        <ele>580</ele>
        <time>2026-09-10T11:39:59.000Z</time>
      </trkpt>
      <trkpt lat="50.0628844" lon="11.7205791">
        <ele>580</ele>
        <time>2026-09-10T11:40:20.000Z</time>
      </trkpt>
      <trkpt lat="50.0628865" lon="11.7205807">
        <ele>579.9</ele>
        <time>2026-09-10T11:40:41.000Z</time>
      </trkpt>
      <trkpt lat="50.0628921" lon="11.7205766">
        <ele>578.9</ele>
        <time>2026-09-10T11:41:02.000Z</time>
      </trkpt>
      <trkpt lat="50.0629123" lon="11.720578">
        <ele>577.7</ele>
        <time>2026-09-10T11:41:23.000Z</time>
      </trkpt>
      <trkpt lat="50.0629354" lon="11.7205961">
        <ele>577.2</ele>
        <time>2026-09-10T11:41:44.000Z</time>
      </trkpt>
      <trkpt lat="50.0629382" lon="11.7206016">
        <ele>577.3</ele>
        <time>2026-09-10T11:42:04.000Z</time>
      </trkpt>
      <trkpt lat="50.0629376" lon="11.7206007">
        <ele>577.5</ele>
        <time>2026-09-10T11:42:25.000Z</time>
      </trkpt>
      <trkpt lat="50.0629213" lon="11.7206076">
        <ele>580.7</ele>
        <time>2026-09-10T11:42:46.000Z</time>
      </trkpt>
      <trkpt lat="50.0629143" lon="11.7206161">
        <ele>580.4</ele>
        <time>2026-09-10T11:43:07.000Z</time>
      </trkpt>
      <trkpt lat="50.0629176" lon="11.7206074">
        <ele>581.7</ele>
        <time>2026-09-10T11:43:28.000Z</time>
      </trkpt>
      <trkpt lat="50.0629204" lon="11.7205962">
        <ele>581.7</ele>
        <time>2026-09-10T11:43:49.000Z</time>
      </trkpt>
      <trkpt lat="50.0629217" lon="11.7205936">
        <ele>581.7</ele>
        <time>2026-09-10T11:44:10.000Z</time>
      </trkpt>
      <trkpt lat="50.0629199" lon="11.7205989">
        <ele>580.3</ele>
        <time>2026-09-10T11:44:31.000Z</time>
      </trkpt>
      <trkpt lat="50.0629232" lon="11.7206096">
        <ele>579.8</ele>
        <time>2026-09-10T11:44:52.000Z</time>
      </trkpt>
      <trkpt lat="50.06293" lon="11.7206102">
        <ele>580.8</ele>
        <time>2026-09-10T11:45:13.000Z</time>
      </trkpt>
      <trkpt lat="50.0629384" lon="11.7206086">
        <ele>580.7</ele>
        <time>2026-09-10T11:45:33.000Z</time>
      </trkpt>
      <trkpt lat="50.0629382" lon="11.7206096">
        <ele>580.6</ele>
        <time>2026-09-10T11:45:54.000Z</time>
      </trkpt>
      <trkpt lat="50.0629377" lon="11.7206065">
        <ele>580.3</ele>
        <time>2026-09-10T11:46:15.000Z</time>
      </trkpt>
      <trkpt lat="50.0629327" lon="11.7206101">
        <ele>579.9</ele>
        <time>2026-09-10T11:46:36.000Z</time>
      </trkpt>
      <trkpt lat="50.0629317" lon="11.7206234">
        <ele>579.3</ele>
        <time>2026-09-10T11:46:57.000Z</time>
      </trkpt>
      <trkpt lat="50.062923" lon="11.7206281">
        <ele>579.5</ele>
        <time>2026-09-10T11:47:18.000Z</time>
      </trkpt>
      <trkpt lat="50.0629257" lon="11.7206186">
        <ele>581.2</ele>
        <time>2026-09-10T11:47:39.000Z</time>
      </trkpt>
      <trkpt lat="50.0629256" lon="11.720608">
        <ele>578.9</ele>
        <time>2026-09-10T11:47:59.000Z</time>
      </trkpt>
      <trkpt lat="50.062933" lon="11.7206001">
        <ele>578</ele>
        <time>2026-09-10T11:48:19.000Z</time>
      </trkpt>
      <trkpt lat="50.0629289" lon="11.7205828">
        <ele>580.1</ele>
        <time>2026-09-10T11:48:40.000Z</time>
      </trkpt>
      <trkpt lat="50.0629235" lon="11.7205779">
        <ele>580.8</ele>
        <time>2026-09-10T11:49:01.000Z</time>
      </trkpt>
      <trkpt lat="50.0629183" lon="11.7205816">
        <ele>582.1</ele>
        <time>2026-09-10T11:49:22.000Z</time>
      </trkpt>
      <trkpt lat="50.0629229" lon="11.7205725">
        <ele>590.3</ele>
        <time>2026-09-10T11:49:43.000Z</time>
      </trkpt>
      <trkpt lat="50.0629351" lon="11.7205716">
        <ele>590.2</ele>
        <time>2026-09-10T11:50:04.000Z</time>
      </trkpt>
      <trkpt lat="50.0628904" lon="11.7205518">
        <ele>580.7</ele>
        <time>2026-09-10T11:50:25.000Z</time>
      </trkpt>
      <trkpt lat="50.0628631" lon="11.7205529">
        <ele>575.7</ele>
        <time>2026-09-10T11:50:46.000Z</time>
      </trkpt>
      <trkpt lat="50.0628595" lon="11.7205567">
        <ele>575.7</ele>
        <time>2026-09-10T11:51:07.000Z</time>
      </trkpt>
      <trkpt lat="50.0628593" lon="11.720558">
        <ele>576.4</ele>
        <time>2026-09-10T11:51:28.000Z</time>
      </trkpt>
      <trkpt lat="50.0628664" lon="11.7205603">
        <ele>579.8</ele>
        <time>2026-09-10T11:51:49.000Z</time>
      </trkpt>
      <trkpt lat="50.062879" lon="11.7205621">
        <ele>581</ele>
        <time>2026-09-10T11:52:09.000Z</time>
      </trkpt>
      <trkpt lat="50.0628814" lon="11.7205636">
        <ele>581.1</ele>
        <time>2026-09-10T11:52:29.000Z</time>
      </trkpt>
      <trkpt lat="50.0628817" lon="11.7205813">
        <ele>578.6</ele>
        <time>2026-09-10T11:52:50.000Z</time>
      </trkpt>
      <trkpt lat="50.0628857" lon="11.7206142">
        <ele>582</ele>
        <time>2026-09-10T11:53:10.000Z</time>
      </trkpt>
      <trkpt lat="50.0628755" lon="11.7205577">
        <ele>579.7</ele>
        <time>2026-09-10T11:53:30.000Z</time>
      </trkpt>
      <trkpt lat="50.0630591" lon="11.7204952">
        <ele>580.4</ele>
        <time>2026-09-10T11:53:51.000Z</time>
      </trkpt>
      <trkpt lat="50.0633523" lon="11.7198882">
        <ele>582.4</ele>
        <time>2026-09-10T11:54:11.000Z</time>
      </trkpt>
      <trkpt lat="50.0636209" lon="11.7195854">
        <ele>583.3</ele>
        <time>2026-09-10T11:54:32.000Z</time>
      </trkpt>
      <trkpt lat="50.0640953" lon="11.7198795">
        <ele>585.6</ele>
        <time>2026-09-10T11:54:52.000Z</time>
      </trkpt>
      <trkpt lat="50.0645593" lon="11.720348">
        <ele>587.2</ele>
        <time>2026-09-10T11:55:13.000Z</time>
      </trkpt>
      <trkpt lat="50.0649847" lon="11.7207199">
        <ele>590.2</ele>
        <time>2026-09-10T11:55:34.000Z</time>
      </trkpt>
      <trkpt lat="50.0654692" lon="11.7211351">
        <ele>591.2</ele>
        <time>2026-09-10T11:55:55.000Z</time>
      </trkpt>
      <trkpt lat="50.0659936" lon="11.7216626">
        <ele>592.5</ele>
        <time>2026-09-10T11:56:16.000Z</time>
      </trkpt>
      <trkpt lat="50.0666154" lon="11.72247">
        <ele>593.5</ele>
        <time>2026-09-10T11:56:37.000Z</time>
      </trkpt>
      <trkpt lat="50.0669635" lon="11.7230268">
        <ele>597.4</ele>
        <time>2026-09-10T11:56:58.000Z</time>
      </trkpt>
      <trkpt lat="50.0671952" lon="11.7234879">
        <ele>600.3</ele>
        <time>2026-09-10T11:57:18.000Z</time>
      </trkpt>
      <trkpt lat="50.0674798" lon="11.7239816">
        <ele>601.1</ele>
        <time>2026-09-10T11:57:39.000Z</time>
      </trkpt>
      <trkpt lat="50.0678657" lon="11.7247607">
        <ele>600.9</ele>
        <time>2026-09-10T11:57:59.000Z</time>
      </trkpt>
      <trkpt lat="50.0683186" lon="11.7259354">
        <ele>600.9</ele>
        <time>2026-09-10T11:58:20.000Z</time>
      </trkpt>
      <trkpt lat="50.0687712" lon="11.7276752">
        <ele>597.5</ele>
        <time>2026-09-10T11:58:41.000Z</time>
      </trkpt>
      <trkpt lat="50.0698581" lon="11.730002">
        <ele>585</ele>
        <time>2026-09-10T11:59:01.000Z</time>
      </trkpt>
      <trkpt lat="50.0707988" lon="11.7321633">
        <ele>582.5</ele>
        <time>2026-09-10T11:59:22.000Z</time>
      </trkpt>
      <trkpt lat="50.0715256" lon="11.7338251">
        <ele>573.6</ele>
        <time>2026-09-10T11:59:43.000Z</time>
      </trkpt>
      <trkpt lat="50.0723281" lon="11.7346745">
        <ele>573.1</ele>
        <time>2026-09-10T12:00:03.000Z</time>
      </trkpt>
      <trkpt lat="50.0726724" lon="11.7348149">
        <ele>576</ele>
        <time>2026-09-10T12:00:24.000Z</time>
      </trkpt>
      <trkpt lat="50.0732301" lon="11.7351883">
        <ele>576.1</ele>
        <time>2026-09-10T12:00:45.000Z</time>
      </trkpt>
      <trkpt lat="50.0738881" lon="11.7351968">
        <ele>578.8</ele>
        <time>2026-09-10T12:01:07.000Z</time>
      </trkpt>
      <trkpt lat="50.0742765" lon="11.7345945">
        <ele>578.6</ele>
        <time>2026-09-10T12:01:28.000Z</time>
      </trkpt>
      <trkpt lat="50.074642" lon="11.7341687">
        <ele>580.1</ele>
        <time>2026-09-10T12:01:49.000Z</time>
      </trkpt>
      <trkpt lat="50.0746407" lon="11.7341562">
        <ele>580.6</ele>
        <time>2026-09-10T12:02:10.000Z</time>
      </trkpt>
      <trkpt lat="50.0746512" lon="11.7341509">
        <ele>581.2</ele>
        <time>2026-09-10T12:02:31.000Z</time>
      </trkpt>
      <trkpt lat="50.0746592" lon="11.7341496">
        <ele>580.3</ele>
        <time>2026-09-10T12:02:51.000Z</time>
      </trkpt>
      <trkpt lat="50.0751439" lon="11.7338877">
        <ele>582.7</ele>
        <time>2026-09-10T12:03:13.000Z</time>
      </trkpt>
      <trkpt lat="50.0756678" lon="11.7336932">
        <ele>585.4</ele>
        <time>2026-09-10T12:03:34.000Z</time>
      </trkpt>
      <trkpt lat="50.0764723" lon="11.7333113">
        <ele>586.8</ele>
        <time>2026-09-10T12:03:55.000Z</time>
      </trkpt>
      <trkpt lat="50.0772898" lon="11.7330016">
        <ele>589.9</ele>
        <time>2026-09-10T12:04:16.000Z</time>
      </trkpt>
      <trkpt lat="50.077921" lon="11.7328424">
        <ele>592.9</ele>
        <time>2026-09-10T12:04:36.000Z</time>
      </trkpt>
      <trkpt lat="50.0783971" lon="11.7328362">
        <ele>596.3</ele>
        <time>2026-09-10T12:04:57.000Z</time>
      </trkpt>
      <trkpt lat="50.0788422" lon="11.7328498">
        <ele>598.7</ele>
        <time>2026-09-10T12:05:18.000Z</time>
      </trkpt>
      <trkpt lat="50.0792474" lon="11.7329055">
        <ele>602</ele>
        <time>2026-09-10T12:05:39.000Z</time>
      </trkpt>
      <trkpt lat="50.0797288" lon="11.7329553">
        <ele>605.1</ele>
        <time>2026-09-10T12:05:59.000Z</time>
      </trkpt>
      <trkpt lat="50.0802134" lon="11.7329419">
        <ele>606.9</ele>
        <time>2026-09-10T12:06:20.000Z</time>
      </trkpt>
      <trkpt lat="50.0809768" lon="11.7329535">
        <ele>604.5</ele>
        <time>2026-09-10T12:06:41.000Z</time>
      </trkpt>
      <trkpt lat="50.0827834" lon="11.7329887">
        <ele>590.7</ele>
        <time>2026-09-10T12:07:01.000Z</time>
      </trkpt>
      <trkpt lat="50.084676" lon="11.7323892">
        <ele>583.6</ele>
        <time>2026-09-10T12:07:22.000Z</time>
      </trkpt>
      <trkpt lat="50.0850588" lon="11.7321778">
        <ele>586.2</ele>
        <time>2026-09-10T12:07:43.000Z</time>
      </trkpt>
      <trkpt lat="50.0850451" lon="11.7321358">
        <ele>589.9</ele>
        <time>2026-09-10T12:08:04.000Z</time>
      </trkpt>
      <trkpt lat="50.0844709" lon="11.7323591">
        <ele>585.3</ele>
        <time>2026-09-10T12:08:24.000Z</time>
      </trkpt>
      <trkpt lat="50.0855472" lon="11.7308777">
        <ele>567.2</ele>
        <time>2026-09-10T12:08:46.000Z</time>
      </trkpt>
      <trkpt lat="50.0866893" lon="11.7296919">
        <ele>561</ele>
        <time>2026-09-10T12:09:07.000Z</time>
      </trkpt>
      <trkpt lat="50.0876166" lon="11.7288895">
        <ele>557.6</ele>
        <time>2026-09-10T12:09:28.000Z</time>
      </trkpt>
      <trkpt lat="50.0884876" lon="11.7277611">
        <ele>550.7</ele>
        <time>2026-09-10T12:09:49.000Z</time>
      </trkpt>
      <trkpt lat="50.0891802" lon="11.728999">
        <ele>545.2</ele>
        <time>2026-09-10T12:10:10.000Z</time>
      </trkpt>
      <trkpt lat="50.0905523" lon="11.7297341">
        <ele>532.6</ele>
        <time>2026-09-10T12:10:31.000Z</time>
      </trkpt>
      <trkpt lat="50.0916438" lon="11.7304199">
        <ele>529.5</ele>
        <time>2026-09-10T12:10:52.000Z</time>
      </trkpt>
      <trkpt lat="50.0919513" lon="11.7312556">
        <ele>530.5</ele>
        <time>2026-09-10T12:11:13.000Z</time>
      </trkpt>
      <trkpt lat="50.0919908" lon="11.7312836">
        <ele>534.1</ele>
        <time>2026-09-10T12:11:34.000Z</time>
      </trkpt>
      <trkpt lat="50.0919274" lon="11.7312787">
        <ele>539.8</ele>
        <time>2026-09-10T12:11:55.000Z</time>
      </trkpt>
      <trkpt lat="50.0919833" lon="11.7312588">
        <ele>533.9</ele>
        <time>2026-09-10T12:12:16.000Z</time>
      </trkpt>
      <trkpt lat="50.091989" lon="11.7312848">
        <ele>535.1</ele>
        <time>2026-09-10T12:12:37.000Z</time>
      </trkpt>
      <trkpt lat="50.0919715" lon="11.7312833">
        <ele>539.9</ele>
        <time>2026-09-10T12:12:57.000Z</time>
      </trkpt>
      <trkpt lat="50.0919241" lon="11.7311698">
        <ele>535.9</ele>
        <time>2026-09-10T12:13:18.000Z</time>
      </trkpt>
      <trkpt lat="50.0923966" lon="11.730869">
        <ele>534.3</ele>
        <time>2026-09-10T12:13:39.000Z</time>
      </trkpt>
      <trkpt lat="50.0926526" lon="11.7314687">
        <ele>534.5</ele>
        <time>2026-09-10T12:14:00.000Z</time>
      </trkpt>
      <trkpt lat="50.0931921" lon="11.7324106">
        <ele>535.5</ele>
        <time>2026-09-10T12:14:21.000Z</time>
      </trkpt>
      <trkpt lat="50.0935815" lon="11.7319459">
        <ele>530.7</ele>
        <time>2026-09-10T12:14:42.000Z</time>
      </trkpt>
      <trkpt lat="50.0940749" lon="11.7316937">
        <ele>534.6</ele>
        <time>2026-09-10T12:15:02.000Z</time>
      </trkpt>
      <trkpt lat="50.0946056" lon="11.7324987">
        <ele>534.9</ele>
        <time>2026-09-10T12:15:23.000Z</time>
      </trkpt>
      <trkpt lat="50.0948448" lon="11.7329509">
        <ele>535.4</ele>
        <time>2026-09-10T12:15:45.000Z</time>
      </trkpt>
      <trkpt lat="50.0950087" lon="11.7332539">
        <ele>533.7</ele>
        <time>2026-09-10T12:16:06.000Z</time>
      </trkpt>
      <trkpt lat="50.0953388" lon="11.7344825">
        <ele>532.8</ele>
        <time>2026-09-10T12:16:27.000Z</time>
      </trkpt>
      <trkpt lat="50.0952028" lon="11.7358417">
        <ele>535.5</ele>
        <time>2026-09-10T12:16:47.000Z</time>
      </trkpt>
      <trkpt lat="50.0950016" lon="11.7367995">
        <ele>536.5</ele>
        <time>2026-09-10T12:17:08.000Z</time>
      </trkpt>
      <trkpt lat="50.0948737" lon="11.7379241">
        <ele>536.9</ele>
        <time>2026-09-10T12:17:29.000Z</time>
      </trkpt>
      <trkpt lat="50.0949836" lon="11.7390827">
        <ele>537.8</ele>
        <time>2026-09-10T12:17:50.000Z</time>
      </trkpt>
      <trkpt lat="50.0952299" lon="11.7399978">
        <ele>540</ele>
        <time>2026-09-10T12:18:10.000Z</time>
      </trkpt>
      <trkpt lat="50.0954408" lon="11.7407515">
        <ele>541.8</ele>
        <time>2026-09-10T12:18:31.000Z</time>
      </trkpt>
      <trkpt lat="50.0955136" lon="11.7414605">
        <ele>547.2</ele>
        <time>2026-09-10T12:18:52.000Z</time>
      </trkpt>
      <trkpt lat="50.0955564" lon="11.74216">
        <ele>549.7</ele>
        <time>2026-09-10T12:19:13.000Z</time>
      </trkpt>
      <trkpt lat="50.0957599" lon="11.7427574">
        <ele>551.7</ele>
        <time>2026-09-10T12:19:34.000Z</time>
      </trkpt>
      <trkpt lat="50.095967" lon="11.7433614">
        <ele>554.3</ele>
        <time>2026-09-10T12:19:55.000Z</time>
      </trkpt>
      <trkpt lat="50.0962309" lon="11.743923">
        <ele>555.8</ele>
        <time>2026-09-10T12:20:15.000Z</time>
      </trkpt>
      <trkpt lat="50.0965057" lon="11.744468">
        <ele>559.2</ele>
        <time>2026-09-10T12:20:36.000Z</time>
      </trkpt>
      <trkpt lat="50.0967524" lon="11.7451019">
        <ele>560.5</ele>
        <time>2026-09-10T12:20:56.000Z</time>
      </trkpt>
      <trkpt lat="50.0969144" lon="11.7457322">
        <ele>563.7</ele>
        <time>2026-09-10T12:21:17.000Z</time>
      </trkpt>
      <trkpt lat="50.0971385" lon="11.7463984">
        <ele>565</ele>
        <time>2026-09-10T12:21:38.000Z</time>
      </trkpt>
      <trkpt lat="50.0974776" lon="11.7469168">
        <ele>565.9</ele>
        <time>2026-09-10T12:21:58.000Z</time>
      </trkpt>
      <trkpt lat="50.0976433" lon="11.7474043">
        <ele>569.2</ele>
        <time>2026-09-10T12:22:19.000Z</time>
      </trkpt>
      <trkpt lat="50.0976647" lon="11.7481209">
        <ele>572.6</ele>
        <time>2026-09-10T12:22:40.000Z</time>
      </trkpt>
      <trkpt lat="50.0977976" lon="11.7487848">
        <ele>575.1</ele>
        <time>2026-09-10T12:23:01.000Z</time>
      </trkpt>
      <trkpt lat="50.0981719" lon="11.7495322">
        <ele>575.1</ele>
        <time>2026-09-10T12:23:22.000Z</time>
      </trkpt>
      <trkpt lat="50.0987532" lon="11.7498518">
        <ele>575.3</ele>
        <time>2026-09-10T12:23:42.000Z</time>
      </trkpt>
      <trkpt lat="50.0992608" lon="11.7496773">
        <ele>577</ele>
        <time>2026-09-10T12:24:03.000Z</time>
      </trkpt>
      <trkpt lat="50.0993361" lon="11.7497516">
        <ele>576.5</ele>
        <time>2026-09-10T12:24:24.000Z</time>
      </trkpt>
      <trkpt lat="50.0994086" lon="11.7497472">
        <ele>576.3</ele>
        <time>2026-09-10T12:24:44.000Z</time>
      </trkpt>
      <trkpt lat="50.099699" lon="11.7500514">
        <ele>575.7</ele>
        <time>2026-09-10T12:25:05.000Z</time>
      </trkpt>
      <trkpt lat="50.1002047" lon="11.7505099">
        <ele>575.8</ele>
        <time>2026-09-10T12:25:26.000Z</time>
      </trkpt>
      <trkpt lat="50.1006668" lon="11.7509911">
        <ele>579.5</ele>
        <time>2026-09-10T12:25:46.000Z</time>
      </trkpt>
      <trkpt lat="50.1010177" lon="11.7514942">
        <ele>584</ele>
        <time>2026-09-10T12:26:07.000Z</time>
      </trkpt>
      <trkpt lat="50.1013153" lon="11.7520842">
        <ele>588.4</ele>
        <time>2026-09-10T12:26:27.000Z</time>
      </trkpt>
      <trkpt lat="50.1014938" lon="11.7526431">
        <ele>591.4</ele>
        <time>2026-09-10T12:26:48.000Z</time>
      </trkpt>
      <trkpt lat="50.1016263" lon="11.7532713">
        <ele>593.6</ele>
        <time>2026-09-10T12:27:08.000Z</time>
      </trkpt>
      <trkpt lat="50.1017143" lon="11.7540191">
        <ele>595.2</ele>
        <time>2026-09-10T12:27:29.000Z</time>
      </trkpt>
      <trkpt lat="50.1018099" lon="11.7549208">
        <ele>597.3</ele>
        <time>2026-09-10T12:27:50.000Z</time>
      </trkpt>
      <trkpt lat="50.1019931" lon="11.7561856">
        <ele>596.1</ele>
        <time>2026-09-10T12:28:11.000Z</time>
      </trkpt>
      <trkpt lat="50.1023133" lon="11.7576734">
        <ele>596</ele>
        <time>2026-09-10T12:28:31.000Z</time>
      </trkpt>
      <trkpt lat="50.1026577" lon="11.7591783">
        <ele>596</ele>
        <time>2026-09-10T12:28:52.000Z</time>
      </trkpt>
      <trkpt lat="50.1029728" lon="11.7605906">
        <ele>595.6</ele>
        <time>2026-09-10T12:29:13.000Z</time>
      </trkpt>
      <trkpt lat="50.1033663" lon="11.7621241">
        <ele>595.1</ele>
        <time>2026-09-10T12:29:34.000Z</time>
      </trkpt>
      <trkpt lat="50.1041644" lon="11.7631306">
        <ele>592.4</ele>
        <time>2026-09-10T12:29:55.000Z</time>
      </trkpt>
      <trkpt lat="50.1052084" lon="11.7635983">
        <ele>593.2</ele>
        <time>2026-09-10T12:30:16.000Z</time>
      </trkpt>
      <trkpt lat="50.1063335" lon="11.7643788">
        <ele>591.2</ele>
        <time>2026-09-10T12:30:37.000Z</time>
      </trkpt>
      <trkpt lat="50.1074613" lon="11.7654685">
        <ele>586.6</ele>
        <time>2026-09-10T12:30:58.000Z</time>
      </trkpt>
      <trkpt lat="50.1085027" lon="11.7668529">
        <ele>583.5</ele>
        <time>2026-09-10T12:31:19.000Z</time>
      </trkpt>
      <trkpt lat="50.1094192" lon="11.7672137">
        <ele>584.4</ele>
        <time>2026-09-10T12:31:39.000Z</time>
      </trkpt>
      <trkpt lat="50.1103267" lon="11.7675253">
        <ele>585.2</ele>
        <time>2026-09-10T12:32:00.000Z</time>
      </trkpt>
      <trkpt lat="50.1115342" lon="11.7677949">
        <ele>583.2</ele>
        <time>2026-09-10T12:32:21.000Z</time>
      </trkpt>
      <trkpt lat="50.1126767" lon="11.7682607">
        <ele>580.6</ele>
        <time>2026-09-10T12:32:42.000Z</time>
      </trkpt>
      <trkpt lat="50.1135635" lon="11.7692404">
        <ele>580.8</ele>
        <time>2026-09-10T12:33:02.000Z</time>
      </trkpt>
      <trkpt lat="50.1139365" lon="11.770278">
        <ele>580.9</ele>
        <time>2026-09-10T12:33:23.000Z</time>
      </trkpt>
      <trkpt lat="50.1142802" lon="11.7714312">
        <ele>581.6</ele>
        <time>2026-09-10T12:33:44.000Z</time>
      </trkpt>
      <trkpt lat="50.1148424" lon="11.772778">
        <ele>579.5</ele>
        <time>2026-09-10T12:34:05.000Z</time>
      </trkpt>
      <trkpt lat="50.1154021" lon="11.7737822">
        <ele>581.5</ele>
        <time>2026-09-10T12:34:26.000Z</time>
      </trkpt>
      <trkpt lat="50.1158739" lon="11.7743441">
        <ele>584.6</ele>
        <time>2026-09-10T12:34:46.000Z</time>
      </trkpt>
      <trkpt lat="50.1162837" lon="11.7746696">
        <ele>587.3</ele>
        <time>2026-09-10T12:35:07.000Z</time>
      </trkpt>
      <trkpt lat="50.1166773" lon="11.7749712">
        <ele>589.9</ele>
        <time>2026-09-10T12:35:28.000Z</time>
      </trkpt>
      <trkpt lat="50.1170467" lon="11.7753675">
        <ele>592.4</ele>
        <time>2026-09-10T12:35:49.000Z</time>
      </trkpt>
      <trkpt lat="50.1173919" lon="11.7759522">
        <ele>594.8</ele>
        <time>2026-09-10T12:36:10.000Z</time>
      </trkpt>
      <trkpt lat="50.117704" lon="11.7766689">
        <ele>595.5</ele>
        <time>2026-09-10T12:36:30.000Z</time>
      </trkpt>
      <trkpt lat="50.1180704" lon="11.7774288">
        <ele>598</ele>
        <time>2026-09-10T12:36:51.000Z</time>
      </trkpt>
      <trkpt lat="50.118502" lon="11.7782413">
        <ele>598.7</ele>
        <time>2026-09-10T12:37:11.000Z</time>
      </trkpt>
      <trkpt lat="50.1189714" lon="11.7789852">
        <ele>600.7</ele>
        <time>2026-09-10T12:37:32.000Z</time>
      </trkpt>
      <trkpt lat="50.1195332" lon="11.7797365">
        <ele>602</ele>
        <time>2026-09-10T12:37:53.000Z</time>
      </trkpt>
      <trkpt lat="50.1202173" lon="11.7807043">
        <ele>601.2</ele>
        <time>2026-09-10T12:38:14.000Z</time>
      </trkpt>
      <trkpt lat="50.1208496" lon="11.7817835">
        <ele>601.4</ele>
        <time>2026-09-10T12:38:35.000Z</time>
      </trkpt>
      <trkpt lat="50.1212582" lon="11.7828673">
        <ele>601.9</ele>
        <time>2026-09-10T12:38:56.000Z</time>
      </trkpt>
      <trkpt lat="50.1214502" lon="11.7838679">
        <ele>604.8</ele>
        <time>2026-09-10T12:39:17.000Z</time>
      </trkpt>
      <trkpt lat="50.1215619" lon="11.7846765">
        <ele>606.1</ele>
        <time>2026-09-10T12:39:38.000Z</time>
      </trkpt>
      <trkpt lat="50.1216402" lon="11.7853422">
        <ele>610.4</ele>
        <time>2026-09-10T12:39:59.000Z</time>
      </trkpt>
      <trkpt lat="50.1216971" lon="11.7860558">
        <ele>614.9</ele>
        <time>2026-09-10T12:40:19.000Z</time>
      </trkpt>
      <trkpt lat="50.1217417" lon="11.7867213">
        <ele>616.2</ele>
        <time>2026-09-10T12:40:40.000Z</time>
      </trkpt>
      <trkpt lat="50.1220118" lon="11.7877434">
        <ele>615.5</ele>
        <time>2026-09-10T12:41:00.000Z</time>
      </trkpt>
      <trkpt lat="50.1227647" lon="11.7884238">
        <ele>614.8</ele>
        <time>2026-09-10T12:41:21.000Z</time>
      </trkpt>
      <trkpt lat="50.123416" lon="11.7890264">
        <ele>616.5</ele>
        <time>2026-09-10T12:41:41.000Z</time>
      </trkpt>
      <trkpt lat="50.1240047" lon="11.7896456">
        <ele>617.3</ele>
        <time>2026-09-10T12:42:02.000Z</time>
      </trkpt>
      <trkpt lat="50.1247292" lon="11.7902039">
        <ele>619.6</ele>
        <time>2026-09-10T12:42:22.000Z</time>
      </trkpt>
      <trkpt lat="50.1254152" lon="11.7906723">
        <ele>622</ele>
        <time>2026-09-10T12:42:44.000Z</time>
      </trkpt>
      <trkpt lat="50.1259784" lon="11.7909837">
        <ele>625.5</ele>
        <time>2026-09-10T12:43:05.000Z</time>
      </trkpt>
      <trkpt lat="50.1265027" lon="11.7912779">
        <ele>628.6</ele>
        <time>2026-09-10T12:43:26.000Z</time>
      </trkpt>
      <trkpt lat="50.1269974" lon="11.79156">
        <ele>630.9</ele>
        <time>2026-09-10T12:43:47.000Z</time>
      </trkpt>
      <trkpt lat="50.1274504" lon="11.7918207">
        <ele>632.8</ele>
        <time>2026-09-10T12:44:08.000Z</time>
      </trkpt>
      <trkpt lat="50.1279155" lon="11.7921071">
        <ele>635.1</ele>
        <time>2026-09-10T12:44:29.000Z</time>
      </trkpt>
      <trkpt lat="50.1283852" lon="11.792445">
        <ele>636.9</ele>
        <time>2026-09-10T12:44:49.000Z</time>
      </trkpt>
      <trkpt lat="50.128757" lon="11.7927623">
        <ele>638.6</ele>
        <time>2026-09-10T12:45:10.000Z</time>
      </trkpt>
      <trkpt lat="50.1291554" lon="11.7931288">
        <ele>640.7</ele>
        <time>2026-09-10T12:45:30.000Z</time>
      </trkpt>
      <trkpt lat="50.1295437" lon="11.7934689">
        <ele>643.5</ele>
        <time>2026-09-10T12:45:51.000Z</time>
      </trkpt>
      <trkpt lat="50.1299446" lon="11.7938247">
        <ele>645.6</ele>
        <time>2026-09-10T12:46:12.000Z</time>
      </trkpt>
      <trkpt lat="50.1303302" lon="11.7941976">
        <ele>640.5</ele>
        <time>2026-09-10T12:46:32.000Z</time>
      </trkpt>
      <trkpt lat="50.1307993" lon="11.7946717">
        <ele>642</ele>
        <time>2026-09-10T12:46:53.000Z</time>
      </trkpt>
      <trkpt lat="50.1315088" lon="11.7952361">
        <ele>646.8</ele>
        <time>2026-09-10T12:47:14.000Z</time>
      </trkpt>
      <trkpt lat="50.1318948" lon="11.7953072">
        <ele>644</ele>
        <time>2026-09-10T12:47:34.000Z</time>
      </trkpt>
      <trkpt lat="50.131882" lon="11.7953">
        <ele>642.7</ele>
        <time>2026-09-10T12:47:55.000Z</time>
      </trkpt>
      <trkpt lat="50.1318622" lon="11.7952474">
        <ele>642.5</ele>
        <time>2026-09-10T12:48:16.000Z</time>
      </trkpt>
      <trkpt lat="50.1318814" lon="11.7952735">
        <ele>641.6</ele>
        <time>2026-09-10T12:48:36.000Z</time>
      </trkpt>
      <trkpt lat="50.1318795" lon="11.7952793">
        <ele>638.1</ele>
        <time>2026-09-10T12:48:57.000Z</time>
      </trkpt>
      <trkpt lat="50.1318791" lon="11.7952797">
        <ele>638</ele>
        <time>2026-09-10T12:49:18.000Z</time>
      </trkpt>
      <trkpt lat="50.1318789" lon="11.7952798">
        <ele>638</ele>
        <time>2026-09-10T12:49:39.000Z</time>
      </trkpt>
      <trkpt lat="50.1318791" lon="11.7952798">
        <ele>638</ele>
        <time>2026-09-10T12:50:00.000Z</time>
      </trkpt>
      <trkpt lat="50.1319085" lon="11.7952479">
        <ele>638.9</ele>
        <time>2026-09-10T12:50:20.000Z</time>
      </trkpt>
      <trkpt lat="50.1319189" lon="11.7952656">
        <ele>636.5</ele>
        <time>2026-09-10T12:50:41.000Z</time>
      </trkpt>
      <trkpt lat="50.1319185" lon="11.7952654">
        <ele>636.5</ele>
        <time>2026-09-10T12:51:01.000Z</time>
      </trkpt>
      <trkpt lat="50.131918" lon="11.7952656">
        <ele>636.6</ele>
        <time>2026-09-10T12:51:22.000Z</time>
      </trkpt>
      <trkpt lat="50.1319097" lon="11.7952515">
        <ele>638.3</ele>
        <time>2026-09-10T12:51:42.000Z</time>
      </trkpt>
      <trkpt lat="50.1319291" lon="11.7952603">
        <ele>641.3</ele>
        <time>2026-09-10T12:52:03.000Z</time>
      </trkpt>
      <trkpt lat="50.131912" lon="11.7952535">
        <ele>643.8</ele>
        <time>2026-09-10T12:52:24.000Z</time>
      </trkpt>
      <trkpt lat="50.1318956" lon="11.7952564">
        <ele>644.9</ele>
        <time>2026-09-10T12:52:44.000Z</time>
      </trkpt>
      <trkpt lat="50.1319091" lon="11.7952512">
        <ele>644.4</ele>
        <time>2026-09-10T12:53:05.000Z</time>
      </trkpt>
      <trkpt lat="50.1318991" lon="11.7952788">
        <ele>640.9</ele>
        <time>2026-09-10T12:53:26.000Z</time>
      </trkpt>
      <trkpt lat="50.1318907" lon="11.7952258">
        <ele>641.8</ele>
        <time>2026-09-10T12:53:47.000Z</time>
      </trkpt>
      <trkpt lat="50.1318848" lon="11.7952442">
        <ele>642.6</ele>
        <time>2026-09-10T12:54:08.000Z</time>
      </trkpt>
      <trkpt lat="50.1318594" lon="11.7952262">
        <ele>644.8</ele>
        <time>2026-09-10T12:54:29.000Z</time>
      </trkpt>
      <trkpt lat="50.1318574" lon="11.7952258">
        <ele>644.8</ele>
        <time>2026-09-10T12:54:50.000Z</time>
      </trkpt>
      <trkpt lat="50.1319071" lon="11.7952928">
        <ele>647.2</ele>
        <time>2026-09-10T12:55:11.000Z</time>
      </trkpt>
      <trkpt lat="50.1318993" lon="11.7952394">
        <ele>646.9</ele>
        <time>2026-09-10T12:55:31.000Z</time>
      </trkpt>
      <trkpt lat="50.131902" lon="11.7952197">
        <ele>651.4</ele>
        <time>2026-09-10T12:55:52.000Z</time>
      </trkpt>
      <trkpt lat="50.1318963" lon="11.7951961">
        <ele>651.9</ele>
        <time>2026-09-10T12:56:12.000Z</time>
      </trkpt>
      <trkpt lat="50.1318954" lon="11.7952012">
        <ele>652.3</ele>
        <time>2026-09-10T12:56:33.000Z</time>
      </trkpt>
      <trkpt lat="50.1319101" lon="11.7952361">
        <ele>652.6</ele>
        <time>2026-09-10T12:56:53.000Z</time>
      </trkpt>
      <trkpt lat="50.1318829" lon="11.7952597">
        <ele>648.7</ele>
        <time>2026-09-10T12:57:14.000Z</time>
      </trkpt>
      <trkpt lat="50.1318671" lon="11.7952586">
        <ele>645.8</ele>
        <time>2026-09-10T12:57:34.000Z</time>
      </trkpt>
      <trkpt lat="50.1318648" lon="11.7952938">
        <ele>650.6</ele>
        <time>2026-09-10T12:57:55.000Z</time>
      </trkpt>
      <trkpt lat="50.1318702" lon="11.7952952">
        <ele>643.2</ele>
        <time>2026-09-10T12:58:15.000Z</time>
      </trkpt>
      <trkpt lat="50.1318465" lon="11.7952594">
        <ele>644.6</ele>
        <time>2026-09-10T12:58:36.000Z</time>
      </trkpt>
      <trkpt lat="50.131862" lon="11.7952524">
        <ele>643.4</ele>
        <time>2026-09-10T12:58:56.000Z</time>
      </trkpt>
      <trkpt lat="50.1318748" lon="11.7952503">
        <ele>645</ele>
        <time>2026-09-10T12:59:17.000Z</time>
      </trkpt>
      <trkpt lat="50.1318855" lon="11.7952638">
        <ele>644.8</ele>
        <time>2026-09-10T12:59:38.000Z</time>
      </trkpt>
      <trkpt lat="50.1318883" lon="11.7952681">
        <ele>644.8</ele>
        <time>2026-09-10T12:59:59.000Z</time>
      </trkpt>
      <trkpt lat="50.1318882" lon="11.7952601">
        <ele>646.5</ele>
        <time>2026-09-10T13:00:19.000Z</time>
      </trkpt>
      <trkpt lat="50.1318871" lon="11.7952463">
        <ele>646.4</ele>
        <time>2026-09-10T13:00:41.000Z</time>
      </trkpt>
      <trkpt lat="50.131905" lon="11.7952886">
        <ele>647.7</ele>
        <time>2026-09-10T13:01:01.000Z</time>
      </trkpt>
      <trkpt lat="50.1319134" lon="11.7952898">
        <ele>645.5</ele>
        <time>2026-09-10T13:01:21.000Z</time>
      </trkpt>
      <trkpt lat="50.1318681" lon="11.7952469">
        <ele>645.1</ele>
        <time>2026-09-10T13:01:42.000Z</time>
      </trkpt>
      <trkpt lat="50.1318782" lon="11.7952439">
        <ele>647.3</ele>
        <time>2026-09-10T13:02:02.000Z</time>
      </trkpt>
      <trkpt lat="50.131905" lon="11.7952337">
        <ele>648.7</ele>
        <time>2026-09-10T13:02:23.000Z</time>
      </trkpt>
      <trkpt lat="50.1319031" lon="11.7952237">
        <ele>648.6</ele>
        <time>2026-09-10T13:02:44.000Z</time>
      </trkpt>
      <trkpt lat="50.1319042" lon="11.7952614">
        <ele>652</ele>
        <time>2026-09-10T13:03:05.000Z</time>
      </trkpt>
      <trkpt lat="50.1319081" lon="11.7952745">
        <ele>652</ele>
        <time>2026-09-10T13:03:26.000Z</time>
      </trkpt>
      <trkpt lat="50.1319038" lon="11.7952503">
        <ele>649</ele>
        <time>2026-09-10T13:03:46.000Z</time>
      </trkpt>
      <trkpt lat="50.1318836" lon="11.7952307">
        <ele>650.6</ele>
        <time>2026-09-10T13:04:07.000Z</time>
      </trkpt>
      <trkpt lat="50.1318748" lon="11.7952381">
        <ele>649.5</ele>
        <time>2026-09-10T13:04:28.000Z</time>
      </trkpt>
      <trkpt lat="50.131887" lon="11.7952345">
        <ele>648.5</ele>
        <time>2026-09-10T13:04:48.000Z</time>
      </trkpt>
      <trkpt lat="50.1318979" lon="11.795272">
        <ele>649.5</ele>
        <time>2026-09-10T13:05:09.000Z</time>
      </trkpt>
      <trkpt lat="50.1318998" lon="11.7952797">
        <ele>649.2</ele>
        <time>2026-09-10T13:05:30.000Z</time>
      </trkpt>
      <trkpt lat="50.1319098" lon="11.7952444">
        <ele>648.3</ele>
        <time>2026-09-10T13:05:50.000Z</time>
      </trkpt>
      <trkpt lat="50.1318694" lon="11.7952544">
        <ele>648.8</ele>
        <time>2026-09-10T13:06:10.000Z</time>
      </trkpt>
      <trkpt lat="50.1318268" lon="11.7953736">
        <ele>648.8</ele>
        <time>2026-09-10T13:06:31.000Z</time>
      </trkpt>
      <trkpt lat="50.1322442" lon="11.7959152">
        <ele>648.1</ele>
        <time>2026-09-10T13:06:51.000Z</time>
      </trkpt>
      <trkpt lat="50.132626" lon="11.7968108">
        <ele>650.2</ele>
        <time>2026-09-10T13:07:12.000Z</time>
      </trkpt>
      <trkpt lat="50.1330647" lon="11.7978226">
        <ele>655</ele>
        <time>2026-09-10T13:07:33.000Z</time>
      </trkpt>
      <trkpt lat="50.133495" lon="11.7990021">
        <ele>657</ele>
        <time>2026-09-10T13:07:54.000Z</time>
      </trkpt>
      <trkpt lat="50.133962" lon="11.800506">
        <ele>658.1</ele>
        <time>2026-09-10T13:08:15.000Z</time>
      </trkpt>
      <trkpt lat="50.1343272" lon="11.802258">
        <ele>658.7</ele>
        <time>2026-09-10T13:08:36.000Z</time>
      </trkpt>
      <trkpt lat="50.134508" lon="11.8038664">
        <ele>658.9</ele>
        <time>2026-09-10T13:08:57.000Z</time>
      </trkpt>
      <trkpt lat="50.1346164" lon="11.8054501">
        <ele>658.2</ele>
        <time>2026-09-10T13:09:18.000Z</time>
      </trkpt>
      <trkpt lat="50.1347172" lon="11.806925">
        <ele>661</ele>
        <time>2026-09-10T13:09:39.000Z</time>
      </trkpt>
      <trkpt lat="50.1349408" lon="11.8083984">
        <ele>664.1</ele>
        <time>2026-09-10T13:10:00.000Z</time>
      </trkpt>
      <trkpt lat="50.1352694" lon="11.8097808">
        <ele>665.1</ele>
        <time>2026-09-10T13:10:20.000Z</time>
      </trkpt>
      <trkpt lat="50.1356945" lon="11.8110731">
        <ele>664.7</ele>
        <time>2026-09-10T13:10:41.000Z</time>
      </trkpt>
      <trkpt lat="50.1361966" lon="11.8124724">
        <ele>663.5</ele>
        <time>2026-09-10T13:11:02.000Z</time>
      </trkpt>
      <trkpt lat="50.1368485" lon="11.8142463">
        <ele>657.9</ele>
        <time>2026-09-10T13:11:23.000Z</time>
      </trkpt>
      <trkpt lat="50.1371228" lon="11.8153341">
        <ele>650.5</ele>
        <time>2026-09-10T13:11:44.000Z</time>
      </trkpt>
      <trkpt lat="50.1371811" lon="11.8155147">
        <ele>649.7</ele>
        <time>2026-09-10T13:12:05.000Z</time>
      </trkpt>
      <trkpt lat="50.1367051" lon="11.8157019">
        <ele>653.3</ele>
        <time>2026-09-10T13:12:26.000Z</time>
      </trkpt>
      <trkpt lat="50.135879" lon="11.816808">
        <ele>647.4</ele>
        <time>2026-09-10T13:12:47.000Z</time>
      </trkpt>
      <trkpt lat="50.134627" lon="11.8178743">
        <ele>645.2</ele>
        <time>2026-09-10T13:13:08.000Z</time>
      </trkpt>
      <trkpt lat="50.1342512" lon="11.819183">
        <ele>645.9</ele>
        <time>2026-09-10T13:13:28.000Z</time>
      </trkpt>
      <trkpt lat="50.1341031" lon="11.8197162">
        <ele>650.3</ele>
        <time>2026-09-10T13:13:49.000Z</time>
      </trkpt>
      <trkpt lat="50.133995" lon="11.8201624">
        <ele>655.3</ele>
        <time>2026-09-10T13:14:10.000Z</time>
      </trkpt>
      <trkpt lat="50.1339694" lon="11.8201921">
        <ele>657</ele>
        <time>2026-09-10T13:14:31.000Z</time>
      </trkpt>
      <trkpt lat="50.1339468" lon="11.8201727">
        <ele>662</ele>
        <time>2026-09-10T13:14:51.000Z</time>
      </trkpt>
      <trkpt lat="50.1339705" lon="11.8201724">
        <ele>659.3</ele>
        <time>2026-09-10T13:15:12.000Z</time>
      </trkpt>
      <trkpt lat="50.1337303" lon="11.8202069">
        <ele>660.4</ele>
        <time>2026-09-10T13:15:33.000Z</time>
      </trkpt>
      <trkpt lat="50.1336975" lon="11.8202758">
        <ele>660.1</ele>
        <time>2026-09-10T13:15:54.000Z</time>
      </trkpt>
      <trkpt lat="50.13363" lon="11.8201524">
        <ele>661</ele>
        <time>2026-09-10T13:16:15.000Z</time>
      </trkpt>
      <trkpt lat="50.1336532" lon="11.820153">
        <ele>656.8</ele>
        <time>2026-09-10T13:16:36.000Z</time>
      </trkpt>
      <trkpt lat="50.1337155" lon="11.8202391">
        <ele>659.6</ele>
        <time>2026-09-10T13:16:56.000Z</time>
      </trkpt>
      <trkpt lat="50.1337098" lon="11.8202739">
        <ele>660.3</ele>
        <time>2026-09-10T13:17:17.000Z</time>
      </trkpt>
      <trkpt lat="50.1336484" lon="11.8202907">
        <ele>663.3</ele>
        <time>2026-09-10T13:17:38.000Z</time>
      </trkpt>
      <trkpt lat="50.1336268" lon="11.8204051">
        <ele>659</ele>
        <time>2026-09-10T13:17:58.000Z</time>
      </trkpt>
      <trkpt lat="50.1335765" lon="11.8208511">
        <ele>659.9</ele>
        <time>2026-09-10T13:18:19.000Z</time>
      </trkpt>
      <trkpt lat="50.1335495" lon="11.8213769">
        <ele>661.1</ele>
        <time>2026-09-10T13:18:40.000Z</time>
      </trkpt>
      <trkpt lat="50.1335538" lon="11.8219262">
        <ele>664.1</ele>
        <time>2026-09-10T13:19:01.000Z</time>
      </trkpt>
      <trkpt lat="50.1338892" lon="11.8226075">
        <ele>663.2</ele>
        <time>2026-09-10T13:19:22.000Z</time>
      </trkpt>
      <trkpt lat="50.1345121" lon="11.8236996">
        <ele>659.9</ele>
        <time>2026-09-10T13:19:43.000Z</time>
      </trkpt>
      <trkpt lat="50.1355813" lon="11.8253486">
        <ele>655.6</ele>
        <time>2026-09-10T13:20:04.000Z</time>
      </trkpt>
      <trkpt lat="50.1365643" lon="11.8270613">
        <ele>652.1</ele>
        <time>2026-09-10T13:20:24.000Z</time>
      </trkpt>
      <trkpt lat="50.1375694" lon="11.8289263">
        <ele>648.7</ele>
        <time>2026-09-10T13:20:45.000Z</time>
      </trkpt>
      <trkpt lat="50.1386343" lon="11.8307321">
        <ele>646</ele>
        <time>2026-09-10T13:21:06.000Z</time>
      </trkpt>
      <trkpt lat="50.1398978" lon="11.8322214">
        <ele>641.5</ele>
        <time>2026-09-10T13:21:27.000Z</time>
      </trkpt>
      <trkpt lat="50.1413146" lon="11.8331161">
        <ele>640.7</ele>
        <time>2026-09-10T13:21:48.000Z</time>
      </trkpt>
      <trkpt lat="50.1426766" lon="11.8336677">
        <ele>641</ele>
        <time>2026-09-10T13:22:09.000Z</time>
      </trkpt>
      <trkpt lat="50.1438555" lon="11.8341935">
        <ele>641.3</ele>
        <time>2026-09-10T13:22:30.000Z</time>
      </trkpt>
      <trkpt lat="50.1449281" lon="11.835021">
        <ele>640.2</ele>
        <time>2026-09-10T13:22:51.000Z</time>
      </trkpt>
      <trkpt lat="50.1457737" lon="11.8364752">
        <ele>638.3</ele>
        <time>2026-09-10T13:23:11.000Z</time>
      </trkpt>
      <trkpt lat="50.1464462" lon="11.8383033">
        <ele>637.4</ele>
        <time>2026-09-10T13:23:32.000Z</time>
      </trkpt>
      <trkpt lat="50.1473329" lon="11.8403332">
        <ele>633.1</ele>
        <time>2026-09-10T13:23:52.000Z</time>
      </trkpt>
      <trkpt lat="50.1477126" lon="11.8405889">
        <ele>631.7</ele>
        <time>2026-09-10T13:24:14.000Z</time>
      </trkpt>
      <trkpt lat="50.1477164" lon="11.8405782">
        <ele>631.8</ele>
        <time>2026-09-10T13:24:35.000Z</time>
      </trkpt>
      <trkpt lat="50.1477144" lon="11.8406117">
        <ele>635</ele>
        <time>2026-09-10T13:24:56.000Z</time>
      </trkpt>
      <trkpt lat="50.1477165" lon="11.8405966">
        <ele>636.6</ele>
        <time>2026-09-10T13:25:17.000Z</time>
      </trkpt>
      <trkpt lat="50.1477086" lon="11.8405889">
        <ele>632.1</ele>
        <time>2026-09-10T13:25:38.000Z</time>
      </trkpt>
      <trkpt lat="50.1484679" lon="11.8410982">
        <ele>628</ele>
        <time>2026-09-10T13:25:59.000Z</time>
      </trkpt>
      <trkpt lat="50.1498119" lon="11.8413201">
        <ele>624.8</ele>
        <time>2026-09-10T13:26:20.000Z</time>
      </trkpt>
      <trkpt lat="50.1511647" lon="11.8413914">
        <ele>619.6</ele>
        <time>2026-09-10T13:26:41.000Z</time>
      </trkpt>
      <trkpt lat="50.15257" lon="11.8406402">
        <ele>616.4</ele>
        <time>2026-09-10T13:27:01.000Z</time>
      </trkpt>
      <trkpt lat="50.1530656" lon="11.8399263">
        <ele>616.5</ele>
        <time>2026-09-10T13:27:22.000Z</time>
      </trkpt>
      <trkpt lat="50.1532693" lon="11.8404357">
        <ele>617.5</ele>
        <time>2026-09-10T13:27:42.000Z</time>
      </trkpt>
      <trkpt lat="50.1534739" lon="11.8409472">
        <ele>618.6</ele>
        <time>2026-09-10T13:28:04.000Z</time>
      </trkpt>
      <trkpt lat="50.1536633" lon="11.8414178">
        <ele>621.2</ele>
        <time>2026-09-10T13:28:24.000Z</time>
      </trkpt>
      <trkpt lat="50.154023" lon="11.8418948">
        <ele>625.2</ele>
        <time>2026-09-10T13:28:45.000Z</time>
      </trkpt>
      <trkpt lat="50.1544219" lon="11.8423896">
        <ele>628.7</ele>
        <time>2026-09-10T13:29:06.000Z</time>
      </trkpt>
      <trkpt lat="50.1548059" lon="11.8428564">
        <ele>631.1</ele>
        <time>2026-09-10T13:29:26.000Z</time>
      </trkpt>
      <trkpt lat="50.1552219" lon="11.843354">
        <ele>632.4</ele>
        <time>2026-09-10T13:29:47.000Z</time>
      </trkpt>
      <trkpt lat="50.1556169" lon="11.8438627">
        <ele>634.1</ele>
        <time>2026-09-10T13:30:08.000Z</time>
      </trkpt>
      <trkpt lat="50.1560753" lon="11.8444141">
        <ele>633.5</ele>
        <time>2026-09-10T13:30:29.000Z</time>
      </trkpt>
      <trkpt lat="50.1564044" lon="11.8446901">
        <ele>633.2</ele>
        <time>2026-09-10T13:30:50.000Z</time>
      </trkpt>
      <trkpt lat="50.1568633" lon="11.8447447">
        <ele>629</ele>
        <time>2026-09-10T13:31:11.000Z</time>
      </trkpt>
      <trkpt lat="50.1570213" lon="11.8447389">
        <ele>624.6</ele>
        <time>2026-09-10T13:31:32.000Z</time>
      </trkpt>
      <trkpt lat="50.1570198" lon="11.8447349">
        <ele>624.8</ele>
        <time>2026-09-10T13:31:53.000Z</time>
      </trkpt>
      <trkpt lat="50.1570254" lon="11.8447521">
        <ele>624.9</ele>
        <time>2026-09-10T13:32:13.000Z</time>
      </trkpt>
      <trkpt lat="50.1571765" lon="11.8447951">
        <ele>624.2</ele>
        <time>2026-09-10T13:32:34.000Z</time>
      </trkpt>
      <trkpt lat="50.1580856" lon="11.8449284">
        <ele>626.5</ele>
        <time>2026-09-10T13:32:55.000Z</time>
      </trkpt>
      <trkpt lat="50.1589486" lon="11.844918">
        <ele>623.5</ele>
        <time>2026-09-10T13:33:15.000Z</time>
      </trkpt>
      <trkpt lat="50.1598928" lon="11.8444078">
        <ele>611.9</ele>
        <time>2026-09-10T13:33:36.000Z</time>
      </trkpt>
      <trkpt lat="50.1606769" lon="11.8438608">
        <ele>599.9</ele>
        <time>2026-09-10T13:33:57.000Z</time>
      </trkpt>
      <trkpt lat="50.1612253" lon="11.8439692">
        <ele>602.2</ele>
        <time>2026-09-10T13:34:17.000Z</time>
      </trkpt>
      <trkpt lat="50.161186" lon="11.8438961">
        <ele>611.9</ele>
        <time>2026-09-10T13:34:39.000Z</time>
      </trkpt>
      <trkpt lat="50.1612231" lon="11.8439103">
        <ele>613.5</ele>
        <time>2026-09-10T13:34:59.000Z</time>
      </trkpt>
      <trkpt lat="50.1612536" lon="11.8439287">
        <ele>612.8</ele>
        <time>2026-09-10T13:35:21.000Z</time>
      </trkpt>
      <trkpt lat="50.1612534" lon="11.843916">
        <ele>609.7</ele>
        <time>2026-09-10T13:35:42.000Z</time>
      </trkpt>
      <trkpt lat="50.1612441" lon="11.8438842">
        <ele>608.5</ele>
        <time>2026-09-10T13:36:02.000Z</time>
      </trkpt>
      <trkpt lat="50.1612349" lon="11.8439024">
        <ele>608.3</ele>
        <time>2026-09-10T13:36:23.000Z</time>
      </trkpt>
      <trkpt lat="50.1612507" lon="11.8439214">
        <ele>610.2</ele>
        <time>2026-09-10T13:36:43.000Z</time>
      </trkpt>
      <trkpt lat="50.1612723" lon="11.843943">
        <ele>607.9</ele>
        <time>2026-09-10T13:37:04.000Z</time>
      </trkpt>
      <trkpt lat="50.1612952" lon="11.8439924">
        <ele>607.5</ele>
        <time>2026-09-10T13:37:24.000Z</time>
      </trkpt>
      <trkpt lat="50.1612744" lon="11.8439555">
        <ele>605.4</ele>
        <time>2026-09-10T13:37:45.000Z</time>
      </trkpt>
      <trkpt lat="50.1612721" lon="11.8439856">
        <ele>602.3</ele>
        <time>2026-09-10T13:38:06.000Z</time>
      </trkpt>
      <trkpt lat="50.1612837" lon="11.8439838">
        <ele>604.1</ele>
        <time>2026-09-10T13:38:27.000Z</time>
      </trkpt>
      <trkpt lat="50.1612852" lon="11.8439566">
        <ele>602.4</ele>
        <time>2026-09-10T13:38:48.000Z</time>
      </trkpt>
      <trkpt lat="50.161349" lon="11.8438163">
        <ele>603.3</ele>
        <time>2026-09-10T13:39:09.000Z</time>
      </trkpt>
      <trkpt lat="50.1614644" lon="11.8427666">
        <ele>603.1</ele>
        <time>2026-09-10T13:39:30.000Z</time>
      </trkpt>
      <trkpt lat="50.1618842" lon="11.8425526">
        <ele>603.6</ele>
        <time>2026-09-10T13:39:50.000Z</time>
      </trkpt>
      <trkpt lat="50.1627211" lon="11.8425456">
        <ele>603.8</ele>
        <time>2026-09-10T13:40:11.000Z</time>
      </trkpt>
      <trkpt lat="50.1636876" lon="11.8424239">
        <ele>600.1</ele>
        <time>2026-09-10T13:40:32.000Z</time>
      </trkpt>
      <trkpt lat="50.1646782" lon="11.8424972">
        <ele>595.5</ele>
        <time>2026-09-10T13:40:53.000Z</time>
      </trkpt>
      <trkpt lat="50.1655144" lon="11.8430904">
        <ele>599.9</ele>
        <time>2026-09-10T13:41:13.000Z</time>
      </trkpt>
      <trkpt lat="50.1657977" lon="11.8434557">
        <ele>600</ele>
        <time>2026-09-10T13:41:34.000Z</time>
      </trkpt>
      <trkpt lat="50.1666391" lon="11.843753">
        <ele>599.1</ele>
        <time>2026-09-10T13:41:55.000Z</time>
      </trkpt>
      <trkpt lat="50.167854" lon="11.8441532">
        <ele>598.4</ele>
        <time>2026-09-10T13:42:15.000Z</time>
      </trkpt>
      <trkpt lat="50.1691912" lon="11.8445494">
        <ele>596.8</ele>
        <time>2026-09-10T13:42:36.000Z</time>
      </trkpt>
      <trkpt lat="50.1702804" lon="11.8448076">
        <ele>595.1</ele>
        <time>2026-09-10T13:42:57.000Z</time>
      </trkpt>
      <trkpt lat="50.1716403" lon="11.844967">
        <ele>589.9</ele>
        <time>2026-09-10T13:43:18.000Z</time>
      </trkpt>
      <trkpt lat="50.1735957" lon="11.8450477">
        <ele>579.1</ele>
        <time>2026-09-10T13:43:38.000Z</time>
      </trkpt>
      <trkpt lat="50.1752437" lon="11.8462522">
        <ele>570.7</ele>
        <time>2026-09-10T13:43:59.000Z</time>
      </trkpt>
      <trkpt lat="50.1762736" lon="11.8475374">
        <ele>573.1</ele>
        <time>2026-09-10T13:44:19.000Z</time>
      </trkpt>
      <trkpt lat="50.1768862" lon="11.8479005">
        <ele>575.6</ele>
        <time>2026-09-10T13:44:40.000Z</time>
      </trkpt>
      <trkpt lat="50.1774233" lon="11.8479625">
        <ele>581.4</ele>
        <time>2026-09-10T13:45:00.000Z</time>
      </trkpt>
      <trkpt lat="50.1778351" lon="11.8478641">
        <ele>584.5</ele>
        <time>2026-09-10T13:45:21.000Z</time>
      </trkpt>
      <trkpt lat="50.1782477" lon="11.8477201">
        <ele>586.6</ele>
        <time>2026-09-10T13:45:41.000Z</time>
      </trkpt>
      <trkpt lat="50.1789331" lon="11.84738">
        <ele>583</ele>
        <time>2026-09-10T13:46:02.000Z</time>
      </trkpt>
      <trkpt lat="50.1803626" lon="11.8469932">
        <ele>579.5</ele>
        <time>2026-09-10T13:46:23.000Z</time>
      </trkpt>
      <trkpt lat="50.1811485" lon="11.8467935">
        <ele>582.8</ele>
        <time>2026-09-10T13:46:44.000Z</time>
      </trkpt>
      <trkpt lat="50.1816694" lon="11.8466742">
        <ele>587.2</ele>
        <time>2026-09-10T13:47:05.000Z</time>
      </trkpt>
      <trkpt lat="50.1822874" lon="11.8465781">
        <ele>590.2</ele>
        <time>2026-09-10T13:47:26.000Z</time>
      </trkpt>
      <trkpt lat="50.1832032" lon="11.846394">
        <ele>588.2</ele>
        <time>2026-09-10T13:47:47.000Z</time>
      </trkpt>
      <trkpt lat="50.1843294" lon="11.8471223">
        <ele>582.5</ele>
        <time>2026-09-10T13:48:08.000Z</time>
      </trkpt>
      <trkpt lat="50.1848793" lon="11.8484725">
        <ele>578</ele>
        <time>2026-09-10T13:48:28.000Z</time>
      </trkpt>
      <trkpt lat="50.1852134" lon="11.8488308">
        <ele>573</ele>
        <time>2026-09-10T13:48:49.000Z</time>
      </trkpt>
      <trkpt lat="50.185242" lon="11.8488374">
        <ele>574.6</ele>
        <time>2026-09-10T13:49:10.000Z</time>
      </trkpt>
      <trkpt lat="50.1854919" lon="11.8489891">
        <ele>572.4</ele>
        <time>2026-09-10T13:49:31.000Z</time>
      </trkpt>
      <trkpt lat="50.1856871" lon="11.8500346">
        <ele>575.4</ele>
        <time>2026-09-10T13:49:52.000Z</time>
      </trkpt>
      <trkpt lat="50.1860639" lon="11.85066">
        <ele>574.5</ele>
        <time>2026-09-10T13:50:13.000Z</time>
      </trkpt>
      <trkpt lat="50.18665" lon="11.8514204">
        <ele>574.6</ele>
        <time>2026-09-10T13:50:34.000Z</time>
      </trkpt>
      <trkpt lat="50.1875885" lon="11.8518157">
        <ele>573.6</ele>
        <time>2026-09-10T13:50:55.000Z</time>
      </trkpt>
      <trkpt lat="50.1888556" lon="11.8514976">
        <ele>572.7</ele>
        <time>2026-09-10T13:51:15.000Z</time>
      </trkpt>
      <trkpt lat="50.1888813" lon="11.8515046">
        <ele>573.5</ele>
        <time>2026-09-10T13:51:36.000Z</time>
      </trkpt>
      <trkpt lat="50.1888924" lon="11.8515008">
        <ele>573.3</ele>
        <time>2026-09-10T13:51:58.000Z</time>
      </trkpt>
      <trkpt lat="50.1888928" lon="11.8515004">
        <ele>573.2</ele>
        <time>2026-09-10T13:52:18.000Z</time>
      </trkpt>
      <trkpt lat="50.1888927" lon="11.8515">
        <ele>573.1</ele>
        <time>2026-09-10T13:52:39.000Z</time>
      </trkpt>
      <trkpt lat="50.1888843" lon="11.8515184">
        <ele>573.5</ele>
        <time>2026-09-10T13:53:00.000Z</time>
      </trkpt>
      <trkpt lat="50.188876" lon="11.85153">
        <ele>573.9</ele>
        <time>2026-09-10T13:53:21.000Z</time>
      </trkpt>
      <trkpt lat="50.188874" lon="11.8515139">
        <ele>573.3</ele>
        <time>2026-09-10T13:53:42.000Z</time>
      </trkpt>
      <trkpt lat="50.1888752" lon="11.8515289">
        <ele>571.3</ele>
        <time>2026-09-10T13:54:03.000Z</time>
      </trkpt>
      <trkpt lat="50.1888644" lon="11.8520631">
        <ele>570.2</ele>
        <time>2026-09-10T13:54:23.000Z</time>
      </trkpt>
      <trkpt lat="50.1890147" lon="11.8527868">
        <ele>575.3</ele>
        <time>2026-09-10T13:54:44.000Z</time>
      </trkpt>
      <trkpt lat="50.1891904" lon="11.8533158">
        <ele>579.5</ele>
        <time>2026-09-10T13:55:04.000Z</time>
      </trkpt>
      <trkpt lat="50.1893771" lon="11.8537757">
        <ele>583.3</ele>
        <time>2026-09-10T13:55:25.000Z</time>
      </trkpt>
      <trkpt lat="50.1895717" lon="11.8542252">
        <ele>587.4</ele>
        <time>2026-09-10T13:55:45.000Z</time>
      </trkpt>
      <trkpt lat="50.1897933" lon="11.8546401">
        <ele>592</ele>
        <time>2026-09-10T13:56:06.000Z</time>
      </trkpt>
      <trkpt lat="50.1899911" lon="11.8550635">
        <ele>595.7</ele>
        <time>2026-09-10T13:56:26.000Z</time>
      </trkpt>
      <trkpt lat="50.1901769" lon="11.8555171">
        <ele>599.1</ele>
        <time>2026-09-10T13:56:48.000Z</time>
      </trkpt>
      <trkpt lat="50.1903617" lon="11.8560551">
        <ele>601.8</ele>
        <time>2026-09-10T13:57:09.000Z</time>
      </trkpt>
      <trkpt lat="50.1905251" lon="11.856643">
        <ele>603.9</ele>
        <time>2026-09-10T13:57:29.000Z</time>
      </trkpt>
      <trkpt lat="50.190688" lon="11.857249">
        <ele>605.5</ele>
        <time>2026-09-10T13:57:50.000Z</time>
      </trkpt>
      <trkpt lat="50.1908846" lon="11.8579566">
        <ele>606.7</ele>
        <time>2026-09-10T13:58:11.000Z</time>
      </trkpt>
      <trkpt lat="50.1911487" lon="11.8587825">
        <ele>607.6</ele>
        <time>2026-09-10T13:58:32.000Z</time>
      </trkpt>
      <trkpt lat="50.1915195" lon="11.8596454">
        <ele>610</ele>
        <time>2026-09-10T13:58:53.000Z</time>
      </trkpt>
      <trkpt lat="50.1919986" lon="11.8605782">
        <ele>609.5</ele>
        <time>2026-09-10T13:59:13.000Z</time>
      </trkpt>
      <trkpt lat="50.1926536" lon="11.8615477">
        <ele>607.4</ele>
        <time>2026-09-10T13:59:34.000Z</time>
      </trkpt>
      <trkpt lat="50.1935023" lon="11.8627883">
        <ele>604.5</ele>
        <time>2026-09-10T13:59:54.000Z</time>
      </trkpt>
      <trkpt lat="50.1944518" lon="11.8647989">
        <ele>589.9</ele>
        <time>2026-09-10T14:00:15.000Z</time>
      </trkpt>
      <trkpt lat="50.1950062" lon="11.865836">
        <ele>583</ele>
        <time>2026-09-10T14:00:35.000Z</time>
      </trkpt>
      <trkpt lat="50.1950821" lon="11.8658647">
        <ele>579.4</ele>
        <time>2026-09-10T14:00:56.000Z</time>
      </trkpt>
      <trkpt lat="50.1950925" lon="11.8658622">
        <ele>578.7</ele>
        <time>2026-09-10T14:01:17.000Z</time>
      </trkpt>
      <trkpt lat="50.1951141" lon="11.8658799">
        <ele>579.6</ele>
        <time>2026-09-10T14:01:38.000Z</time>
      </trkpt>
      <trkpt lat="50.1957923" lon="11.8661015">
        <ele>576.6</ele>
        <time>2026-09-10T14:01:59.000Z</time>
      </trkpt>
      <trkpt lat="50.1970924" lon="11.8665558">
        <ele>574.3</ele>
        <time>2026-09-10T14:02:19.000Z</time>
      </trkpt>
      <trkpt lat="50.198363" lon="11.8680483">
        <ele>567.2</ele>
        <time>2026-09-10T14:02:40.000Z</time>
      </trkpt>
      <trkpt lat="50.1997965" lon="11.8691323">
        <ele>565.5</ele>
        <time>2026-09-10T14:03:00.000Z</time>
      </trkpt>
      <trkpt lat="50.2010901" lon="11.8693678">
        <ele>562.5</ele>
        <time>2026-09-10T14:03:21.000Z</time>
      </trkpt>
      <trkpt lat="50.2025832" lon="11.8694528">
        <ele>556.6</ele>
        <time>2026-09-10T14:03:41.000Z</time>
      </trkpt>
      <trkpt lat="50.2041349" lon="11.8696963">
        <ele>554.9</ele>
        <time>2026-09-10T14:04:02.000Z</time>
      </trkpt>
      <trkpt lat="50.2049467" lon="11.8698433">
        <ele>557.9</ele>
        <time>2026-09-10T14:04:23.000Z</time>
      </trkpt>
      <trkpt lat="50.2055635" lon="11.8699167">
        <ele>559.7</ele>
        <time>2026-09-10T14:04:44.000Z</time>
      </trkpt>
      <trkpt lat="50.2064992" lon="11.8699204">
        <ele>556.9</ele>
        <time>2026-09-10T14:05:05.000Z</time>
      </trkpt>
      <trkpt lat="50.2076932" lon="11.8697088">
        <ele>557.7</ele>
        <time>2026-09-10T14:05:25.000Z</time>
      </trkpt>
      <trkpt lat="50.208459" lon="11.8693212">
        <ele>559.6</ele>
        <time>2026-09-10T14:05:46.000Z</time>
      </trkpt>
      <trkpt lat="50.2091345" lon="11.8688424">
        <ele>559.5</ele>
        <time>2026-09-10T14:06:06.000Z</time>
      </trkpt>
      <trkpt lat="50.2097937" lon="11.8687695">
        <ele>558.7</ele>
        <time>2026-09-10T14:06:27.000Z</time>
      </trkpt>
      <trkpt lat="50.2105222" lon="11.8695258">
        <ele>555</ele>
        <time>2026-09-10T14:06:48.000Z</time>
      </trkpt>
      <trkpt lat="50.2115118" lon="11.8699346">
        <ele>555.2</ele>
        <time>2026-09-10T14:07:09.000Z</time>
      </trkpt>
      <trkpt lat="50.2116979" lon="11.8704808">
        <ele>553</ele>
        <time>2026-09-10T14:07:29.000Z</time>
      </trkpt>
      <trkpt lat="50.2115913" lon="11.8717968">
        <ele>551.2</ele>
        <time>2026-09-10T14:07:50.000Z</time>
      </trkpt>
      <trkpt lat="50.2114414" lon="11.8727497">
        <ele>553.6</ele>
        <time>2026-09-10T14:08:11.000Z</time>
      </trkpt>
      <trkpt lat="50.2114178" lon="11.8734714">
        <ele>557.8</ele>
        <time>2026-09-10T14:08:31.000Z</time>
      </trkpt>
      <trkpt lat="50.2114428" lon="11.8740232">
        <ele>560</ele>
        <time>2026-09-10T14:08:52.000Z</time>
      </trkpt>
      <trkpt lat="50.2114967" lon="11.8744777">
        <ele>564.9</ele>
        <time>2026-09-10T14:09:13.000Z</time>
      </trkpt>
      <trkpt lat="50.2115408" lon="11.87496">
        <ele>568</ele>
        <time>2026-09-10T14:09:34.000Z</time>
      </trkpt>
      <trkpt lat="50.2116032" lon="11.8755563">
        <ele>570.3</ele>
        <time>2026-09-10T14:09:55.000Z</time>
      </trkpt>
      <trkpt lat="50.2117199" lon="11.8761763">
        <ele>572.8</ele>
        <time>2026-09-10T14:10:16.000Z</time>
      </trkpt>
      <trkpt lat="50.2118927" lon="11.8768243">
        <ele>576.5</ele>
        <time>2026-09-10T14:10:37.000Z</time>
      </trkpt>
      <trkpt lat="50.2120785" lon="11.8774894">
        <ele>579.5</ele>
        <time>2026-09-10T14:10:58.000Z</time>
      </trkpt>
      <trkpt lat="50.212276" lon="11.8781511">
        <ele>581.3</ele>
        <time>2026-09-10T14:11:19.000Z</time>
      </trkpt>
      <trkpt lat="50.2124969" lon="11.8789104">
        <ele>583.7</ele>
        <time>2026-09-10T14:11:40.000Z</time>
      </trkpt>
      <trkpt lat="50.2126754" lon="11.8797699">
        <ele>585.1</ele>
        <time>2026-09-10T14:12:00.000Z</time>
      </trkpt>
      <trkpt lat="50.2128117" lon="11.8806411">
        <ele>588.3</ele>
        <time>2026-09-10T14:12:21.000Z</time>
      </trkpt>
      <trkpt lat="50.2128922" lon="11.8816234">
        <ele>589.2</ele>
        <time>2026-09-10T14:12:41.000Z</time>
      </trkpt>
      <trkpt lat="50.2128226" lon="11.8826147">
        <ele>587.6</ele>
        <time>2026-09-10T14:13:02.000Z</time>
      </trkpt>
      <trkpt lat="50.2126526" lon="11.8836113">
        <ele>587.3</ele>
        <time>2026-09-10T14:13:22.000Z</time>
      </trkpt>
      <trkpt lat="50.2124101" lon="11.8847013">
        <ele>587</ele>
        <time>2026-09-10T14:13:43.000Z</time>
      </trkpt>
      <trkpt lat="50.2120601" lon="11.8860069">
        <ele>586.7</ele>
        <time>2026-09-10T14:14:04.000Z</time>
      </trkpt>
      <trkpt lat="50.2116319" lon="11.8873729">
        <ele>586.1</ele>
        <time>2026-09-10T14:14:25.000Z</time>
      </trkpt>
      <trkpt lat="50.2110973" lon="11.8888088">
        <ele>585.1</ele>
        <time>2026-09-10T14:14:46.000Z</time>
      </trkpt>
      <trkpt lat="50.2105311" lon="11.8901051">
        <ele>582</ele>
        <time>2026-09-10T14:15:07.000Z</time>
      </trkpt>
      <trkpt lat="50.2098118" lon="11.8915539">
        <ele>581.2</ele>
        <time>2026-09-10T14:15:28.000Z</time>
      </trkpt>
      <trkpt lat="50.2090324" lon="11.8932004">
        <ele>581.5</ele>
        <time>2026-09-10T14:15:49.000Z</time>
      </trkpt>
      <trkpt lat="50.208712" lon="11.8940699">
        <ele>585.1</ele>
        <time>2026-09-10T14:16:09.000Z</time>
      </trkpt>
      <trkpt lat="50.2084385" lon="11.8949825">
        <ele>585.7</ele>
        <time>2026-09-10T14:16:30.000Z</time>
      </trkpt>
      <trkpt lat="50.2081778" lon="11.8963272">
        <ele>583</ele>
        <time>2026-09-10T14:16:50.000Z</time>
      </trkpt>
      <trkpt lat="50.2080601" lon="11.8988473">
        <ele>575.1</ele>
        <time>2026-09-10T14:17:12.000Z</time>
      </trkpt>
      <trkpt lat="50.2086921" lon="11.9004863">
        <ele>566.8</ele>
        <time>2026-09-10T14:17:32.000Z</time>
      </trkpt>
      <trkpt lat="50.2093637" lon="11.9025394">
        <ele>556.1</ele>
        <time>2026-09-10T14:17:53.000Z</time>
      </trkpt>
      <trkpt lat="50.2095546" lon="11.9039244">
        <ele>551</ele>
        <time>2026-09-10T14:18:14.000Z</time>
      </trkpt>
      <trkpt lat="50.2095484" lon="11.9039186">
        <ele>554.2</ele>
        <time>2026-09-10T14:18:35.000Z</time>
      </trkpt>
      <trkpt lat="50.2095409" lon="11.9039415">
        <ele>555.2</ele>
        <time>2026-09-10T14:18:56.000Z</time>
      </trkpt>
      <trkpt lat="50.2095463" lon="11.9039671">
        <ele>555.7</ele>
        <time>2026-09-10T14:19:17.000Z</time>
      </trkpt>
      <trkpt lat="50.2095913" lon="11.9039731">
        <ele>561.9</ele>
        <time>2026-09-10T14:19:37.000Z</time>
      </trkpt>
      <trkpt lat="50.2095946" lon="11.9039725">
        <ele>558.6</ele>
        <time>2026-09-10T14:19:58.000Z</time>
      </trkpt>
      <trkpt lat="50.2091234" lon="11.905199">
        <ele>547.4</ele>
        <time>2026-09-10T14:20:19.000Z</time>
      </trkpt>
      <trkpt lat="50.2092932" lon="11.9066145">
        <ele>544.2</ele>
        <time>2026-09-10T14:20:40.000Z</time>
      </trkpt>
      <trkpt lat="50.209519" lon="11.9072693">
        <ele>546.7</ele>
        <time>2026-09-10T14:21:01.000Z</time>
      </trkpt>
      <trkpt lat="50.2099732" lon="11.9085575">
        <ele>546</ele>
        <time>2026-09-10T14:21:22.000Z</time>
      </trkpt>
      <trkpt lat="50.2103039" lon="11.9098369">
        <ele>546.5</ele>
        <time>2026-09-10T14:21:42.000Z</time>
      </trkpt>
      <trkpt lat="50.2105302" lon="11.9109704">
        <ele>549.2</ele>
        <time>2026-09-10T14:22:03.000Z</time>
      </trkpt>
      <trkpt lat="50.2108057" lon="11.9118821">
        <ele>551.4</ele>
        <time>2026-09-10T14:22:24.000Z</time>
      </trkpt>
      <trkpt lat="50.211196" lon="11.9127241">
        <ele>554.8</ele>
        <time>2026-09-10T14:22:45.000Z</time>
      </trkpt>
      <trkpt lat="50.211652" lon="11.9137316">
        <ele>554.4</ele>
        <time>2026-09-10T14:23:06.000Z</time>
      </trkpt>
      <trkpt lat="50.2123554" lon="11.9150979">
        <ele>550.9</ele>
        <time>2026-09-10T14:23:27.000Z</time>
      </trkpt>
      <trkpt lat="50.2134036" lon="11.9169213">
        <ele>546.4</ele>
        <time>2026-09-10T14:23:48.000Z</time>
      </trkpt>
      <trkpt lat="50.2139724" lon="11.9178673">
        <ele>545.6</ele>
        <time>2026-09-10T14:24:08.000Z</time>
      </trkpt>
      <trkpt lat="50.2140147" lon="11.9173915">
        <ele>543.2</ele>
        <time>2026-09-10T14:24:29.000Z</time>
      </trkpt>
      <trkpt lat="50.2149111" lon="11.9172019">
        <ele>546.4</ele>
        <time>2026-09-10T14:24:50.000Z</time>
      </trkpt>
      <trkpt lat="50.2157745" lon="11.9167792">
        <ele>549.9</ele>
        <time>2026-09-10T14:25:10.000Z</time>
      </trkpt>
      <trkpt lat="50.2164433" lon="11.9167819">
        <ele>551.6</ele>
        <time>2026-09-10T14:25:31.000Z</time>
      </trkpt>
      <trkpt lat="50.2170846" lon="11.9170806">
        <ele>553.8</ele>
        <time>2026-09-10T14:25:52.000Z</time>
      </trkpt>
      <trkpt lat="50.2177819" lon="11.9175904">
        <ele>555.8</ele>
        <time>2026-09-10T14:26:13.000Z</time>
      </trkpt>
      <trkpt lat="50.218557" lon="11.9178755">
        <ele>556.6</ele>
        <time>2026-09-10T14:26:34.000Z</time>
      </trkpt>
      <trkpt lat="50.2193119" lon="11.9179732">
        <ele>556.9</ele>
        <time>2026-09-10T14:26:54.000Z</time>
      </trkpt>
      <trkpt lat="50.2199294" lon="11.918163">
        <ele>560.1</ele>
        <time>2026-09-10T14:27:15.000Z</time>
      </trkpt>
      <trkpt lat="50.2204848" lon="11.9185983">
        <ele>563.6</ele>
        <time>2026-09-10T14:27:36.000Z</time>
      </trkpt>
      <trkpt lat="50.2209128" lon="11.9191641">
        <ele>567.8</ele>
        <time>2026-09-10T14:27:57.000Z</time>
      </trkpt>
      <trkpt lat="50.2212646" lon="11.9196855">
        <ele>569.4</ele>
        <time>2026-09-10T14:28:17.000Z</time>
      </trkpt>
      <trkpt lat="50.2215519" lon="11.9201258">
        <ele>571.3</ele>
        <time>2026-09-10T14:28:39.000Z</time>
      </trkpt>
      <trkpt lat="50.221509" lon="11.9205508">
        <ele>570</ele>
        <time>2026-09-10T14:29:00.000Z</time>
      </trkpt>
      <trkpt lat="50.2212408" lon="11.9213703">
        <ele>569.9</ele>
        <time>2026-09-10T14:29:20.000Z</time>
      </trkpt>
      <trkpt lat="50.2210701" lon="11.9225068">
        <ele>566.1</ele>
        <time>2026-09-10T14:29:41.000Z</time>
      </trkpt>
      <trkpt lat="50.2214546" lon="11.923847">
        <ele>564.9</ele>
        <time>2026-09-10T14:30:02.000Z</time>
      </trkpt>
      <trkpt lat="50.222167" lon="11.9253016">
        <ele>562</ele>
        <time>2026-09-10T14:30:23.000Z</time>
      </trkpt>
      <trkpt lat="50.2223707" lon="11.9273778">
        <ele>562.4</ele>
        <time>2026-09-10T14:30:44.000Z</time>
      </trkpt>
      <trkpt lat="50.2222119" lon="11.9294797">
        <ele>555.1</ele>
        <time>2026-09-10T14:31:05.000Z</time>
      </trkpt>
      <trkpt lat="50.2226881" lon="11.9310048">
        <ele>550.1</ele>
        <time>2026-09-10T14:31:26.000Z</time>
      </trkpt>
      <trkpt lat="50.2234706" lon="11.9316776">
        <ele>545.4</ele>
        <time>2026-09-10T14:31:47.000Z</time>
      </trkpt>
      <trkpt lat="50.2235142" lon="11.9316903">
        <ele>548.4</ele>
        <time>2026-09-10T14:32:08.000Z</time>
      </trkpt>
      <trkpt lat="50.2235031" lon="11.9317034">
        <ele>551.2</ele>
        <time>2026-09-10T14:32:29.000Z</time>
      </trkpt>
      <trkpt lat="50.2235576" lon="11.9317466">
        <ele>556.7</ele>
        <time>2026-09-10T14:32:50.000Z</time>
      </trkpt>
      <trkpt lat="50.2235385" lon="11.9317558">
        <ele>559.3</ele>
        <time>2026-09-10T14:33:11.000Z</time>
      </trkpt>
      <trkpt lat="50.2235314" lon="11.9317223">
        <ele>559.7</ele>
        <time>2026-09-10T14:33:32.000Z</time>
      </trkpt>
      <trkpt lat="50.2235212" lon="11.9317002">
        <ele>553.4</ele>
        <time>2026-09-10T14:33:53.000Z</time>
      </trkpt>
      <trkpt lat="50.2235999" lon="11.9316673">
        <ele>556</ele>
        <time>2026-09-10T14:34:14.000Z</time>
      </trkpt>
      <trkpt lat="50.2236325" lon="11.9316483">
        <ele>562.4</ele>
        <time>2026-09-10T14:34:34.000Z</time>
      </trkpt>
      <trkpt lat="50.223659" lon="11.9321107">
        <ele>550.9</ele>
        <time>2026-09-10T14:34:55.000Z</time>
      </trkpt>
      <trkpt lat="50.2237848" lon="11.9326119">
        <ele>553</ele>
        <time>2026-09-10T14:35:15.000Z</time>
      </trkpt>
      <trkpt lat="50.2239969" lon="11.9334828">
        <ele>542.3</ele>
        <time>2026-09-10T14:35:36.000Z</time>
      </trkpt>
      <trkpt lat="50.2244093" lon="11.9350115">
        <ele>541.2</ele>
        <time>2026-09-10T14:35:57.000Z</time>
      </trkpt>
      <trkpt lat="50.2249011" lon="11.9354578">
        <ele>540.1</ele>
        <time>2026-09-10T14:36:17.000Z</time>
      </trkpt>
      <trkpt lat="50.2255708" lon="11.9350861">
        <ele>538.5</ele>
        <time>2026-09-10T14:36:38.000Z</time>
      </trkpt>
      <trkpt lat="50.2259269" lon="11.934988">
        <ele>540.3</ele>
        <time>2026-09-10T14:36:58.000Z</time>
      </trkpt>
      <trkpt lat="50.2259448" lon="11.9349763">
        <ele>539</ele>
        <time>2026-09-10T14:37:19.000Z</time>
      </trkpt>
      <trkpt lat="50.225982" lon="11.934806">
        <ele>539.1</ele>
        <time>2026-09-10T14:37:39.000Z</time>
      </trkpt>
      <trkpt lat="50.2259831" lon="11.934859">
        <ele>540.2</ele>
        <time>2026-09-10T14:38:01.000Z</time>
      </trkpt>
      <trkpt lat="50.2259983" lon="11.934813">
        <ele>539.6</ele>
        <time>2026-09-10T14:38:22.000Z</time>
      </trkpt>
      <trkpt lat="50.2259913" lon="11.9347768">
        <ele>539.9</ele>
        <time>2026-09-10T14:38:43.000Z</time>
      </trkpt>
      <trkpt lat="50.2261655" lon="11.9345813">
        <ele>543.3</ele>
        <time>2026-09-10T14:39:04.000Z</time>
      </trkpt>
      <trkpt lat="50.2263415" lon="11.9339769">
        <ele>546.7</ele>
        <time>2026-09-10T14:39:25.000Z</time>
      </trkpt>
      <trkpt lat="50.2270172" lon="11.9339177">
        <ele>544.9</ele>
        <time>2026-09-10T14:39:46.000Z</time>
      </trkpt>
      <trkpt lat="50.228077" lon="11.9337969">
        <ele>542.8</ele>
        <time>2026-09-10T14:40:06.000Z</time>
      </trkpt>
      <trkpt lat="50.2286903" lon="11.9333548">
        <ele>546.3</ele>
        <time>2026-09-10T14:40:27.000Z</time>
      </trkpt>
      <trkpt lat="50.2290589" lon="11.9331168">
        <ele>550.4</ele>
        <time>2026-09-10T14:40:48.000Z</time>
      </trkpt>
      <trkpt lat="50.2294757" lon="11.9331835">
        <ele>553.3</ele>
        <time>2026-09-10T14:41:08.000Z</time>
      </trkpt>
      <trkpt lat="50.2297359" lon="11.9332927">
        <ele>559.4</ele>
        <time>2026-09-10T14:41:29.000Z</time>
      </trkpt>
      <trkpt lat="50.23019" lon="11.9338527">
        <ele>562.2</ele>
        <time>2026-09-10T14:41:50.000Z</time>
      </trkpt>
      <trkpt lat="50.2313661" lon="11.934356">
        <ele>554.9</ele>
        <time>2026-09-10T14:42:10.000Z</time>
      </trkpt>
      <trkpt lat="50.2331325" lon="11.9349439">
        <ele>543.9</ele>
        <time>2026-09-10T14:42:31.000Z</time>
      </trkpt>
      <trkpt lat="50.2341869" lon="11.9350981">
        <ele>541.5</ele>
        <time>2026-09-10T14:42:52.000Z</time>
      </trkpt>
      <trkpt lat="50.2347117" lon="11.9350618">
        <ele>546.1</ele>
        <time>2026-09-10T14:43:13.000Z</time>
      </trkpt>
      <trkpt lat="50.2351672" lon="11.9350453">
        <ele>550</ele>
        <time>2026-09-10T14:43:34.000Z</time>
      </trkpt>
      <trkpt lat="50.2355865" lon="11.9350384">
        <ele>551.5</ele>
        <time>2026-09-10T14:43:55.000Z</time>
      </trkpt>
      <trkpt lat="50.236276" lon="11.9349638">
        <ele>548.3</ele>
        <time>2026-09-10T14:44:16.000Z</time>
      </trkpt>
      <trkpt lat="50.2378294" lon="11.9349254">
        <ele>544.9</ele>
        <time>2026-09-10T14:44:37.000Z</time>
      </trkpt>
      <trkpt lat="50.2390207" lon="11.934976">
        <ele>541.3</ele>
        <time>2026-09-10T14:44:57.000Z</time>
      </trkpt>
      <trkpt lat="50.2402667" lon="11.9349632">
        <ele>536.7</ele>
        <time>2026-09-10T14:45:18.000Z</time>
      </trkpt>
      <trkpt lat="50.2409698" lon="11.9350491">
        <ele>537.2</ele>
        <time>2026-09-10T14:45:38.000Z</time>
      </trkpt>
      <trkpt lat="50.2409797" lon="11.9351368">
        <ele>537.2</ele>
        <time>2026-09-10T14:45:59.000Z</time>
      </trkpt>
      <trkpt lat="50.2409917" lon="11.9351524">
        <ele>540</ele>
        <time>2026-09-10T14:46:19.000Z</time>
      </trkpt>
      <trkpt lat="50.2409949" lon="11.935141">
        <ele>539.4</ele>
        <time>2026-09-10T14:46:40.000Z</time>
      </trkpt>
      <trkpt lat="50.2410154" lon="11.9351813">
        <ele>543.4</ele>
        <time>2026-09-10T14:47:00.000Z</time>
      </trkpt>
      <trkpt lat="50.2410148" lon="11.9352189">
        <ele>539.6</ele>
        <time>2026-09-10T14:47:22.000Z</time>
      </trkpt>
      <trkpt lat="50.2410138" lon="11.9352349">
        <ele>538.9</ele>
        <time>2026-09-10T14:47:43.000Z</time>
      </trkpt>
      <trkpt lat="50.2409984" lon="11.9351632">
        <ele>537.2</ele>
        <time>2026-09-10T14:48:04.000Z</time>
      </trkpt>
      <trkpt lat="50.2409774" lon="11.9350744">
        <ele>538.7</ele>
        <time>2026-09-10T14:48:25.000Z</time>
      </trkpt>
      <trkpt lat="50.241009" lon="11.9350371">
        <ele>539.1</ele>
        <time>2026-09-10T14:48:46.000Z</time>
      </trkpt>
      <trkpt lat="50.2410853" lon="11.935034">
        <ele>537.9</ele>
        <time>2026-09-10T14:49:06.000Z</time>
      </trkpt>
      <trkpt lat="50.2416442" lon="11.9350659">
        <ele>536.7</ele>
        <time>2026-09-10T14:49:28.000Z</time>
      </trkpt>
      <trkpt lat="50.2424757" lon="11.9350948">
        <ele>535.8</ele>
        <time>2026-09-10T14:49:48.000Z</time>
      </trkpt>
      <trkpt lat="50.2434522" lon="11.9351649">
        <ele>535.1</ele>
        <time>2026-09-10T14:50:09.000Z</time>
      </trkpt>
      <trkpt lat="50.2445017" lon="11.9359492">
        <ele>535.9</ele>
        <time>2026-09-10T14:50:30.000Z</time>
      </trkpt>
      <trkpt lat="50.2454371" lon="11.9363988">
        <ele>537.5</ele>
        <time>2026-09-10T14:50:50.000Z</time>
      </trkpt>
      <trkpt lat="50.2460958" lon="11.9362947">
        <ele>540.2</ele>
        <time>2026-09-10T14:51:11.000Z</time>
      </trkpt>
      <trkpt lat="50.2466237" lon="11.9364145">
        <ele>543.8</ele>
        <time>2026-09-10T14:51:32.000Z</time>
      </trkpt>
      <trkpt lat="50.2471352" lon="11.9365409">
        <ele>544.7</ele>
        <time>2026-09-10T14:51:53.000Z</time>
      </trkpt>
      <trkpt lat="50.247657" lon="11.9366182">
        <ele>542.8</ele>
        <time>2026-09-10T14:52:14.000Z</time>
      </trkpt>
      <trkpt lat="50.2486162" lon="11.9368143">
        <ele>540.7</ele>
        <time>2026-09-10T14:52:35.000Z</time>
      </trkpt>
      <trkpt lat="50.2498114" lon="11.9374401">
        <ele>536.6</ele>
        <time>2026-09-10T14:52:56.000Z</time>
      </trkpt>
      <trkpt lat="50.2511458" lon="11.9381061">
        <ele>534</ele>
        <time>2026-09-10T14:53:17.000Z</time>
      </trkpt>
      <trkpt lat="50.2520723" lon="11.9381207">
        <ele>536.2</ele>
        <time>2026-09-10T14:53:37.000Z</time>
      </trkpt>
      <trkpt lat="50.2529304" lon="11.9375654">
        <ele>532.1</ele>
        <time>2026-09-10T14:53:58.000Z</time>
      </trkpt>
      <trkpt lat="50.2539102" lon="11.9367954">
        <ele>539.3</ele>
        <time>2026-09-10T14:54:18.000Z</time>
      </trkpt>
      <trkpt lat="50.2545618" lon="11.9359661">
        <ele>537</ele>
        <time>2026-09-10T14:54:40.000Z</time>
      </trkpt>
      <trkpt lat="50.2553197" lon="11.9348803">
        <ele>538</ele>
        <time>2026-09-10T14:55:01.000Z</time>
      </trkpt>
      <trkpt lat="50.2558709" lon="11.9346894">
        <ele>536.8</ele>
        <time>2026-09-10T14:55:21.000Z</time>
      </trkpt>
      <trkpt lat="50.2568784" lon="11.9342213">
        <ele>536.6</ele>
        <time>2026-09-10T14:55:42.000Z</time>
      </trkpt>
      <trkpt lat="50.2580145" lon="11.9337263">
        <ele>534.4</ele>
        <time>2026-09-10T14:56:03.000Z</time>
      </trkpt>
      <trkpt lat="50.2590734" lon="11.9331062">
        <ele>533.6</ele>
        <time>2026-09-10T14:56:24.000Z</time>
      </trkpt>
      <trkpt lat="50.2595942" lon="11.9328569">
        <ele>533.5</ele>
        <time>2026-09-10T14:56:45.000Z</time>
      </trkpt>
      <trkpt lat="50.2596032" lon="11.932915">
        <ele>532.5</ele>
        <time>2026-09-10T14:57:06.000Z</time>
      </trkpt>
      <trkpt lat="50.2596654" lon="11.932948">
        <ele>537.3</ele>
        <time>2026-09-10T14:57:27.000Z</time>
      </trkpt>
      <trkpt lat="50.2596382" lon="11.9328693">
        <ele>534.4</ele>
        <time>2026-09-10T14:57:48.000Z</time>
      </trkpt>
      <trkpt lat="50.2600408" lon="11.9326337">
        <ele>533.2</ele>
        <time>2026-09-10T14:58:09.000Z</time>
      </trkpt>
      <trkpt lat="50.260864" lon="11.9323589">
        <ele>534.7</ele>
        <time>2026-09-10T14:58:30.000Z</time>
      </trkpt>
      <trkpt lat="50.2618318" lon="11.9321855">
        <ele>535.7</ele>
        <time>2026-09-10T14:58:50.000Z</time>
      </trkpt>
      <trkpt lat="50.2627347" lon="11.9321158">
        <ele>533</ele>
        <time>2026-09-10T14:59:12.000Z</time>
      </trkpt>
      <trkpt lat="50.2630631" lon="11.9319028">
        <ele>531.3</ele>
        <time>2026-09-10T14:59:33.000Z</time>
      </trkpt>
      <trkpt lat="50.2639365" lon="11.931409">
        <ele>532.4</ele>
        <time>2026-09-10T14:59:54.000Z</time>
      </trkpt>
      <trkpt lat="50.2643573" lon="11.9313638">
        <ele>529.5</ele>
        <time>2026-09-10T15:00:15.000Z</time>
      </trkpt>
      <trkpt lat="50.2643647" lon="11.931545">
        <ele>531.5</ele>
        <time>2026-09-10T15:00:36.000Z</time>
      </trkpt>
      <trkpt lat="50.2644239" lon="11.9321098">
        <ele>533.2</ele>
        <time>2026-09-10T15:00:56.000Z</time>
      </trkpt>
      <trkpt lat="50.2650141" lon="11.9318898">
        <ele>530.3</ele>
        <time>2026-09-10T15:01:17.000Z</time>
      </trkpt>
      <trkpt lat="50.2661445" lon="11.9315447">
        <ele>528.8</ele>
        <time>2026-09-10T15:01:38.000Z</time>
      </trkpt>
      <trkpt lat="50.2672835" lon="11.9310648">
        <ele>529.4</ele>
        <time>2026-09-10T15:01:58.000Z</time>
      </trkpt>
      <trkpt lat="50.268189" lon="11.9304304">
        <ele>530.7</ele>
        <time>2026-09-10T15:02:19.000Z</time>
      </trkpt>
      <trkpt lat="50.2689562" lon="11.9302262">
        <ele>531.1</ele>
        <time>2026-09-10T15:02:39.000Z</time>
      </trkpt>
      <trkpt lat="50.2700364" lon="11.9297034">
        <ele>532.3</ele>
        <time>2026-09-10T15:03:00.000Z</time>
      </trkpt>
      <trkpt lat="50.2711297" lon="11.928977">
        <ele>533.9</ele>
        <time>2026-09-10T15:03:22.000Z</time>
      </trkpt>
      <trkpt lat="50.2722494" lon="11.9284114">
        <ele>532.9</ele>
        <time>2026-09-10T15:03:43.000Z</time>
      </trkpt>
      <trkpt lat="50.2733578" lon="11.9279806">
        <ele>533</ele>
        <time>2026-09-10T15:04:04.000Z</time>
      </trkpt>
      <trkpt lat="50.2744102" lon="11.9277379">
        <ele>530.3</ele>
        <time>2026-09-10T15:04:24.000Z</time>
      </trkpt>
      <trkpt lat="50.2753902" lon="11.9269882">
        <ele>530.7</ele>
        <time>2026-09-10T15:04:46.000Z</time>
      </trkpt>
      <trkpt lat="50.2765055" lon="11.9262861">
        <ele>529.1</ele>
        <time>2026-09-10T15:05:07.000Z</time>
      </trkpt>
      <trkpt lat="50.2776693" lon="11.9262669">
        <ele>530.3</ele>
        <time>2026-09-10T15:05:28.000Z</time>
      </trkpt>
      <trkpt lat="50.278689" lon="11.9266031">
        <ele>530.5</ele>
        <time>2026-09-10T15:05:49.000Z</time>
      </trkpt>
      <trkpt lat="50.2796206" lon="11.927052">
        <ele>531.5</ele>
        <time>2026-09-10T15:06:09.000Z</time>
      </trkpt>
      <trkpt lat="50.2804441" lon="11.9279998">
        <ele>528.2</ele>
        <time>2026-09-10T15:06:31.000Z</time>
      </trkpt>
      <trkpt lat="50.2812264" lon="11.9294625">
        <ele>527.3</ele>
        <time>2026-09-10T15:06:52.000Z</time>
      </trkpt>
      <trkpt lat="50.2816543" lon="11.9311556">
        <ele>528.4</ele>
        <time>2026-09-10T15:07:13.000Z</time>
      </trkpt>
      <trkpt lat="50.282098" lon="11.9326041">
        <ele>530.3</ele>
        <time>2026-09-10T15:07:34.000Z</time>
      </trkpt>
      <trkpt lat="50.2825096" lon="11.9340605">
        <ele>530.8</ele>
        <time>2026-09-10T15:07:55.000Z</time>
      </trkpt>
      <trkpt lat="50.2830699" lon="11.9351986">
        <ele>530.3</ele>
        <time>2026-09-10T15:08:16.000Z</time>
      </trkpt>
      <trkpt lat="50.2840002" lon="11.9357016">
        <ele>529.6</ele>
        <time>2026-09-10T15:08:37.000Z</time>
      </trkpt>
      <trkpt lat="50.2842924" lon="11.936216">
        <ele>533.1</ele>
        <time>2026-09-10T15:08:58.000Z</time>
      </trkpt>
      <trkpt lat="50.2844689" lon="11.9363872">
        <ele>532.5</ele>
        <time>2026-09-10T15:09:19.000Z</time>
      </trkpt>
      <trkpt lat="50.2844851" lon="11.9363602">
        <ele>532.1</ele>
        <time>2026-09-10T15:09:40.000Z</time>
      </trkpt>
      <trkpt lat="50.2844955" lon="11.9363746">
        <ele>532.3</ele>
        <time>2026-09-10T15:10:01.000Z</time>
      </trkpt>
      <trkpt lat="50.2842755" lon="11.936217">
        <ele>529.5</ele>
        <time>2026-09-10T15:10:22.000Z</time>
      </trkpt>
      <trkpt lat="50.2842683" lon="11.9361899">
        <ele>529.5</ele>
        <time>2026-09-10T15:10:43.000Z</time>
      </trkpt>
      <trkpt lat="50.2842761" lon="11.9361899">
        <ele>529.8</ele>
        <time>2026-09-10T15:11:04.000Z</time>
      </trkpt>
      <trkpt lat="50.284286" lon="11.9362021">
        <ele>530.6</ele>
        <time>2026-09-10T15:11:25.000Z</time>
      </trkpt>
      <trkpt lat="50.284286" lon="11.9362021">
        <ele>530.6</ele>
        <time>2026-09-10T15:11:46.000Z</time>
      </trkpt>
      <trkpt lat="50.2842859" lon="11.9362071">
        <ele>531.2</ele>
        <time>2026-09-10T15:12:07.000Z</time>
      </trkpt>
      <trkpt lat="50.2842718" lon="11.9361998">
        <ele>533.2</ele>
        <time>2026-09-10T15:12:27.000Z</time>
      </trkpt>
      <trkpt lat="50.2842629" lon="11.9361904">
        <ele>533.6</ele>
        <time>2026-09-10T15:12:48.000Z</time>
      </trkpt>
      <trkpt lat="50.2842528" lon="11.9361856">
        <ele>532.7</ele>
        <time>2026-09-10T15:13:09.000Z</time>
      </trkpt>
      <trkpt lat="50.284404" lon="11.9362769">
        <ele>532</ele>
        <time>2026-09-10T15:13:30.000Z</time>
      </trkpt>
      <trkpt lat="50.2851629" lon="11.9366775">
        <ele>533.3</ele>
        <time>2026-09-10T15:13:51.000Z</time>
      </trkpt>
      <trkpt lat="50.2862407" lon="11.9369019">
        <ele>526.8</ele>
        <time>2026-09-10T15:14:12.000Z</time>
      </trkpt>
      <trkpt lat="50.2875075" lon="11.9373638">
        <ele>525</ele>
        <time>2026-09-10T15:14:33.000Z</time>
      </trkpt>
      <trkpt lat="50.2886437" lon="11.9377421">
        <ele>525</ele>
        <time>2026-09-10T15:14:54.000Z</time>
      </trkpt>
      <trkpt lat="50.2897249" lon="11.9377638">
        <ele>527.5</ele>
        <time>2026-09-10T15:15:15.000Z</time>
      </trkpt>
      <trkpt lat="50.2908173" lon="11.9370727">
        <ele>526</ele>
        <time>2026-09-10T15:15:36.000Z</time>
      </trkpt>
      <trkpt lat="50.2917457" lon="11.936248">
        <ele>529.4</ele>
        <time>2026-09-10T15:15:57.000Z</time>
      </trkpt>
      <trkpt lat="50.2929136" lon="11.936212">
        <ele>526.1</ele>
        <time>2026-09-10T15:16:18.000Z</time>
      </trkpt>
      <trkpt lat="50.2941206" lon="11.9362185">
        <ele>524.1</ele>
        <time>2026-09-10T15:16:39.000Z</time>
      </trkpt>
      <trkpt lat="50.2949033" lon="11.9362168">
        <ele>522.3</ele>
        <time>2026-09-10T15:16:59.000Z</time>
      </trkpt>
      <trkpt lat="50.2958638" lon="11.9359156">
        <ele>521.1</ele>
        <time>2026-09-10T15:17:20.000Z</time>
      </trkpt>
      <trkpt lat="50.2964916" lon="11.9368959">
        <ele>525.2</ele>
        <time>2026-09-10T15:17:41.000Z</time>
      </trkpt>
      <trkpt lat="50.2972501" lon="11.9364798">
        <ele>525.7</ele>
        <time>2026-09-10T15:18:02.000Z</time>
      </trkpt>
      <trkpt lat="50.2983383" lon="11.9361428">
        <ele>528.3</ele>
        <time>2026-09-10T15:18:23.000Z</time>
      </trkpt>
      <trkpt lat="50.2995279" lon="11.9364268">
        <ele>532.6</ele>
        <time>2026-09-10T15:18:43.000Z</time>
      </trkpt>
      <trkpt lat="50.3003795" lon="11.9369988">
        <ele>525.4</ele>
        <time>2026-09-10T15:19:04.000Z</time>
      </trkpt>
      <trkpt lat="50.301253" lon="11.9380605">
        <ele>527.8</ele>
        <time>2026-09-10T15:19:25.000Z</time>
      </trkpt>
      <trkpt lat="50.3020934" lon="11.9390363">
        <ele>528.9</ele>
        <time>2026-09-10T15:19:46.000Z</time>
      </trkpt>
      <trkpt lat="50.3026723" lon="11.9390448">
        <ele>530.9</ele>
        <time>2026-09-10T15:20:06.000Z</time>
      </trkpt>
      <trkpt lat="50.3033745" lon="11.9389546">
        <ele>532.7</ele>
        <time>2026-09-10T15:20:27.000Z</time>
      </trkpt>
      <trkpt lat="50.3045588" lon="11.9384831">
        <ele>525.2</ele>
        <time>2026-09-10T15:20:47.000Z</time>
      </trkpt>
      <trkpt lat="50.3055902" lon="11.9380052">
        <ele>528.4</ele>
        <time>2026-09-10T15:21:09.000Z</time>
      </trkpt>
      <trkpt lat="50.3063722" lon="11.9373104">
        <ele>526.5</ele>
        <time>2026-09-10T15:21:30.000Z</time>
      </trkpt>
      <trkpt lat="50.3072627" lon="11.9370682">
        <ele>526.9</ele>
        <time>2026-09-10T15:21:51.000Z</time>
      </trkpt>
      <trkpt lat="50.3078288" lon="11.9373714">
        <ele>533</ele>
        <time>2026-09-10T15:22:11.000Z</time>
      </trkpt>
      <trkpt lat="50.3084169" lon="11.9374064">
        <ele>530.1</ele>
        <time>2026-09-10T15:22:32.000Z</time>
      </trkpt>
      <trkpt lat="50.3093357" lon="11.9368118">
        <ele>525.2</ele>
        <time>2026-09-10T15:22:53.000Z</time>
      </trkpt>
      <trkpt lat="50.3101958" lon="11.9361235">
        <ele>527.3</ele>
        <time>2026-09-10T15:23:13.000Z</time>
      </trkpt>
      <trkpt lat="50.3108846" lon="11.9350112">
        <ele>526.8</ele>
        <time>2026-09-10T15:23:34.000Z</time>
      </trkpt>
      <trkpt lat="50.311552" lon="11.933579">
        <ele>526.5</ele>
        <time>2026-09-10T15:23:55.000Z</time>
      </trkpt>
      <trkpt lat="50.3118984" lon="11.9327231">
        <ele>523.4</ele>
        <time>2026-09-10T15:24:15.000Z</time>
      </trkpt>
      <trkpt lat="50.3121249" lon="11.9324545">
        <ele>524.8</ele>
        <time>2026-09-10T15:24:36.000Z</time>
      </trkpt>
      <trkpt lat="50.3125814" lon="11.9315518">
        <ele>524.2</ele>
        <time>2026-09-10T15:24:56.000Z</time>
      </trkpt>
      <trkpt lat="50.3129913" lon="11.9302304">
        <ele>526.3</ele>
        <time>2026-09-10T15:25:17.000Z</time>
      </trkpt>
      <trkpt lat="50.3130927" lon="11.9287612">
        <ele>526.6</ele>
        <time>2026-09-10T15:25:38.000Z</time>
      </trkpt>
      <trkpt lat="50.3131189" lon="11.927189">
        <ele>528.4</ele>
        <time>2026-09-10T15:25:59.000Z</time>
      </trkpt>
      <trkpt lat="50.3132617" lon="11.9256716">
        <ele>526.3</ele>
        <time>2026-09-10T15:26:20.000Z</time>
      </trkpt>
      <trkpt lat="50.313624" lon="11.9244084">
        <ele>525.3</ele>
        <time>2026-09-10T15:26:41.000Z</time>
      </trkpt>
      <trkpt lat="50.3140577" lon="11.9232722">
        <ele>523.3</ele>
        <time>2026-09-10T15:27:01.000Z</time>
      </trkpt>
      <trkpt lat="50.3146194" lon="11.9224084">
        <ele>526</ele>
        <time>2026-09-10T15:27:23.000Z</time>
      </trkpt>
      <trkpt lat="50.3146082" lon="11.9211693">
        <ele>525.4</ele>
        <time>2026-09-10T15:27:44.000Z</time>
      </trkpt>
      <trkpt lat="50.3143164" lon="11.9201651">
        <ele>524</ele>
        <time>2026-09-10T15:28:05.000Z</time>
      </trkpt>
      <trkpt lat="50.3141687" lon="11.9185862">
        <ele>524.9</ele>
        <time>2026-09-10T15:28:25.000Z</time>
      </trkpt>
      <trkpt lat="50.3143416" lon="11.9174689">
        <ele>527.7</ele>
        <time>2026-09-10T15:28:46.000Z</time>
      </trkpt>
      <trkpt lat="50.3145072" lon="11.9173493">
        <ele>528.9</ele>
        <time>2026-09-10T15:29:07.000Z</time>
      </trkpt>
      <trkpt lat="50.3147123" lon="11.9173604">
        <ele>527.9</ele>
        <time>2026-09-10T15:29:27.000Z</time>
      </trkpt>
      <trkpt lat="50.3148964" lon="11.9171914">
        <ele>537.8</ele>
        <time>2026-09-10T15:29:49.000Z</time>
      </trkpt>
      <trkpt lat="50.3150926" lon="11.9171582">
        <ele>543</ele>
        <time>2026-09-10T15:30:09.000Z</time>
      </trkpt>
      <trkpt lat="50.3152923" lon="11.9170321">
        <ele>546</ele>
        <time>2026-09-10T15:30:30.000Z</time>
      </trkpt>
      <trkpt lat="50.3154848" lon="11.9169006">
        <ele>546.2</ele>
        <time>2026-09-10T15:30:51.000Z</time>
      </trkpt>
      <trkpt lat="50.3156885" lon="11.9167388">
        <ele>547.9</ele>
        <time>2026-09-10T15:31:12.000Z</time>
      </trkpt>
      <trkpt lat="50.31588" lon="11.9165013">
        <ele>552.2</ele>
        <time>2026-09-10T15:31:33.000Z</time>
      </trkpt>
      <trkpt lat="50.3160571" lon="11.9162714">
        <ele>550</ele>
        <time>2026-09-10T15:31:54.000Z</time>
      </trkpt>
      <trkpt lat="50.316216" lon="11.9159915">
        <ele>549.2</ele>
        <time>2026-09-10T15:32:15.000Z</time>
      </trkpt>
      <trkpt lat="50.3163722" lon="11.9157692">
        <ele>549.9</ele>
        <time>2026-09-10T15:32:35.000Z</time>
      </trkpt>
      <trkpt lat="50.3165874" lon="11.9156308">
        <ele>553.4</ele>
        <time>2026-09-10T15:32:57.000Z</time>
      </trkpt>
      <trkpt lat="50.3167629" lon="11.9154083">
        <ele>557.8</ele>
        <time>2026-09-10T15:33:18.000Z</time>
      </trkpt>
      <trkpt lat="50.3168651" lon="11.9151757">
        <ele>551.6</ele>
        <time>2026-09-10T15:33:38.000Z</time>
      </trkpt>
      <trkpt lat="50.3168412" lon="11.9150748">
        <ele>550.3</ele>
        <time>2026-09-10T15:34:00.000Z</time>
      </trkpt>
      <trkpt lat="50.3168661" lon="11.9151698">
        <ele>557.6</ele>
        <time>2026-09-10T15:34:21.000Z</time>
      </trkpt>
      <trkpt lat="50.3169289" lon="11.9151774">
        <ele>551.6</ele>
        <time>2026-09-10T15:34:41.000Z</time>
      </trkpt>
      <trkpt lat="50.3169684" lon="11.9153626">
        <ele>547.7</ele>
        <time>2026-09-10T15:35:03.000Z</time>
      </trkpt>
      <trkpt lat="50.3169683" lon="11.9154283">
        <ele>547.2</ele>
        <time>2026-09-10T15:35:24.000Z</time>
      </trkpt>
      <trkpt lat="50.3169858" lon="11.9154304">
        <ele>553.1</ele>
        <time>2026-09-10T15:35:45.000Z</time>
      </trkpt>
      <trkpt lat="50.3169437" lon="11.9153775">
        <ele>547.4</ele>
        <time>2026-09-10T15:36:06.000Z</time>
      </trkpt>
      <trkpt lat="50.3169558" lon="11.9153932">
        <ele>551</ele>
        <time>2026-09-10T15:36:27.000Z</time>
      </trkpt>
      <trkpt lat="50.3169793" lon="11.9153938">
        <ele>545.5</ele>
        <time>2026-09-10T15:36:48.000Z</time>
      </trkpt>
      <trkpt lat="50.316996" lon="11.915386">
        <ele>543.8</ele>
        <time>2026-09-10T15:37:08.000Z</time>
      </trkpt>
      <trkpt lat="50.3169625" lon="11.9153904">
        <ele>550.3</ele>
        <time>2026-09-10T15:37:29.000Z</time>
      </trkpt>
      <trkpt lat="50.3169761" lon="11.9154207">
        <ele>552.1</ele>
        <time>2026-09-10T15:37:49.000Z</time>
      </trkpt>
      <trkpt lat="50.3169342" lon="11.9154561">
        <ele>554.3</ele>
        <time>2026-09-10T15:38:10.000Z</time>
      </trkpt>
      <trkpt lat="50.3169415" lon="11.9154927">
        <ele>552</ele>
        <time>2026-09-10T15:38:31.000Z</time>
      </trkpt>
      <trkpt lat="50.3169413" lon="11.9154882">
        <ele>551.9</ele>
        <time>2026-09-10T15:38:52.000Z</time>
      </trkpt>
      <trkpt lat="50.3169422" lon="11.9154808">
        <ele>553.2</ele>
        <time>2026-09-10T15:39:13.000Z</time>
      </trkpt>
      <trkpt lat="50.3169263" lon="11.915435">
        <ele>556</ele>
        <time>2026-09-10T15:39:34.000Z</time>
      </trkpt>
      <trkpt lat="50.3169302" lon="11.9154366">
        <ele>558.1</ele>
        <time>2026-09-10T15:39:55.000Z</time>
      </trkpt>
      <trkpt lat="50.3169386" lon="11.9154215">
        <ele>559.5</ele>
        <time>2026-09-10T15:40:16.000Z</time>
      </trkpt>
      <trkpt lat="50.3169531" lon="11.9153861">
        <ele>559.6</ele>
        <time>2026-09-10T15:40:37.000Z</time>
      </trkpt>
      <trkpt lat="50.3169384" lon="11.9153514">
        <ele>561.7</ele>
        <time>2026-09-10T15:40:58.000Z</time>
      </trkpt>
      <trkpt lat="50.3169369" lon="11.9153557">
        <ele>562</ele>
        <time>2026-09-10T15:41:18.000Z</time>
      </trkpt>
      <trkpt lat="50.3169493" lon="11.9152832">
        <ele>559</ele>
        <time>2026-09-10T15:41:40.000Z</time>
      </trkpt>
      <trkpt lat="50.3169409" lon="11.9152905">
        <ele>561.8</ele>
        <time>2026-09-10T15:42:00.000Z</time>
      </trkpt>
      <trkpt lat="50.3169375" lon="11.9152922">
        <ele>562.1</ele>
        <time>2026-09-10T15:42:21.000Z</time>
      </trkpt>
      <trkpt lat="50.3169139" lon="11.9152451">
        <ele>565.5</ele>
        <time>2026-09-10T15:42:43.000Z</time>
      </trkpt>
      <trkpt lat="50.3169374" lon="11.9152836">
        <ele>565.1</ele>
        <time>2026-09-10T15:43:04.000Z</time>
      </trkpt>
      <trkpt lat="50.3169358" lon="11.915335">
        <ele>560</ele>
        <time>2026-09-10T15:43:25.000Z</time>
      </trkpt>
      <trkpt lat="50.3169827" lon="11.9153818">
        <ele>553.7</ele>
        <time>2026-09-10T15:43:46.000Z</time>
      </trkpt>
      <trkpt lat="50.3169522" lon="11.9153855">
        <ele>554.4</ele>
        <time>2026-09-10T15:44:06.000Z</time>
      </trkpt>
      <trkpt lat="50.3169423" lon="11.9153555">
        <ele>553.6</ele>
        <time>2026-09-10T15:44:27.000Z</time>
      </trkpt>
      <trkpt lat="50.3170243" lon="11.9153507">
        <ele>553.1</ele>
        <time>2026-09-10T15:44:48.000Z</time>
      </trkpt>
      <trkpt lat="50.3170412" lon="11.9152948">
        <ele>557.4</ele>
        <time>2026-09-10T15:45:08.000Z</time>
      </trkpt>
      <trkpt lat="50.3170793" lon="11.9153389">
        <ele>555.8</ele>
        <time>2026-09-10T15:45:29.000Z</time>
      </trkpt>
      <trkpt lat="50.3173016" lon="11.9154084">
        <ele>556.3</ele>
        <time>2026-09-10T15:45:49.000Z</time>
      </trkpt>
      <trkpt lat="50.3178488" lon="11.9154889">
        <ele>554.4</ele>
        <time>2026-09-10T15:46:10.000Z</time>
      </trkpt>
      <trkpt lat="50.3185857" lon="11.9160612">
        <ele>552.1</ele>
        <time>2026-09-10T15:46:31.000Z</time>
      </trkpt>
      <trkpt lat="50.3194347" lon="11.9168413">
        <ele>546.5</ele>
        <time>2026-09-10T15:46:52.000Z</time>
      </trkpt>
      <trkpt lat="50.3202954" lon="11.9178186">
        <ele>542.9</ele>
        <time>2026-09-10T15:47:13.000Z</time>
      </trkpt>
      <trkpt lat="50.3208903" lon="11.9182442">
        <ele>540.2</ele>
        <time>2026-09-10T15:47:33.000Z</time>
      </trkpt>
      <trkpt lat="50.3214763" lon="11.918736">
        <ele>537.6</ele>
        <time>2026-09-10T15:47:54.000Z</time>
      </trkpt>
      <trkpt lat="50.3215411" lon="11.9188438">
        <ele>533</ele>
        <time>2026-09-10T15:48:15.000Z</time>
      </trkpt>
      <trkpt lat="50.321498" lon="11.9188528">
        <ele>535</ele>
        <time>2026-09-10T15:48:36.000Z</time>
      </trkpt>
      <trkpt lat="50.3214309" lon="11.9188086">
        <ele>535.2</ele>
        <time>2026-09-10T15:48:57.000Z</time>
      </trkpt>
      <trkpt lat="50.3214524" lon="11.9187949">
        <ele>536.1</ele>
        <time>2026-09-10T15:49:18.000Z</time>
      </trkpt>
      <trkpt lat="50.3214893" lon="11.9188024">
        <ele>531.5</ele>
        <time>2026-09-10T15:49:39.000Z</time>
      </trkpt>
      <trkpt lat="50.3214822" lon="11.9187313">
        <ele>532.2</ele>
        <time>2026-09-10T15:50:00.000Z</time>
      </trkpt>
      <trkpt lat="50.3214516" lon="11.9186095">
        <ele>538.3</ele>
        <time>2026-09-10T15:50:21.000Z</time>
      </trkpt>
      <trkpt lat="50.3214388" lon="11.9185435">
        <ele>540.1</ele>
        <time>2026-09-10T15:50:42.000Z</time>
      </trkpt>
      <trkpt lat="50.3214578" lon="11.9185846">
        <ele>544</ele>
        <time>2026-09-10T15:51:03.000Z</time>
      </trkpt>
      <trkpt lat="50.3214419" lon="11.9185755">
        <ele>545.2</ele>
        <time>2026-09-10T15:51:24.000Z</time>
      </trkpt>
      <trkpt lat="50.3214384" lon="11.9186321">
        <ele>545.4</ele>
        <time>2026-09-10T15:51:45.000Z</time>
      </trkpt>
      <trkpt lat="50.3214549" lon="11.9186771">
        <ele>548.1</ele>
        <time>2026-09-10T15:52:06.000Z</time>
      </trkpt>
      <trkpt lat="50.3214703" lon="11.9186834">
        <ele>549.5</ele>
        <time>2026-09-10T15:52:27.000Z</time>
      </trkpt>
      <trkpt lat="50.3214817" lon="11.918647">
        <ele>554.1</ele>
        <time>2026-09-10T15:52:47.000Z</time>
      </trkpt>
      <trkpt lat="50.3214898" lon="11.9186531">
        <ele>553.6</ele>
        <time>2026-09-10T15:53:08.000Z</time>
      </trkpt>
      <trkpt lat="50.3214474" lon="11.918726">
        <ele>540.6</ele>
        <time>2026-09-10T15:53:29.000Z</time>
      </trkpt>
      <trkpt lat="50.3214393" lon="11.9187263">
        <ele>539.6</ele>
        <time>2026-09-10T15:53:50.000Z</time>
      </trkpt>
      <trkpt lat="50.3214522" lon="11.9187689">
        <ele>541.1</ele>
        <time>2026-09-10T15:54:11.000Z</time>
      </trkpt>
      <trkpt lat="50.321452" lon="11.9187687">
        <ele>541.1</ele>
        <time>2026-09-10T15:54:31.000Z</time>
      </trkpt>
      <trkpt lat="50.3214515" lon="11.9187659">
        <ele>541.2</ele>
        <time>2026-09-10T15:54:52.000Z</time>
      </trkpt>
      <trkpt lat="50.3214516" lon="11.9187655">
        <ele>541.2</ele>
        <time>2026-09-10T15:55:13.000Z</time>
      </trkpt>
      <trkpt lat="50.3214516" lon="11.9187571">
        <ele>541.4</ele>
        <time>2026-09-10T15:55:34.000Z</time>
      </trkpt>
      <trkpt lat="50.3214573" lon="11.9187381">
        <ele>542.4</ele>
        <time>2026-09-10T15:55:54.000Z</time>
      </trkpt>
      <trkpt lat="50.3214588" lon="11.9187337">
        <ele>542.1</ele>
        <time>2026-09-10T15:56:15.000Z</time>
      </trkpt>
      <trkpt lat="50.321457" lon="11.9187309">
        <ele>542.1</ele>
        <time>2026-09-10T15:56:35.000Z</time>
      </trkpt>
      <trkpt lat="50.3214581" lon="11.9187374">
        <ele>542.2</ele>
        <time>2026-09-10T15:56:56.000Z</time>
      </trkpt>
      <trkpt lat="50.3214575" lon="11.9187396">
        <ele>542.3</ele>
        <time>2026-09-10T15:57:17.000Z</time>
      </trkpt>
      <trkpt lat="50.3214588" lon="11.9187388">
        <ele>542.2</ele>
        <time>2026-09-10T15:57:38.000Z</time>
      </trkpt>
      <trkpt lat="50.3214605" lon="11.9187308">
        <ele>542.2</ele>
        <time>2026-09-10T15:57:59.000Z</time>
      </trkpt>
      <trkpt lat="50.3214611" lon="11.9187257">
        <ele>542.3</ele>
        <time>2026-09-10T15:58:19.000Z</time>
      </trkpt>
      <trkpt lat="50.3214582" lon="11.9187231">
        <ele>542.4</ele>
        <time>2026-09-10T15:58:39.000Z</time>
      </trkpt>
      <trkpt lat="50.3214572" lon="11.9187238">
        <ele>542.4</ele>
        <time>2026-09-10T15:59:00.000Z</time>
      </trkpt>
      <trkpt lat="50.3214552" lon="11.918726">
        <ele>542.4</ele>
        <time>2026-09-10T15:59:21.000Z</time>
      </trkpt>
      <trkpt lat="50.3214556" lon="11.9187295">
        <ele>542.5</ele>
        <time>2026-09-10T15:59:42.000Z</time>
      </trkpt>
      <trkpt lat="50.3214557" lon="11.9187308">
        <ele>542.5</ele>
        <time>2026-09-10T16:00:02.000Z</time>
      </trkpt>
      <trkpt lat="50.3214587" lon="11.9187262">
        <ele>542.5</ele>
        <time>2026-09-10T16:00:23.000Z</time>
      </trkpt>
      <trkpt lat="50.3214587" lon="11.9187306">
        <ele>542.6</ele>
        <time>2026-09-10T16:00:44.000Z</time>
      </trkpt>
      <trkpt lat="50.3214666" lon="11.9187608">
        <ele>543.3</ele>
        <time>2026-09-10T16:01:05.000Z</time>
      </trkpt>
      <trkpt lat="50.3214674" lon="11.9187744">
        <ele>543.3</ele>
        <time>2026-09-10T16:01:26.000Z</time>
      </trkpt>
      <trkpt lat="50.3214669" lon="11.9187779">
        <ele>543.3</ele>
        <time>2026-09-10T16:01:46.000Z</time>
      </trkpt>
      <trkpt lat="50.3214655" lon="11.9187763">
        <ele>543.2</ele>
        <time>2026-09-10T16:02:07.000Z</time>
      </trkpt>
      <trkpt lat="50.3214607" lon="11.9187623">
        <ele>543.5</ele>
        <time>2026-09-10T16:02:28.000Z</time>
      </trkpt>
      <trkpt lat="50.3214691" lon="11.9187747">
        <ele>542.4</ele>
        <time>2026-09-10T16:02:49.000Z</time>
      </trkpt>
      <trkpt lat="50.3214736" lon="11.9187778">
        <ele>542.4</ele>
        <time>2026-09-10T16:03:10.000Z</time>
      </trkpt>
      <trkpt lat="50.3214798" lon="11.9187831">
        <ele>546.5</ele>
        <time>2026-09-10T16:03:31.000Z</time>
      </trkpt>
      <trkpt lat="50.3214871" lon="11.9187939">
        <ele>549.1</ele>
        <time>2026-09-10T16:03:52.000Z</time>
      </trkpt>
      <trkpt lat="50.3214896" lon="11.9187997">
        <ele>549.1</ele>
        <time>2026-09-10T16:04:13.000Z</time>
      </trkpt>
      <trkpt lat="50.3214907" lon="11.9188017">
        <ele>549.2</ele>
        <time>2026-09-10T16:04:34.000Z</time>
      </trkpt>
      <trkpt lat="50.3214901" lon="11.9188025">
        <ele>549.2</ele>
        <time>2026-09-10T16:04:55.000Z</time>
      </trkpt>
      <trkpt lat="50.3214794" lon="11.9187776">
        <ele>547.6</ele>
        <time>2026-09-10T16:05:16.000Z</time>
      </trkpt>
      <trkpt lat="50.3214671" lon="11.9187925">
        <ele>539.3</ele>
        <time>2026-09-10T16:05:37.000Z</time>
      </trkpt>
      <trkpt lat="50.321442" lon="11.9188548">
        <ele>538</ele>
        <time>2026-09-10T16:05:58.000Z</time>
      </trkpt>
      <trkpt lat="50.3214403" lon="11.9188622">
        <ele>538</ele>
        <time>2026-09-10T16:06:18.000Z</time>
      </trkpt>
      <trkpt lat="50.3214406" lon="11.9188635">
        <ele>538.1</ele>
        <time>2026-09-10T16:06:39.000Z</time>
      </trkpt>
      <trkpt lat="50.321423" lon="11.9188008">
        <ele>542.8</ele>
        <time>2026-09-10T16:07:00.000Z</time>
      </trkpt>
      <trkpt lat="50.3213958" lon="11.9187512">
        <ele>541.9</ele>
        <time>2026-09-10T16:07:20.000Z</time>
      </trkpt>
      <trkpt lat="50.3213884" lon="11.9187089">
        <ele>545.7</ele>
        <time>2026-09-10T16:07:40.000Z</time>
      </trkpt>
      <trkpt lat="50.3214004" lon="11.918656">
        <ele>545.6</ele>
        <time>2026-09-10T16:08:01.000Z</time>
      </trkpt>
      <trkpt lat="50.3213916" lon="11.9186427">
        <ele>546.5</ele>
        <time>2026-09-10T16:08:21.000Z</time>
      </trkpt>
      <trkpt lat="50.321386" lon="11.9186607">
        <ele>546.6</ele>
        <time>2026-09-10T16:08:41.000Z</time>
      </trkpt>
      <trkpt lat="50.3213919" lon="11.9186549">
        <ele>548.9</ele>
        <time>2026-09-10T16:09:02.000Z</time>
      </trkpt>
      <trkpt lat="50.3213859" lon="11.918626">
        <ele>549.2</ele>
        <time>2026-09-10T16:09:22.000Z</time>
      </trkpt>
      <trkpt lat="50.3213823" lon="11.9186107">
        <ele>549.5</ele>
        <time>2026-09-10T16:09:43.000Z</time>
      </trkpt>
      <trkpt lat="50.3213848" lon="11.918606">
        <ele>547.9</ele>
        <time>2026-09-10T16:10:03.000Z</time>
      </trkpt>
      <trkpt lat="50.3213878" lon="11.9186052">
        <ele>550.5</ele>
        <time>2026-09-10T16:10:23.000Z</time>
      </trkpt>
      <trkpt lat="50.3213938" lon="11.918594">
        <ele>553.8</ele>
        <time>2026-09-10T16:10:44.000Z</time>
      </trkpt>
      <trkpt lat="50.3214361" lon="11.918643">
        <ele>550.7</ele>
        <time>2026-09-10T16:11:05.000Z</time>
      </trkpt>
      <trkpt lat="50.3218756" lon="11.9189184">
        <ele>534.6</ele>
        <time>2026-09-10T16:11:26.000Z</time>
      </trkpt>
      <trkpt lat="50.3227378" lon="11.9192475">
        <ele>528.4</ele>
        <time>2026-09-10T16:11:47.000Z</time>
      </trkpt>
      <trkpt lat="50.3236169" lon="11.9193923">
        <ele>522.3</ele>
        <time>2026-09-10T16:12:08.000Z</time>
      </trkpt>
      <trkpt lat="50.3245284" lon="11.9194097">
        <ele>521</ele>
        <time>2026-09-10T16:12:29.000Z</time>
      </trkpt>
      <trkpt lat="50.3245489" lon="11.9192679">
        <ele>520.5</ele>
        <time>2026-09-10T16:12:50.000Z</time>
      </trkpt>
      <trkpt lat="50.3245545" lon="11.9192858">
        <ele>524</ele>
        <time>2026-09-10T16:13:10.000Z</time>
      </trkpt>
      <trkpt lat="50.324586" lon="11.9192908">
        <ele>526.9</ele>
        <time>2026-09-10T16:13:31.000Z</time>
      </trkpt>
      <trkpt lat="50.3245864" lon="11.9192387">
        <ele>525.5</ele>
        <time>2026-09-10T16:13:52.000Z</time>
      </trkpt>
      <trkpt lat="50.3245252" lon="11.9182143">
        <ele>521.3</ele>
        <time>2026-09-10T16:14:13.000Z</time>
      </trkpt>
      <trkpt lat="50.3243804" lon="11.9173186">
        <ele>517.7</ele>
        <time>2026-09-10T16:14:34.000Z</time>
      </trkpt>
      <trkpt lat="50.3238397" lon="11.9168844">
        <ele>519.9</ele>
        <time>2026-09-10T16:14:55.000Z</time>
      </trkpt>
      <trkpt lat="50.3237767" lon="11.9160965">
        <ele>520.1</ele>
        <time>2026-09-10T16:15:16.000Z</time>
      </trkpt>
      <trkpt lat="50.3237998" lon="11.9147077">
        <ele>517.9</ele>
        <time>2026-09-10T16:15:37.000Z</time>
      </trkpt>
      <trkpt lat="50.3238696" lon="11.9137046">
        <ele>521.1</ele>
        <time>2026-09-10T16:15:58.000Z</time>
      </trkpt>
      <trkpt lat="50.3238869" lon="11.9137472">
        <ele>520.3</ele>
        <time>2026-09-10T16:16:19.000Z</time>
      </trkpt>
      <trkpt lat="50.3240251" lon="11.9135746">
        <ele>519.9</ele>
        <time>2026-09-10T16:16:40.000Z</time>
      </trkpt>
      <trkpt lat="50.3243331" lon="11.9132555">
        <ele>519.3</ele>
        <time>2026-09-10T16:17:01.000Z</time>
      </trkpt>
      <trkpt lat="50.3246919" lon="11.9117418">
        <ele>519.4</ele>
        <time>2026-09-10T16:17:22.000Z</time>
      </trkpt>
      <trkpt lat="50.3254205" lon="11.9109913">
        <ele>519.4</ele>
        <time>2026-09-10T16:17:42.000Z</time>
      </trkpt>
      <trkpt lat="50.3259977" lon="11.9103963">
        <ele>518.1</ele>
        <time>2026-09-10T16:18:03.000Z</time>
      </trkpt>
      <trkpt lat="50.3268289" lon="11.9097263">
        <ele>518.4</ele>
        <time>2026-09-10T16:18:23.000Z</time>
      </trkpt>
      <trkpt lat="50.3276437" lon="11.9090007">
        <ele>520.3</ele>
        <time>2026-09-10T16:18:45.000Z</time>
      </trkpt>
      <trkpt lat="50.3286039" lon="11.9083751">
        <ele>519.8</ele>
        <time>2026-09-10T16:19:05.000Z</time>
      </trkpt>
      <trkpt lat="50.3290184" lon="11.9078505">
        <ele>520.7</ele>
        <time>2026-09-10T16:19:26.000Z</time>
      </trkpt>
      <trkpt lat="50.3296529" lon="11.9072778">
        <ele>521.9</ele>
        <time>2026-09-10T16:19:47.000Z</time>
      </trkpt>
      <trkpt lat="50.330367" lon="11.9059977">
        <ele>520.7</ele>
        <time>2026-09-10T16:20:07.000Z</time>
      </trkpt>
      <trkpt lat="50.3312369" lon="11.9054246">
        <ele>522.3</ele>
        <time>2026-09-10T16:20:28.000Z</time>
      </trkpt>
      <trkpt lat="50.331737" lon="11.9053657">
        <ele>527.5</ele>
        <time>2026-09-10T16:20:49.000Z</time>
      </trkpt>
      <trkpt lat="50.3322491" lon="11.9051923">
        <ele>527.1</ele>
        <time>2026-09-10T16:21:10.000Z</time>
      </trkpt>
      <trkpt lat="50.332992" lon="11.9049524">
        <ele>527.9</ele>
        <time>2026-09-10T16:21:30.000Z</time>
      </trkpt>
      <trkpt lat="50.3339168" lon="11.9048017">
        <ele>526.7</ele>
        <time>2026-09-10T16:21:51.000Z</time>
      </trkpt>
      <trkpt lat="50.334461" lon="11.9035488">
        <ele>526.8</ele>
        <time>2026-09-10T16:22:12.000Z</time>
      </trkpt>
      <trkpt lat="50.3353326" lon="11.9032468">
        <ele>518.5</ele>
        <time>2026-09-10T16:22:32.000Z</time>
      </trkpt>
      <trkpt lat="50.335311" lon="11.9020691">
        <ele>519.1</ele>
        <time>2026-09-10T16:22:53.000Z</time>
      </trkpt>
      <trkpt lat="50.3352562" lon="11.9007018">
        <ele>519.8</ele>
        <time>2026-09-10T16:23:14.000Z</time>
      </trkpt>
      <trkpt lat="50.3355021" lon="11.899577">
        <ele>515.6</ele>
        <time>2026-09-10T16:23:35.000Z</time>
      </trkpt>
      <trkpt lat="50.3362384" lon="11.8984335">
        <ele>517.9</ele>
        <time>2026-09-10T16:23:55.000Z</time>
      </trkpt>
      <trkpt lat="50.3370054" lon="11.8986658">
        <ele>515</ele>
        <time>2026-09-10T16:24:17.000Z</time>
      </trkpt>
      <trkpt lat="50.3377845" lon="11.8991473">
        <ele>516.6</ele>
        <time>2026-09-10T16:24:37.000Z</time>
      </trkpt>
      <trkpt lat="50.3382844" lon="11.8992002">
        <ele>520.7</ele>
        <time>2026-09-10T16:24:59.000Z</time>
      </trkpt>
      <trkpt lat="50.3390063" lon="11.8986537">
        <ele>522.4</ele>
        <time>2026-09-10T16:25:20.000Z</time>
      </trkpt>
      <trkpt lat="50.3401233" lon="11.8976268">
        <ele>516.4</ele>
        <time>2026-09-10T16:25:40.000Z</time>
      </trkpt>
      <trkpt lat="50.341198" lon="11.8973198">
        <ele>515</ele>
        <time>2026-09-10T16:26:01.000Z</time>
      </trkpt>
      <trkpt lat="50.341804" lon="11.8957778">
        <ele>516.7</ele>
        <time>2026-09-10T16:26:22.000Z</time>
      </trkpt>
      <trkpt lat="50.3423452" lon="11.8941844">
        <ele>518.8</ele>
        <time>2026-09-10T16:26:43.000Z</time>
      </trkpt>
      <trkpt lat="50.3427421" lon="11.8933831">
        <ele>520</ele>
        <time>2026-09-10T16:27:04.000Z</time>
      </trkpt>
      <trkpt lat="50.3431846" lon="11.8924312">
        <ele>521.2</ele>
        <time>2026-09-10T16:27:25.000Z</time>
      </trkpt>
      <trkpt lat="50.3437521" lon="11.891653">
        <ele>518.3</ele>
        <time>2026-09-10T16:27:46.000Z</time>
      </trkpt>
      <trkpt lat="50.3444701" lon="11.8908389">
        <ele>517.1</ele>
        <time>2026-09-10T16:28:06.000Z</time>
      </trkpt>
      <trkpt lat="50.3452953" lon="11.8901388">
        <ele>515.8</ele>
        <time>2026-09-10T16:28:27.000Z</time>
      </trkpt>
      <trkpt lat="50.3461199" lon="11.8893638">
        <ele>516.4</ele>
        <time>2026-09-10T16:28:47.000Z</time>
      </trkpt>
      <trkpt lat="50.346893" lon="11.8885439">
        <ele>515.5</ele>
        <time>2026-09-10T16:29:08.000Z</time>
      </trkpt>
      <trkpt lat="50.3472928" lon="11.8877531">
        <ele>518.7</ele>
        <time>2026-09-10T16:29:29.000Z</time>
      </trkpt>
      <trkpt lat="50.3474979" lon="11.8873362">
        <ele>523.4</ele>
        <time>2026-09-10T16:29:50.000Z</time>
      </trkpt>
      <trkpt lat="50.3476476" lon="11.8869048">
        <ele>526.2</ele>
        <time>2026-09-10T16:30:11.000Z</time>
      </trkpt>
      <trkpt lat="50.3476908" lon="11.8861786">
        <ele>528.4</ele>
        <time>2026-09-10T16:30:32.000Z</time>
      </trkpt>
      <trkpt lat="50.3477728" lon="11.8850417">
        <ele>528.8</ele>
        <time>2026-09-10T16:30:53.000Z</time>
      </trkpt>
      <trkpt lat="50.3479669" lon="11.8838356">
        <ele>529.1</ele>
        <time>2026-09-10T16:31:14.000Z</time>
      </trkpt>
      <trkpt lat="50.3483015" lon="11.8826797">
        <ele>528.9</ele>
        <time>2026-09-10T16:31:35.000Z</time>
      </trkpt>
      <trkpt lat="50.3487098" lon="11.8814708">
        <ele>528.9</ele>
        <time>2026-09-10T16:31:55.000Z</time>
      </trkpt>
      <trkpt lat="50.3488028" lon="11.8802987">
        <ele>524.9</ele>
        <time>2026-09-10T16:32:16.000Z</time>
      </trkpt>
      <trkpt lat="50.3484018" lon="11.8791679">
        <ele>516.9</ele>
        <time>2026-09-10T16:32:37.000Z</time>
      </trkpt>
      <trkpt lat="50.3486547" lon="11.8777458">
        <ele>511.1</ele>
        <time>2026-09-10T16:32:58.000Z</time>
      </trkpt>
      <trkpt lat="50.3494112" lon="11.8763372">
        <ele>509.1</ele>
        <time>2026-09-10T16:33:19.000Z</time>
      </trkpt>
      <trkpt lat="50.3501048" lon="11.875042">
        <ele>512.7</ele>
        <time>2026-09-10T16:33:39.000Z</time>
      </trkpt>
      <trkpt lat="50.3505326" lon="11.8742686">
        <ele>511.6</ele>
        <time>2026-09-10T16:34:01.000Z</time>
      </trkpt>
      <trkpt lat="50.3508561" lon="11.8735245">
        <ele>513</ele>
        <time>2026-09-10T16:34:22.000Z</time>
      </trkpt>
      <trkpt lat="50.3513039" lon="11.8727064">
        <ele>511.5</ele>
        <time>2026-09-10T16:34:42.000Z</time>
      </trkpt>
      <trkpt lat="50.3518269" lon="11.8718102">
        <ele>512.8</ele>
        <time>2026-09-10T16:35:03.000Z</time>
      </trkpt>
      <trkpt lat="50.3524343" lon="11.8711755">
        <ele>513.3</ele>
        <time>2026-09-10T16:35:23.000Z</time>
      </trkpt>
      <trkpt lat="50.3530648" lon="11.8702795">
        <ele>509.8</ele>
        <time>2026-09-10T16:35:44.000Z</time>
      </trkpt>
      <trkpt lat="50.3536701" lon="11.8697969">
        <ele>511.5</ele>
        <time>2026-09-10T16:36:04.000Z</time>
      </trkpt>
      <trkpt lat="50.3542344" lon="11.8691418">
        <ele>510.3</ele>
        <time>2026-09-10T16:36:26.000Z</time>
      </trkpt>
      <trkpt lat="50.3550447" lon="11.8683826">
        <ele>512</ele>
        <time>2026-09-10T16:36:47.000Z</time>
      </trkpt>
      <trkpt lat="50.355302" lon="11.8668678">
        <ele>507.6</ele>
        <time>2026-09-10T16:37:07.000Z</time>
      </trkpt>
      <trkpt lat="50.3555108" lon="11.8653697">
        <ele>506.8</ele>
        <time>2026-09-10T16:37:28.000Z</time>
      </trkpt>
      <trkpt lat="50.35552" lon="11.8653696">
        <ele>506.4</ele>
        <time>2026-09-10T16:37:49.000Z</time>
      </trkpt>
      <trkpt lat="50.3555122" lon="11.865383">
        <ele>505.8</ele>
        <time>2026-09-10T16:38:09.000Z</time>
      </trkpt>
      <trkpt lat="50.3555263" lon="11.86541">
        <ele>505.7</ele>
        <time>2026-09-10T16:38:30.000Z</time>
      </trkpt>
      <trkpt lat="50.3554773" lon="11.8651986">
        <ele>505.6</ele>
        <time>2026-09-10T16:38:50.000Z</time>
      </trkpt>
      <trkpt lat="50.3551967" lon="11.8640426">
        <ele>506.8</ele>
        <time>2026-09-10T16:39:11.000Z</time>
      </trkpt>
      <trkpt lat="50.3549932" lon="11.8632866">
        <ele>510.4</ele>
        <time>2026-09-10T16:39:31.000Z</time>
      </trkpt>
      <trkpt lat="50.3546826" lon="11.8630685">
        <ele>514.8</ele>
        <time>2026-09-10T16:39:52.000Z</time>
      </trkpt>
      <trkpt lat="50.3544124" lon="11.8626444">
        <ele>515.7</ele>
        <time>2026-09-10T16:40:12.000Z</time>
      </trkpt>
      <trkpt lat="50.3543997" lon="11.8614943">
        <ele>516</ele>
        <time>2026-09-10T16:40:33.000Z</time>
      </trkpt>
      <trkpt lat="50.3544332" lon="11.8602282">
        <ele>517</ele>
        <time>2026-09-10T16:40:54.000Z</time>
      </trkpt>
      <trkpt lat="50.3545033" lon="11.8593246">
        <ele>521.9</ele>
        <time>2026-09-10T16:41:15.000Z</time>
      </trkpt>
      <trkpt lat="50.3545654" lon="11.85876">
        <ele>526.7</ele>
        <time>2026-09-10T16:41:36.000Z</time>
      </trkpt>
      <trkpt lat="50.3547089" lon="11.8582758">
        <ele>531.5</ele>
        <time>2026-09-10T16:41:57.000Z</time>
      </trkpt>
      <trkpt lat="50.3548664" lon="11.8578065">
        <ele>535.2</ele>
        <time>2026-09-10T16:42:18.000Z</time>
      </trkpt>
      <trkpt lat="50.3549021" lon="11.8574004">
        <ele>538.5</ele>
        <time>2026-09-10T16:42:39.000Z</time>
      </trkpt>
      <trkpt lat="50.3550482" lon="11.8569905">
        <ele>543.3</ele>
        <time>2026-09-10T16:43:00.000Z</time>
      </trkpt>
      <trkpt lat="50.3553174" lon="11.8566566">
        <ele>544.7</ele>
        <time>2026-09-10T16:43:21.000Z</time>
      </trkpt>
      <trkpt lat="50.3555213" lon="11.8564012">
        <ele>547.7</ele>
        <time>2026-09-10T16:43:42.000Z</time>
      </trkpt>
      <trkpt lat="50.3555194" lon="11.8564157">
        <ele>545.5</ele>
        <time>2026-09-10T16:44:03.000Z</time>
      </trkpt>
      <trkpt lat="50.3555172" lon="11.8564245">
        <ele>548.2</ele>
        <time>2026-09-10T16:44:24.000Z</time>
      </trkpt>
      <trkpt lat="50.35552" lon="11.8564208">
        <ele>546.7</ele>
        <time>2026-09-10T16:44:45.000Z</time>
      </trkpt>
      <trkpt lat="50.3556059" lon="11.8563347">
        <ele>550.6</ele>
        <time>2026-09-10T16:45:06.000Z</time>
      </trkpt>
      <trkpt lat="50.3556203" lon="11.8563566">
        <ele>553.9</ele>
        <time>2026-09-10T16:45:26.000Z</time>
      </trkpt>
      <trkpt lat="50.3556156" lon="11.8563358">
        <ele>553.9</ele>
        <time>2026-09-10T16:45:47.000Z</time>
      </trkpt>
      <trkpt lat="50.3556173" lon="11.8563077">
        <ele>552.3</ele>
        <time>2026-09-10T16:46:07.000Z</time>
      </trkpt>
      <trkpt lat="50.355727" lon="11.8563162">
        <ele>550</ele>
        <time>2026-09-10T16:46:29.000Z</time>
      </trkpt>
      <trkpt lat="50.3561352" lon="11.8561941">
        <ele>551.1</ele>
        <time>2026-09-10T16:46:50.000Z</time>
      </trkpt>
      <trkpt lat="50.3567213" lon="11.8561379">
        <ele>552.4</ele>
        <time>2026-09-10T16:47:11.000Z</time>
      </trkpt>
      <trkpt lat="50.3572829" lon="11.8561499">
        <ele>554.8</ele>
        <time>2026-09-10T16:47:32.000Z</time>
      </trkpt>
      <trkpt lat="50.3579265" lon="11.856276">
        <ele>556.9</ele>
        <time>2026-09-10T16:47:52.000Z</time>
      </trkpt>
      <trkpt lat="50.3587241" lon="11.8565684">
        <ele>555.9</ele>
        <time>2026-09-10T16:48:13.000Z</time>
      </trkpt>
      <trkpt lat="50.3601062" lon="11.8572919">
        <ele>545.2</ele>
        <time>2026-09-10T16:48:33.000Z</time>
      </trkpt>
      <trkpt lat="50.3617282" lon="11.8577036">
        <ele>529.3</ele>
        <time>2026-09-10T16:48:54.000Z</time>
      </trkpt>
      <trkpt lat="50.3636323" lon="11.8575239">
        <ele>510.5</ele>
        <time>2026-09-10T16:49:15.000Z</time>
      </trkpt>
      <trkpt lat="50.3649866" lon="11.8566451">
        <ele>505.7</ele>
        <time>2026-09-10T16:49:36.000Z</time>
      </trkpt>
      <trkpt lat="50.3657022" lon="11.8561428">
        <ele>505.1</ele>
        <time>2026-09-10T16:49:57.000Z</time>
      </trkpt>
      <trkpt lat="50.3660113" lon="11.855728">
        <ele>506.9</ele>
        <time>2026-09-10T16:50:17.000Z</time>
      </trkpt>
      <trkpt lat="50.365793" lon="11.855264">
        <ele>511.3</ele>
        <time>2026-09-10T16:50:38.000Z</time>
      </trkpt>
      <trkpt lat="50.3655798" lon="11.8549199">
        <ele>517.3</ele>
        <time>2026-09-10T16:50:59.000Z</time>
      </trkpt>
      <trkpt lat="50.3654523" lon="11.8544566">
        <ele>518.5</ele>
        <time>2026-09-10T16:51:20.000Z</time>
      </trkpt>
      <trkpt lat="50.3655952" lon="11.8542525">
        <ele>522</ele>
        <time>2026-09-10T16:51:41.000Z</time>
      </trkpt>
      <trkpt lat="50.3659037" lon="11.854396">
        <ele>525.2</ele>
        <time>2026-09-10T16:52:02.000Z</time>
      </trkpt>
      <trkpt lat="50.3662077" lon="11.8544176">
        <ele>531.5</ele>
        <time>2026-09-10T16:52:23.000Z</time>
      </trkpt>
      <trkpt lat="50.3665328" lon="11.8543441">
        <ele>535.6</ele>
        <time>2026-09-10T16:52:44.000Z</time>
      </trkpt>
      <trkpt lat="50.3669091" lon="11.8541769">
        <ele>537.8</ele>
        <time>2026-09-10T16:53:05.000Z</time>
      </trkpt>
      <trkpt lat="50.3672134" lon="11.8539209">
        <ele>540.3</ele>
        <time>2026-09-10T16:53:25.000Z</time>
      </trkpt>
      <trkpt lat="50.367556" lon="11.8536723">
        <ele>542.5</ele>
        <time>2026-09-10T16:53:46.000Z</time>
      </trkpt>
      <trkpt lat="50.3679041" lon="11.8536691">
        <ele>545.3</ele>
        <time>2026-09-10T16:54:07.000Z</time>
      </trkpt>
      <trkpt lat="50.3682671" lon="11.853804">
        <ele>546.4</ele>
        <time>2026-09-10T16:54:28.000Z</time>
      </trkpt>
      <trkpt lat="50.3686463" lon="11.853962">
        <ele>548.9</ele>
        <time>2026-09-10T16:54:48.000Z</time>
      </trkpt>
      <trkpt lat="50.3690319" lon="11.8541163">
        <ele>552.9</ele>
        <time>2026-09-10T16:55:09.000Z</time>
      </trkpt>
      <trkpt lat="50.3693603" lon="11.8542329">
        <ele>555.7</ele>
        <time>2026-09-10T16:55:30.000Z</time>
      </trkpt>
      <trkpt lat="50.369716" lon="11.8543466">
        <ele>558</ele>
        <time>2026-09-10T16:55:51.000Z</time>
      </trkpt>
      <trkpt lat="50.3700564" lon="11.8545145">
        <ele>561</ele>
        <time>2026-09-10T16:56:12.000Z</time>
      </trkpt>
      <trkpt lat="50.3703861" lon="11.8546242">
        <ele>562.9</ele>
        <time>2026-09-10T16:56:32.000Z</time>
      </trkpt>
      <trkpt lat="50.3708512" lon="11.8547676">
        <ele>564.4</ele>
        <time>2026-09-10T16:56:53.000Z</time>
      </trkpt>
      <trkpt lat="50.3720442" lon="11.8553874">
        <ele>559.2</ele>
        <time>2026-09-10T16:57:14.000Z</time>
      </trkpt>
      <trkpt lat="50.3729778" lon="11.8563299">
        <ele>560</ele>
        <time>2026-09-10T16:57:35.000Z</time>
      </trkpt>
      <trkpt lat="50.3730818" lon="11.8574378">
        <ele>560.7</ele>
        <time>2026-09-10T16:57:56.000Z</time>
      </trkpt>
      <trkpt lat="50.373472" lon="11.8582919">
        <ele>562.8</ele>
        <time>2026-09-10T16:58:17.000Z</time>
      </trkpt>
      <trkpt lat="50.3740179" lon="11.8586188">
        <ele>567.2</ele>
        <time>2026-09-10T16:58:38.000Z</time>
      </trkpt>
      <trkpt lat="50.3745652" lon="11.8587425">
        <ele>570</ele>
        <time>2026-09-10T16:58:58.000Z</time>
      </trkpt>
      <trkpt lat="50.3750635" lon="11.8588096">
        <ele>573.2</ele>
        <time>2026-09-10T16:59:19.000Z</time>
      </trkpt>
      <trkpt lat="50.3753766" lon="11.8583985">
        <ele>573.9</ele>
        <time>2026-09-10T16:59:41.000Z</time>
      </trkpt>
      <trkpt lat="50.3754968" lon="11.8581651">
        <ele>576.6</ele>
        <time>2026-09-10T17:00:02.000Z</time>
      </trkpt>
      <trkpt lat="50.3753289" lon="11.8583436">
        <ele>573.4</ele>
        <time>2026-09-10T17:00:23.000Z</time>
      </trkpt>
      <trkpt lat="50.3755451" lon="11.858407">
        <ele>573.7</ele>
        <time>2026-09-10T17:00:44.000Z</time>
      </trkpt>
      <trkpt lat="50.3756627" lon="11.8585452">
        <ele>574.4</ele>
        <time>2026-09-10T17:01:05.000Z</time>
      </trkpt>
      <trkpt lat="50.3761708" lon="11.859093">
        <ele>576.8</ele>
        <time>2026-09-10T17:01:26.000Z</time>
      </trkpt>
      <trkpt lat="50.3765365" lon="11.8598304">
        <ele>575.9</ele>
        <time>2026-09-10T17:01:47.000Z</time>
      </trkpt>
      <trkpt lat="50.3765342" lon="11.8609883">
        <ele>578.1</ele>
        <time>2026-09-10T17:02:07.000Z</time>
      </trkpt>
      <trkpt lat="50.3769192" lon="11.8613394">
        <ele>583.4</ele>
        <time>2026-09-10T17:02:31.000Z</time>
      </trkpt>
      <trkpt lat="50.3773065" lon="11.8617421">
        <ele>583.3</ele>
        <time>2026-09-10T17:02:52.000Z</time>
      </trkpt>
      <trkpt lat="50.3777316" lon="11.862426">
        <ele>582.5</ele>
        <time>2026-09-10T17:03:12.000Z</time>
      </trkpt>
      <trkpt lat="50.3781694" lon="11.8633029">
        <ele>586.1</ele>
        <time>2026-09-10T17:03:33.000Z</time>
      </trkpt>
      <trkpt lat="50.3786168" lon="11.8637382">
        <ele>588.7</ele>
        <time>2026-09-10T17:03:53.000Z</time>
      </trkpt>
      <trkpt lat="50.3790319" lon="11.8636098">
        <ele>592.8</ele>
        <time>2026-09-10T17:04:14.000Z</time>
      </trkpt>
      <trkpt lat="50.379497" lon="11.8635441">
        <ele>595</ele>
        <time>2026-09-10T17:04:34.000Z</time>
      </trkpt>
      <trkpt lat="50.3798182" lon="11.8634584">
        <ele>599.5</ele>
        <time>2026-09-10T17:04:55.000Z</time>
      </trkpt>
      <trkpt lat="50.3802166" lon="11.8634563">
        <ele>601.5</ele>
        <time>2026-09-10T17:05:15.000Z</time>
      </trkpt>
      <trkpt lat="50.3807216" lon="11.8639183">
        <ele>604.9</ele>
        <time>2026-09-10T17:05:36.000Z</time>
      </trkpt>
      <trkpt lat="50.381235" lon="11.8645046">
        <ele>605.8</ele>
        <time>2026-09-10T17:05:56.000Z</time>
      </trkpt>
      <trkpt lat="50.3819249" lon="11.8649646">
        <ele>606.1</ele>
        <time>2026-09-10T17:06:17.000Z</time>
      </trkpt>
      <trkpt lat="50.3830936" lon="11.8654556">
        <ele>600.4</ele>
        <time>2026-09-10T17:06:37.000Z</time>
      </trkpt>
      <trkpt lat="50.3846441" lon="11.8668732">
        <ele>588.9</ele>
        <time>2026-09-10T17:06:58.000Z</time>
      </trkpt>
      <trkpt lat="50.3863081" lon="11.8680769">
        <ele>572.8</ele>
        <time>2026-09-10T17:07:19.000Z</time>
      </trkpt>
      <trkpt lat="50.3863969" lon="11.8682364">
        <ele>571.9</ele>
        <time>2026-09-10T17:07:40.000Z</time>
      </trkpt>
      <trkpt lat="50.3863913" lon="11.8682549">
        <ele>571.4</ele>
        <time>2026-09-10T17:08:01.000Z</time>
      </trkpt>
      <trkpt lat="50.3864642" lon="11.8682908">
        <ele>570.3</ele>
        <time>2026-09-10T17:08:22.000Z</time>
      </trkpt>
      <trkpt lat="50.3872226" lon="11.8692019">
        <ele>568.1</ele>
        <time>2026-09-10T17:08:43.000Z</time>
      </trkpt>
      <trkpt lat="50.3881225" lon="11.8702135">
        <ele>565</ele>
        <time>2026-09-10T17:09:03.000Z</time>
      </trkpt>
      <trkpt lat="50.3882743" lon="11.8723137">
        <ele>555.7</ele>
        <time>2026-09-10T17:09:24.000Z</time>
      </trkpt>
      <trkpt lat="50.3889143" lon="11.8729394">
        <ele>558.9</ele>
        <time>2026-09-10T17:09:44.000Z</time>
      </trkpt>
      <trkpt lat="50.3894057" lon="11.8730041">
        <ele>562</ele>
        <time>2026-09-10T17:10:05.000Z</time>
      </trkpt>
      <trkpt lat="50.3898485" lon="11.8725558">
        <ele>564</ele>
        <time>2026-09-10T17:10:26.000Z</time>
      </trkpt>
      <trkpt lat="50.3901865" lon="11.8721915">
        <ele>567.6</ele>
        <time>2026-09-10T17:10:47.000Z</time>
      </trkpt>
      <trkpt lat="50.390497" lon="11.871869">
        <ele>569.9</ele>
        <time>2026-09-10T17:11:07.000Z</time>
      </trkpt>
      <trkpt lat="50.3907857" lon="11.8716163">
        <ele>571.5</ele>
        <time>2026-09-10T17:11:28.000Z</time>
      </trkpt>
      <trkpt lat="50.3911433" lon="11.8715823">
        <ele>574.7</ele>
        <time>2026-09-10T17:11:48.000Z</time>
      </trkpt>
      <trkpt lat="50.3913306" lon="11.8710893">
        <ele>572.6</ele>
        <time>2026-09-10T17:12:09.000Z</time>
      </trkpt>
      <trkpt lat="50.391744" lon="11.8703508">
        <ele>573.8</ele>
        <time>2026-09-10T17:12:30.000Z</time>
      </trkpt>
      <trkpt lat="50.3921761" lon="11.8696081">
        <ele>576.2</ele>
        <time>2026-09-10T17:12:50.000Z</time>
      </trkpt>
      <trkpt lat="50.3925499" lon="11.8690463">
        <ele>579.8</ele>
        <time>2026-09-10T17:13:11.000Z</time>
      </trkpt>
      <trkpt lat="50.3930168" lon="11.8685454">
        <ele>580.4</ele>
        <time>2026-09-10T17:13:32.000Z</time>
      </trkpt>
      <trkpt lat="50.3934128" lon="11.868091">
        <ele>582.6</ele>
        <time>2026-09-10T17:13:52.000Z</time>
      </trkpt>
      <trkpt lat="50.3938746" lon="11.8676465">
        <ele>583.5</ele>
        <time>2026-09-10T17:14:13.000Z</time>
      </trkpt>
      <trkpt lat="50.3947057" lon="11.8673023">
        <ele>582.9</ele>
        <time>2026-09-10T17:14:34.000Z</time>
      </trkpt>
      <trkpt lat="50.3956045" lon="11.8671615">
        <ele>583</ele>
        <time>2026-09-10T17:14:55.000Z</time>
      </trkpt>
      <trkpt lat="50.3965184" lon="11.8670267">
        <ele>580.9</ele>
        <time>2026-09-10T17:15:16.000Z</time>
      </trkpt>
      <trkpt lat="50.3975476" lon="11.8680488">
        <ele>576.5</ele>
        <time>2026-09-10T17:15:36.000Z</time>
      </trkpt>
      <trkpt lat="50.3989675" lon="11.8686845">
        <ele>567.4</ele>
        <time>2026-09-10T17:15:57.000Z</time>
      </trkpt>
      <trkpt lat="50.4004897" lon="11.8679295">
        <ele>561.8</ele>
        <time>2026-09-10T17:16:18.000Z</time>
      </trkpt>
      <trkpt lat="50.4016374" lon="11.8667907">
        <ele>556.6</ele>
        <time>2026-09-10T17:16:39.000Z</time>
      </trkpt>
      <trkpt lat="50.4018044" lon="11.8663877">
        <ele>557.7</ele>
        <time>2026-09-10T17:17:00.000Z</time>
      </trkpt>
      <trkpt lat="50.4021228" lon="11.8661193">
        <ele>556.6</ele>
        <time>2026-09-10T17:17:21.000Z</time>
      </trkpt>
      <trkpt lat="50.4022357" lon="11.8661136">
        <ele>556.4</ele>
        <time>2026-09-10T17:17:42.000Z</time>
      </trkpt>
      <trkpt lat="50.4023968" lon="11.8661175">
        <ele>558.2</ele>
        <time>2026-09-10T17:18:03.000Z</time>
      </trkpt>
      <trkpt lat="50.4024086" lon="11.8661233">
        <ele>561</ele>
        <time>2026-09-10T17:18:24.000Z</time>
      </trkpt>
      <trkpt lat="50.4024125" lon="11.8660849">
        <ele>560.1</ele>
        <time>2026-09-10T17:18:45.000Z</time>
      </trkpt>
      <trkpt lat="50.402421" lon="11.8660738">
        <ele>560.4</ele>
        <time>2026-09-10T17:19:05.000Z</time>
      </trkpt>
      <trkpt lat="50.4025408" lon="11.8660578">
        <ele>558.7</ele>
        <time>2026-09-10T17:19:26.000Z</time>
      </trkpt>
      <trkpt lat="50.4029317" lon="11.8659243">
        <ele>561.3</ele>
        <time>2026-09-10T17:19:46.000Z</time>
      </trkpt>
      <trkpt lat="50.4033219" lon="11.8659477">
        <ele>561.4</ele>
        <time>2026-09-10T17:20:07.000Z</time>
      </trkpt>
      <trkpt lat="50.4038509" lon="11.8662352">
        <ele>562.9</ele>
        <time>2026-09-10T17:20:28.000Z</time>
      </trkpt>
      <trkpt lat="50.4044806" lon="11.8664126">
        <ele>567.4</ele>
        <time>2026-09-10T17:20:48.000Z</time>
      </trkpt>
      <trkpt lat="50.4049941" lon="11.866738">
        <ele>566.6</ele>
        <time>2026-09-10T17:21:09.000Z</time>
      </trkpt>
      <trkpt lat="50.4053738" lon="11.867032">
        <ele>571.3</ele>
        <time>2026-09-10T17:21:29.000Z</time>
      </trkpt>
      <trkpt lat="50.405794" lon="11.8676517">
        <ele>568.1</ele>
        <time>2026-09-10T17:21:50.000Z</time>
      </trkpt>
      <trkpt lat="50.4061429" lon="11.8682517">
        <ele>572.4</ele>
        <time>2026-09-10T17:22:11.000Z</time>
      </trkpt>
      <trkpt lat="50.406345" lon="11.8687615">
        <ele>571.3</ele>
        <time>2026-09-10T17:22:32.000Z</time>
      </trkpt>
      <trkpt lat="50.4065821" lon="11.8697272">
        <ele>570.5</ele>
        <time>2026-09-10T17:22:52.000Z</time>
      </trkpt>
      <trkpt lat="50.4068284" lon="11.8706824">
        <ele>567.7</ele>
        <time>2026-09-10T17:23:13.000Z</time>
      </trkpt>
      <trkpt lat="50.4071665" lon="11.8717784">
        <ele>568.5</ele>
        <time>2026-09-10T17:23:33.000Z</time>
      </trkpt>
      <trkpt lat="50.4074883" lon="11.872731">
        <ele>570.1</ele>
        <time>2026-09-10T17:23:55.000Z</time>
      </trkpt>
      <trkpt lat="50.4078028" lon="11.8733952">
        <ele>572.7</ele>
        <time>2026-09-10T17:24:16.000Z</time>
      </trkpt>
      <trkpt lat="50.4082901" lon="11.8739927">
        <ele>571.4</ele>
        <time>2026-09-10T17:24:37.000Z</time>
      </trkpt>
      <trkpt lat="50.4087155" lon="11.874423">
        <ele>576.1</ele>
        <time>2026-09-10T17:24:58.000Z</time>
      </trkpt>
      <trkpt lat="50.4090106" lon="11.8749167">
        <ele>574.4</ele>
        <time>2026-09-10T17:25:19.000Z</time>
      </trkpt>
      <trkpt lat="50.4094875" lon="11.8757096">
        <ele>571.5</ele>
        <time>2026-09-10T17:25:40.000Z</time>
      </trkpt>
      <trkpt lat="50.4099179" lon="11.8762326">
        <ele>573.9</ele>
        <time>2026-09-10T17:26:00.000Z</time>
      </trkpt>
      <trkpt lat="50.4103903" lon="11.8767432">
        <ele>576.3</ele>
        <time>2026-09-10T17:26:21.000Z</time>
      </trkpt>
      <trkpt lat="50.4109621" lon="11.8772073">
        <ele>576.4</ele>
        <time>2026-09-10T17:26:42.000Z</time>
      </trkpt>
      <trkpt lat="50.4116715" lon="11.877706">
        <ele>579</ele>
        <time>2026-09-10T17:27:03.000Z</time>
      </trkpt>
      <trkpt lat="50.4122749" lon="11.8780444">
        <ele>582.4</ele>
        <time>2026-09-10T17:27:24.000Z</time>
      </trkpt>
      <trkpt lat="50.4126726" lon="11.8783462">
        <ele>582.5</ele>
        <time>2026-09-10T17:27:44.000Z</time>
      </trkpt>
      <trkpt lat="50.4127763" lon="11.8785539">
        <ele>580.7</ele>
        <time>2026-09-10T17:28:06.000Z</time>
      </trkpt>
      <trkpt lat="50.412756" lon="11.8785818">
        <ele>581.8</ele>
        <time>2026-09-10T17:28:27.000Z</time>
      </trkpt>
      <trkpt lat="50.4127727" lon="11.8785709">
        <ele>583.3</ele>
        <time>2026-09-10T17:28:47.000Z</time>
      </trkpt>
      <trkpt lat="50.41276" lon="11.8786285">
        <ele>583.3</ele>
        <time>2026-09-10T17:29:09.000Z</time>
      </trkpt>
      <trkpt lat="50.4127615" lon="11.8787103">
        <ele>584.1</ele>
        <time>2026-09-10T17:29:29.000Z</time>
      </trkpt>
      <trkpt lat="50.4148178" lon="11.8815948">
        <ele>539.5</ele>
        <time>2026-09-10T17:59:14.000Z</time>
      </trkpt>
      <trkpt lat="50.4148133" lon="11.8815933">
        <ele>540.9</ele>
        <time>2026-09-10T17:59:35.000Z</time>
      </trkpt>
      <trkpt lat="50.414905" lon="11.8818483">
        <ele>539.5</ele>
        <time>2026-09-10T17:59:56.000Z</time>
      </trkpt>
      <trkpt lat="50.4151733" lon="11.882585">
        <ele>541.8</ele>
        <time>2026-09-10T18:00:16.000Z</time>
      </trkpt>
      <trkpt lat="50.4153717" lon="11.883065">
        <ele>541.7</ele>
        <time>2026-09-10T18:00:37.000Z</time>
      </trkpt>
      <trkpt lat="50.4152117" lon="11.882815">
        <ele>541.7</ele>
        <time>2026-09-10T18:00:58.000Z</time>
      </trkpt>
      <trkpt lat="50.4152983" lon="11.8818033">
        <ele>540.9</ele>
        <time>2026-09-10T18:01:19.000Z</time>
      </trkpt>
      <trkpt lat="50.4148417" lon="11.8808767">
        <ele>537.8</ele>
        <time>2026-09-10T18:01:40.000Z</time>
      </trkpt>
      <trkpt lat="50.4138517" lon="11.8799567">
        <ele>540.9</ele>
        <time>2026-09-10T18:02:01.000Z</time>
      </trkpt>
      <trkpt lat="50.4129633" lon="11.8788067">
        <ele>538.3</ele>
        <time>2026-09-10T18:02:22.000Z</time>
      </trkpt>
      <trkpt lat="50.4129517" lon="11.8786867">
        <ele>537.9</ele>
        <time>2026-09-10T18:02:43.000Z</time>
      </trkpt>
      <trkpt lat="50.41291" lon="11.8785933">
        <ele>532.2</ele>
        <time>2026-09-10T18:03:04.000Z</time>
      </trkpt>
      <trkpt lat="50.41244" lon="11.8773833">
        <ele>534.5</ele>
        <time>2026-09-10T18:03:25.000Z</time>
      </trkpt>
      <trkpt lat="50.4118133" lon="11.8763833">
        <ele>536.2</ele>
        <time>2026-09-10T18:03:46.000Z</time>
      </trkpt>
      <trkpt lat="50.411455" lon="11.875715">
        <ele>540.6</ele>
        <time>2026-09-10T18:04:06.000Z</time>
      </trkpt>
      <trkpt lat="50.4112533" lon="11.8751317">
        <ele>546.6</ele>
        <time>2026-09-10T18:04:27.000Z</time>
      </trkpt>
      <trkpt lat="50.4111917" lon="11.874615">
        <ele>549.8</ele>
        <time>2026-09-10T18:04:47.000Z</time>
      </trkpt>
      <trkpt lat="50.4111933" lon="11.8740067">
        <ele>553.4</ele>
        <time>2026-09-10T18:05:07.000Z</time>
      </trkpt>
      <trkpt lat="50.4112683" lon="11.8732733">
        <ele>555.6</ele>
        <time>2026-09-10T18:05:27.000Z</time>
      </trkpt>
      <trkpt lat="50.41153" lon="11.8722917">
        <ele>555.8</ele>
        <time>2026-09-10T18:05:48.000Z</time>
      </trkpt>
      <trkpt lat="50.4115883" lon="11.8710583">
        <ele>558.9</ele>
        <time>2026-09-10T18:06:08.000Z</time>
      </trkpt>
      <trkpt lat="50.4116683" lon="11.8701783">
        <ele>560.8</ele>
        <time>2026-09-10T18:06:29.000Z</time>
      </trkpt>
      <trkpt lat="50.4118867" lon="11.8695917">
        <ele>563.8</ele>
        <time>2026-09-10T18:06:49.000Z</time>
      </trkpt>
      <trkpt lat="50.4121267" lon="11.8689817">
        <ele>567.5</ele>
        <time>2026-09-10T18:07:10.000Z</time>
      </trkpt>
      <trkpt lat="50.4123667" lon="11.868385">
        <ele>570.1</ele>
        <time>2026-09-10T18:07:30.000Z</time>
      </trkpt>
      <trkpt lat="50.4125483" lon="11.8677367">
        <ele>571.3</ele>
        <time>2026-09-10T18:07:50.000Z</time>
      </trkpt>
      <trkpt lat="50.412735" lon="11.8669983">
        <ele>573.5</ele>
        <time>2026-09-10T18:08:11.000Z</time>
      </trkpt>
      <trkpt lat="50.4129233" lon="11.8662917">
        <ele>576.5</ele>
        <time>2026-09-10T18:08:32.000Z</time>
      </trkpt>
      <trkpt lat="50.413035" lon="11.8655717">
        <ele>582</ele>
        <time>2026-09-10T18:08:53.000Z</time>
      </trkpt>
      <trkpt lat="50.4131533" lon="11.865065">
        <ele>584.3</ele>
        <time>2026-09-10T18:09:14.000Z</time>
      </trkpt>
      <trkpt lat="50.41317" lon="11.8650117">
        <ele>584.9</ele>
        <time>2026-09-10T18:09:34.000Z</time>
      </trkpt>
      <trkpt lat="50.41317" lon="11.8650117">
        <ele>584.9</ele>
        <time>2026-09-10T18:09:55.000Z</time>
      </trkpt>
      <trkpt lat="50.41317" lon="11.8650117">
        <ele>584.9</ele>
        <time>2026-09-10T18:10:15.000Z</time>
      </trkpt>
      <trkpt lat="50.4132433" lon="11.8644067">
        <ele>586.5</ele>
        <time>2026-09-10T18:10:35.000Z</time>
      </trkpt>
      <trkpt lat="50.4132867" lon="11.8634933">
        <ele>590.3</ele>
        <time>2026-09-10T18:10:56.000Z</time>
      </trkpt>
      <trkpt lat="50.4132917" lon="11.862565">
        <ele>585.9</ele>
        <time>2026-09-10T18:11:17.000Z</time>
      </trkpt>
      <trkpt lat="50.41337" lon="11.8616233">
        <ele>585.7</ele>
        <time>2026-09-10T18:11:37.000Z</time>
      </trkpt>
      <trkpt lat="50.4133433" lon="11.8610317">
        <ele>584.6</ele>
        <time>2026-09-10T18:11:58.000Z</time>
      </trkpt>
      <trkpt lat="50.413305" lon="11.8600717">
        <ele>585.2</ele>
        <time>2026-09-10T18:12:18.000Z</time>
      </trkpt>
      <trkpt lat="50.41326" lon="11.8589967">
        <ele>590</ele>
        <time>2026-09-10T18:12:39.000Z</time>
      </trkpt>
      <trkpt lat="50.4131883" lon="11.85794">
        <ele>586.9</ele>
        <time>2026-09-10T18:12:59.000Z</time>
      </trkpt>
      <trkpt lat="50.41291" lon="11.8563367">
        <ele>584.2</ele>
        <time>2026-09-10T18:13:19.000Z</time>
      </trkpt>
      <trkpt lat="50.4122883" lon="11.854025">
        <ele>578.3</ele>
        <time>2026-09-10T18:13:40.000Z</time>
      </trkpt>
      <trkpt lat="50.4118867" lon="11.8515417">
        <ele>575.3</ele>
        <time>2026-09-10T18:14:01.000Z</time>
      </trkpt>
      <trkpt lat="50.4112167" lon="11.8494333">
        <ele>573.3</ele>
        <time>2026-09-10T18:14:22.000Z</time>
      </trkpt>
      <trkpt lat="50.410445" lon="11.84737">
        <ele>568.4</ele>
        <time>2026-09-10T18:14:42.000Z</time>
      </trkpt>
      <trkpt lat="50.4100317" lon="11.8451467">
        <ele>567.1</ele>
        <time>2026-09-10T18:15:03.000Z</time>
      </trkpt>
      <trkpt lat="50.4098867" lon="11.8436067">
        <ele>567.5</ele>
        <time>2026-09-10T18:15:23.000Z</time>
      </trkpt>
      <trkpt lat="50.4097517" lon="11.8426117">
        <ele>564</ele>
        <time>2026-09-10T18:15:43.000Z</time>
      </trkpt>
      <trkpt lat="50.4096517" lon="11.841685">
        <ele>564</ele>
        <time>2026-09-10T18:16:04.000Z</time>
      </trkpt>
      <trkpt lat="50.4095183" lon="11.8405">
        <ele>558.4</ele>
        <time>2026-09-10T18:16:25.000Z</time>
      </trkpt>
      <trkpt lat="50.4086867" lon="11.8384683">
        <ele>547.9</ele>
        <time>2026-09-10T18:16:45.000Z</time>
      </trkpt>
      <trkpt lat="50.40792" lon="11.8363817">
        <ele>537.1</ele>
        <time>2026-09-10T18:17:06.000Z</time>
      </trkpt>
      <trkpt lat="50.406925" lon="11.8338233">
        <ele>525.5</ele>
        <time>2026-09-10T18:17:27.000Z</time>
      </trkpt>
      <trkpt lat="50.4063983" lon="11.83185">
        <ele>528.2</ele>
        <time>2026-09-10T18:17:47.000Z</time>
      </trkpt>
      <trkpt lat="50.4063333" lon="11.8308917">
        <ele>527.8</ele>
        <time>2026-09-10T18:18:07.000Z</time>
      </trkpt>
      <trkpt lat="50.4063783" lon="11.830035">
        <ele>524.5</ele>
        <time>2026-09-10T18:18:28.000Z</time>
      </trkpt>
      <trkpt lat="50.4063517" lon="11.8288633">
        <ele>519.2</ele>
        <time>2026-09-10T18:18:48.000Z</time>
      </trkpt>
      <trkpt lat="50.406135" lon="11.8271467">
        <ele>513.4</ele>
        <time>2026-09-10T18:19:09.000Z</time>
      </trkpt>
      <trkpt lat="50.406265" lon="11.8251183">
        <ele>513.9</ele>
        <time>2026-09-10T18:19:30.000Z</time>
      </trkpt>
      <trkpt lat="50.406" lon="11.82336">
        <ele>510.6</ele>
        <time>2026-09-10T18:19:50.000Z</time>
      </trkpt>
      <trkpt lat="50.4059783" lon="11.823215">
        <ele>510.4</ele>
        <time>2026-09-10T18:20:10.000Z</time>
      </trkpt>
      <trkpt lat="50.4059783" lon="11.823215">
        <ele>510.4</ele>
        <time>2026-09-10T18:20:31.000Z</time>
      </trkpt>
      <trkpt lat="50.4059933" lon="11.8228783">
        <ele>510.5</ele>
        <time>2026-09-10T18:20:51.000Z</time>
      </trkpt>
      <trkpt lat="50.40662" lon="11.8222767">
        <ele>498.3</ele>
        <time>2026-09-10T18:21:11.000Z</time>
      </trkpt>
      <trkpt lat="50.40696" lon="11.8211733">
        <ele>489.1</ele>
        <time>2026-09-10T18:21:31.000Z</time>
      </trkpt>
      <trkpt lat="50.4068417" lon="11.8209517">
        <ele>486.9</ele>
        <time>2026-09-10T18:21:52.000Z</time>
      </trkpt>
      <trkpt lat="50.4070367" lon="11.820705">
        <ele>485.4</ele>
        <time>2026-09-10T18:22:12.000Z</time>
      </trkpt>
      <trkpt lat="50.40648" lon="11.8201683">
        <ele>472.4</ele>
        <time>2026-09-10T18:22:32.000Z</time>
      </trkpt>
      <trkpt lat="50.4058167" lon="11.8199717">
        <ele>462.8</ele>
        <time>2026-09-10T18:22:53.000Z</time>
      </trkpt>
      <trkpt lat="50.4057867" lon="11.8193867">
        <ele>459.6</ele>
        <time>2026-09-10T18:23:14.000Z</time>
      </trkpt>
      <trkpt lat="50.4060867" lon="11.8184267">
        <ele>452.4</ele>
        <time>2026-09-10T18:23:34.000Z</time>
      </trkpt>
      <trkpt lat="50.406285" lon="11.817395">
        <ele>456.7</ele>
        <time>2026-09-10T18:23:54.000Z</time>
      </trkpt>
      <trkpt lat="50.406585" lon="11.8166983">
        <ele>462.8</ele>
        <time>2026-09-10T18:24:15.000Z</time>
      </trkpt>
      <trkpt lat="50.40689" lon="11.8161067">
        <ele>468.2</ele>
        <time>2026-09-10T18:24:35.000Z</time>
      </trkpt>
      <trkpt lat="50.4071767" lon="11.8155583">
        <ele>472.6</ele>
        <time>2026-09-10T18:24:56.000Z</time>
      </trkpt>
      <trkpt lat="50.407505" lon="11.815035">
        <ele>475.6</ele>
        <time>2026-09-10T18:25:16.000Z</time>
      </trkpt>
      <trkpt lat="50.4077883" lon="11.8144733">
        <ele>481.4</ele>
        <time>2026-09-10T18:25:37.000Z</time>
      </trkpt>
      <trkpt lat="50.4080633" lon="11.8138817">
        <ele>480</ele>
        <time>2026-09-10T18:25:58.000Z</time>
      </trkpt>
      <trkpt lat="50.4083083" lon="11.81333">
        <ele>481.7</ele>
        <time>2026-09-10T18:26:19.000Z</time>
      </trkpt>
      <trkpt lat="50.4084533" lon="11.812775">
        <ele>486.5</ele>
        <time>2026-09-10T18:26:40.000Z</time>
      </trkpt>
      <trkpt lat="50.408615" lon="11.8121517">
        <ele>485.5</ele>
        <time>2026-09-10T18:27:00.000Z</time>
      </trkpt>
      <trkpt lat="50.408925" lon="11.8117383">
        <ele>486</ele>
        <time>2026-09-10T18:27:20.000Z</time>
      </trkpt>
      <trkpt lat="50.40931" lon="11.8114483">
        <ele>486.1</ele>
        <time>2026-09-10T18:27:41.000Z</time>
      </trkpt>
      <trkpt lat="50.40961" lon="11.811335">
        <ele>490</ele>
        <time>2026-09-10T18:28:02.000Z</time>
      </trkpt>
      <trkpt lat="50.40961" lon="11.811335">
        <ele>490</ele>
        <time>2026-09-10T18:28:22.000Z</time>
      </trkpt>
      <trkpt lat="50.40961" lon="11.811335">
        <ele>490</ele>
        <time>2026-09-10T18:28:43.000Z</time>
      </trkpt>
      <trkpt lat="50.4097267" lon="11.811295">
        <ele>489.4</ele>
        <time>2026-09-10T18:29:04.000Z</time>
      </trkpt>
      <trkpt lat="50.410315" lon="11.8112383">
        <ele>491</ele>
        <time>2026-09-10T18:29:25.000Z</time>
      </trkpt>
      <trkpt lat="50.4109983" lon="11.8113467">
        <ele>492.3</ele>
        <time>2026-09-10T18:29:45.000Z</time>
      </trkpt>
      <trkpt lat="50.41159" lon="11.8116817">
        <ele>491.8</ele>
        <time>2026-09-10T18:30:06.000Z</time>
      </trkpt>
      <trkpt lat="50.412015" lon="11.81202">
        <ele>496.3</ele>
        <time>2026-09-10T18:30:26.000Z</time>
      </trkpt>
      <trkpt lat="50.4124383" lon="11.8122133">
        <ele>499.4</ele>
        <time>2026-09-10T18:30:47.000Z</time>
      </trkpt>
      <trkpt lat="50.4128517" lon="11.812285">
        <ele>501.5</ele>
        <time>2026-09-10T18:31:07.000Z</time>
      </trkpt>
      <trkpt lat="50.41328" lon="11.8123033">
        <ele>503.8</ele>
        <time>2026-09-10T18:31:28.000Z</time>
      </trkpt>
      <trkpt lat="50.4137183" lon="11.812305">
        <ele>510.2</ele>
        <time>2026-09-10T18:31:49.000Z</time>
      </trkpt>
      <trkpt lat="50.414145" lon="11.81235">
        <ele>509.9</ele>
        <time>2026-09-10T18:32:10.000Z</time>
      </trkpt>
      <trkpt lat="50.4145283" lon="11.8125017">
        <ele>512.6</ele>
        <time>2026-09-10T18:32:31.000Z</time>
      </trkpt>
      <trkpt lat="50.414915" lon="11.8127917">
        <ele>516.4</ele>
        <time>2026-09-10T18:32:52.000Z</time>
      </trkpt>
      <trkpt lat="50.4152633" lon="11.813215">
        <ele>519.1</ele>
        <time>2026-09-10T18:33:13.000Z</time>
      </trkpt>
      <trkpt lat="50.4155267" lon="11.8136333">
        <ele>521</ele>
        <time>2026-09-10T18:33:33.000Z</time>
      </trkpt>
      <trkpt lat="50.41558" lon="11.8136367">
        <ele>520.8</ele>
        <time>2026-09-10T18:33:54.000Z</time>
      </trkpt>
      <trkpt lat="50.41558" lon="11.8136367">
        <ele>520.8</ele>
        <time>2026-09-10T18:34:14.000Z</time>
      </trkpt>
      <trkpt lat="50.41558" lon="11.8136367">
        <ele>520.8</ele>
        <time>2026-09-10T18:34:35.000Z</time>
      </trkpt>
      <trkpt lat="50.4160033" lon="11.8132533">
        <ele>520.7</ele>
        <time>2026-09-10T18:34:56.000Z</time>
      </trkpt>
      <trkpt lat="50.4168883" lon="11.813705">
        <ele>518.2</ele>
        <time>2026-09-10T18:35:16.000Z</time>
      </trkpt>
      <trkpt lat="50.41807" lon="11.8144217">
        <ele>513.4</ele>
        <time>2026-09-10T18:35:36.000Z</time>
      </trkpt>
      <trkpt lat="50.419355" lon="11.81492">
        <ele>511.3</ele>
        <time>2026-09-10T18:35:57.000Z</time>
      </trkpt>
      <trkpt lat="50.4200717" lon="11.8145817">
        <ele>517.3</ele>
        <time>2026-09-10T18:36:17.000Z</time>
      </trkpt>
      <trkpt lat="50.4204867" lon="11.81442">
        <ele>518.6</ele>
        <time>2026-09-10T18:36:38.000Z</time>
      </trkpt>
      <trkpt lat="50.4208733" lon="11.814515">
        <ele>522.3</ele>
        <time>2026-09-10T18:36:59.000Z</time>
      </trkpt>
      <trkpt lat="50.4212417" lon="11.8146917">
        <ele>525.8</ele>
        <time>2026-09-10T18:37:19.000Z</time>
      </trkpt>
      <trkpt lat="50.42176" lon="11.814925">
        <ele>527.8</ele>
        <time>2026-09-10T18:37:40.000Z</time>
      </trkpt>
      <trkpt lat="50.4224267" lon="11.8154117">
        <ele>527.1</ele>
        <time>2026-09-10T18:38:02.000Z</time>
      </trkpt>
      <trkpt lat="50.4232317" lon="11.816075">
        <ele>528.8</ele>
        <time>2026-09-10T18:38:22.000Z</time>
      </trkpt>
      <trkpt lat="50.423925" lon="11.8160867">
        <ele>527.6</ele>
        <time>2026-09-10T18:38:43.000Z</time>
      </trkpt>
      <trkpt lat="50.4247467" lon="11.8156">
        <ele>522</ele>
        <time>2026-09-10T18:39:04.000Z</time>
      </trkpt>
      <trkpt lat="50.4254433" lon="11.8152467">
        <ele>517.9</ele>
        <time>2026-09-10T18:39:25.000Z</time>
      </trkpt>
      <trkpt lat="50.4256417" lon="11.81485">
        <ele>521.6</ele>
        <time>2026-09-10T18:39:45.000Z</time>
      </trkpt>
      <trkpt lat="50.4256333" lon="11.8146367">
        <ele>520.9</ele>
        <time>2026-09-10T18:40:06.000Z</time>
      </trkpt>
      <trkpt lat="50.4255883" lon="11.8141083">
        <ele>520.6</ele>
        <time>2026-09-10T18:40:27.000Z</time>
      </trkpt>
      <trkpt lat="50.4256833" lon="11.813125">
        <ele>520.8</ele>
        <time>2026-09-10T18:40:48.000Z</time>
      </trkpt>
      <trkpt lat="50.4258033" lon="11.8122867">
        <ele>527.2</ele>
        <time>2026-09-10T18:41:09.000Z</time>
      </trkpt>
      <trkpt lat="50.4258833" lon="11.8117017">
        <ele>532.2</ele>
        <time>2026-09-10T18:41:29.000Z</time>
      </trkpt>
      <trkpt lat="50.4259633" lon="11.8111617">
        <ele>534</ele>
        <time>2026-09-10T18:41:50.000Z</time>
      </trkpt>
      <trkpt lat="50.4260817" lon="11.810595">
        <ele>537.2</ele>
        <time>2026-09-10T18:42:11.000Z</time>
      </trkpt>
      <trkpt lat="50.4261583" lon="11.810045">
        <ele>539.6</ele>
        <time>2026-09-10T18:42:32.000Z</time>
      </trkpt>
      <trkpt lat="50.4262433" lon="11.80942">
        <ele>540.4</ele>
        <time>2026-09-10T18:42:53.000Z</time>
      </trkpt>
      <trkpt lat="50.4263733" lon="11.8087717">
        <ele>543.4</ele>
        <time>2026-09-10T18:43:13.000Z</time>
      </trkpt>
      <trkpt lat="50.4265917" lon="11.8079083">
        <ele>542.3</ele>
        <time>2026-09-10T18:43:34.000Z</time>
      </trkpt>
      <trkpt lat="50.4267617" lon="11.8073117">
        <ele>538.6</ele>
        <time>2026-09-10T18:43:55.000Z</time>
      </trkpt>
      <trkpt lat="50.4269317" lon="11.8068017">
        <ele>536.4</ele>
        <time>2026-09-10T18:44:16.000Z</time>
      </trkpt>
      <trkpt lat="50.4272983" lon="11.805665">
        <ele>530.5</ele>
        <time>2026-09-10T18:44:37.000Z</time>
      </trkpt>
      <trkpt lat="50.4278" lon="11.8037567">
        <ele>519.1</ele>
        <time>2026-09-10T18:44:58.000Z</time>
      </trkpt>
      <trkpt lat="50.428055" lon="11.801745">
        <ele>508.8</ele>
        <time>2026-09-10T18:45:19.000Z</time>
      </trkpt>
      <trkpt lat="50.4282117" lon="11.8001883">
        <ele>500.7</ele>
        <time>2026-09-10T18:45:40.000Z</time>
      </trkpt>
      <trkpt lat="50.4283" lon="11.799295">
        <ele>497.9</ele>
        <time>2026-09-10T18:46:00.000Z</time>
      </trkpt>
      <trkpt lat="50.4285833" lon="11.7976233">
        <ele>488.3</ele>
        <time>2026-09-10T18:46:21.000Z</time>
      </trkpt>
      <trkpt lat="50.4288467" lon="11.7966567">
        <ele>482.8</ele>
        <time>2026-09-10T18:46:42.000Z</time>
      </trkpt>
      <trkpt lat="50.428715" lon="11.7964783">
        <ele>482.4</ele>
        <time>2026-09-10T18:47:03.000Z</time>
      </trkpt>
      <trkpt lat="50.4279517" lon="11.796335">
        <ele>477.4</ele>
        <time>2026-09-10T18:47:23.000Z</time>
      </trkpt>
      <trkpt lat="50.4275983" lon="11.795945">
        <ele>477.5</ele>
        <time>2026-09-10T18:47:44.000Z</time>
      </trkpt>
      <trkpt lat="50.4275583" lon="11.7953917">
        <ele>476.3</ele>
        <time>2026-09-10T18:48:04.000Z</time>
      </trkpt>
      <trkpt lat="50.427365" lon="11.79523">
        <ele>476</ele>
        <time>2026-09-10T18:48:24.000Z</time>
      </trkpt>
      <trkpt lat="50.4273051" lon="11.7951769">
        <ele>526.6</ele>
        <time>2026-09-11T05:56:29.000Z</time>
      </trkpt>
      <trkpt lat="50.4275314" lon="11.795331">
        <ele>526.6</ele>
        <time>2026-09-11T05:56:53.000Z</time>
      </trkpt>
      <trkpt lat="50.427675" lon="11.7956643">
        <ele>528.4</ele>
        <time>2026-09-11T05:57:13.000Z</time>
      </trkpt>
      <trkpt lat="50.4279074" lon="11.7963551">
        <ele>524.8</ele>
        <time>2026-09-11T05:57:34.000Z</time>
      </trkpt>
      <trkpt lat="50.4283714" lon="11.7963982">
        <ele>530.6</ele>
        <time>2026-09-11T05:57:55.000Z</time>
      </trkpt>
      <trkpt lat="50.4287707" lon="11.7964927">
        <ele>534.3</ele>
        <time>2026-09-11T05:58:16.000Z</time>
      </trkpt>
      <trkpt lat="50.4290804" lon="11.7960158">
        <ele>532.4</ele>
        <time>2026-09-11T05:58:36.000Z</time>
      </trkpt>
      <trkpt lat="50.4293857" lon="11.7948016">
        <ele>530.1</ele>
        <time>2026-09-11T05:58:57.000Z</time>
      </trkpt>
      <trkpt lat="50.4295942" lon="11.7939754">
        <ele>534.3</ele>
        <time>2026-09-11T05:59:18.000Z</time>
      </trkpt>
      <trkpt lat="50.4297719" lon="11.7936657">
        <ele>538.2</ele>
        <time>2026-09-11T05:59:39.000Z</time>
      </trkpt>
      <trkpt lat="50.4299443" lon="11.7930447">
        <ele>538.8</ele>
        <time>2026-09-11T05:59:59.000Z</time>
      </trkpt>
      <trkpt lat="50.4301426" lon="11.792453">
        <ele>541.9</ele>
        <time>2026-09-11T06:00:21.000Z</time>
      </trkpt>
      <trkpt lat="50.4303581" lon="11.7918969">
        <ele>542.8</ele>
        <time>2026-09-11T06:00:41.000Z</time>
      </trkpt>
      <trkpt lat="50.4305909" lon="11.7913568">
        <ele>551.7</ele>
        <time>2026-09-11T06:01:02.000Z</time>
      </trkpt>
      <trkpt lat="50.4308468" lon="11.7909406">
        <ele>553.5</ele>
        <time>2026-09-11T06:01:23.000Z</time>
      </trkpt>
      <trkpt lat="50.4311081" lon="11.7905428">
        <ele>557.1</ele>
        <time>2026-09-11T06:01:44.000Z</time>
      </trkpt>
      <trkpt lat="50.4313685" lon="11.7901927">
        <ele>559.9</ele>
        <time>2026-09-11T06:02:05.000Z</time>
      </trkpt>
      <trkpt lat="50.4316263" lon="11.7898571">
        <ele>564.4</ele>
        <time>2026-09-11T06:02:26.000Z</time>
      </trkpt>
      <trkpt lat="50.431918" lon="11.789451">
        <ele>566.3</ele>
        <time>2026-09-11T06:02:46.000Z</time>
      </trkpt>
      <trkpt lat="50.4322767" lon="11.7889558">
        <ele>569.2</ele>
        <time>2026-09-11T06:03:07.000Z</time>
      </trkpt>
      <trkpt lat="50.4326892" lon="11.7884064">
        <ele>570.9</ele>
        <time>2026-09-11T06:03:28.000Z</time>
      </trkpt>
      <trkpt lat="50.4330879" lon="11.7878996">
        <ele>573</ele>
        <time>2026-09-11T06:03:49.000Z</time>
      </trkpt>
      <trkpt lat="50.4334853" lon="11.78736">
        <ele>574.1</ele>
        <time>2026-09-11T06:04:10.000Z</time>
      </trkpt>
      <trkpt lat="50.4338792" lon="11.7869064">
        <ele>577.2</ele>
        <time>2026-09-11T06:04:30.000Z</time>
      </trkpt>
      <trkpt lat="50.4343244" lon="11.7863077">
        <ele>579.7</ele>
        <time>2026-09-11T06:04:51.000Z</time>
      </trkpt>
      <trkpt lat="50.4347588" lon="11.7857529">
        <ele>579.9</ele>
        <time>2026-09-11T06:05:11.000Z</time>
      </trkpt>
      <trkpt lat="50.4352332" lon="11.7851459">
        <ele>579.5</ele>
        <time>2026-09-11T06:05:32.000Z</time>
      </trkpt>
      <trkpt lat="50.4356655" lon="11.784611">
        <ele>580.7</ele>
        <time>2026-09-11T06:05:53.000Z</time>
      </trkpt>
      <trkpt lat="50.4360311" lon="11.7842325">
        <ele>583.9</ele>
        <time>2026-09-11T06:06:13.000Z</time>
      </trkpt>
      <trkpt lat="50.4363446" lon="11.7838552">
        <ele>586.8</ele>
        <time>2026-09-11T06:06:34.000Z</time>
      </trkpt>
      <trkpt lat="50.4366101" lon="11.7833927">
        <ele>590.4</ele>
        <time>2026-09-11T06:06:55.000Z</time>
      </trkpt>
      <trkpt lat="50.4368214" lon="11.782859">
        <ele>593</ele>
        <time>2026-09-11T06:07:15.000Z</time>
      </trkpt>
      <trkpt lat="50.4369981" lon="11.7822641">
        <ele>595.4</ele>
        <time>2026-09-11T06:07:36.000Z</time>
      </trkpt>
      <trkpt lat="50.4370514" lon="11.7821259">
        <ele>596.1</ele>
        <time>2026-09-11T06:07:58.000Z</time>
      </trkpt>
      <trkpt lat="50.437043" lon="11.7821219">
        <ele>595.8</ele>
        <time>2026-09-11T06:08:18.000Z</time>
      </trkpt>
      <trkpt lat="50.4370269" lon="11.7821053">
        <ele>596.3</ele>
        <time>2026-09-11T06:08:40.000Z</time>
      </trkpt>
      <trkpt lat="50.4370294" lon="11.7821157">
        <ele>598.2</ele>
        <time>2026-09-11T06:09:01.000Z</time>
      </trkpt>
      <trkpt lat="50.4370495" lon="11.7819574">
        <ele>598.1</ele>
        <time>2026-09-11T06:09:21.000Z</time>
      </trkpt>
      <trkpt lat="50.4373169" lon="11.7812258">
        <ele>602</ele>
        <time>2026-09-11T06:09:42.000Z</time>
      </trkpt>
      <trkpt lat="50.4375267" lon="11.7806154">
        <ele>605</ele>
        <time>2026-09-11T06:10:04.000Z</time>
      </trkpt>
      <trkpt lat="50.4377353" lon="11.780099">
        <ele>607.5</ele>
        <time>2026-09-11T06:10:24.000Z</time>
      </trkpt>
      <trkpt lat="50.4380542" lon="11.7796332">
        <ele>610.2</ele>
        <time>2026-09-11T06:10:45.000Z</time>
      </trkpt>
      <trkpt lat="50.4384403" lon="11.7791529">
        <ele>612.7</ele>
        <time>2026-09-11T06:11:06.000Z</time>
      </trkpt>
      <trkpt lat="50.4387982" lon="11.7785835">
        <ele>615.4</ele>
        <time>2026-09-11T06:11:26.000Z</time>
      </trkpt>
      <trkpt lat="50.4391603" lon="11.7778737">
        <ele>619.5</ele>
        <time>2026-09-11T06:11:47.000Z</time>
      </trkpt>
      <trkpt lat="50.4394991" lon="11.7770484">
        <ele>620.8</ele>
        <time>2026-09-11T06:12:08.000Z</time>
      </trkpt>
      <trkpt lat="50.4395701" lon="11.7768095">
        <ele>619.7</ele>
        <time>2026-09-11T06:12:29.000Z</time>
      </trkpt>
      <trkpt lat="50.4395648" lon="11.7767987">
        <ele>620.5</ele>
        <time>2026-09-11T06:12:50.000Z</time>
      </trkpt>
      <trkpt lat="50.439579" lon="11.7767971">
        <ele>621.5</ele>
        <time>2026-09-11T06:13:11.000Z</time>
      </trkpt>
      <trkpt lat="50.4395709" lon="11.7767981">
        <ele>620.7</ele>
        <time>2026-09-11T06:13:31.000Z</time>
      </trkpt>
      <trkpt lat="50.4395762" lon="11.7768018">
        <ele>620.4</ele>
        <time>2026-09-11T06:13:52.000Z</time>
      </trkpt>
      <trkpt lat="50.439561" lon="11.7767992">
        <ele>620.4</ele>
        <time>2026-09-11T06:14:12.000Z</time>
      </trkpt>
      <trkpt lat="50.4395636" lon="11.7768054">
        <ele>619.9</ele>
        <time>2026-09-11T06:14:34.000Z</time>
      </trkpt>
      <trkpt lat="50.4395659" lon="11.776806">
        <ele>619.4</ele>
        <time>2026-09-11T06:14:55.000Z</time>
      </trkpt>
      <trkpt lat="50.4395721" lon="11.7767829">
        <ele>619.7</ele>
        <time>2026-09-11T06:15:16.000Z</time>
      </trkpt>
      <trkpt lat="50.439575" lon="11.7767903">
        <ele>620.4</ele>
        <time>2026-09-11T06:15:36.000Z</time>
      </trkpt>
      <trkpt lat="50.439575" lon="11.7767905">
        <ele>620.4</ele>
        <time>2026-09-11T06:15:57.000Z</time>
      </trkpt>
      <trkpt lat="50.4395749" lon="11.7767906">
        <ele>620.4</ele>
        <time>2026-09-11T06:16:18.000Z</time>
      </trkpt>
      <trkpt lat="50.4395749" lon="11.7767886">
        <ele>620.6</ele>
        <time>2026-09-11T06:16:39.000Z</time>
      </trkpt>
      <trkpt lat="50.4395656" lon="11.7767684">
        <ele>619.9</ele>
        <time>2026-09-11T06:17:01.000Z</time>
      </trkpt>
      <trkpt lat="50.4397214" lon="11.7759002">
        <ele>620.5</ele>
        <time>2026-09-11T06:17:21.000Z</time>
      </trkpt>
      <trkpt lat="50.4399779" lon="11.7741331">
        <ele>618.5</ele>
        <time>2026-09-11T06:17:43.000Z</time>
      </trkpt>
      <trkpt lat="50.4401565" lon="11.7720227">
        <ele>615.2</ele>
        <time>2026-09-11T06:18:04.000Z</time>
      </trkpt>
      <trkpt lat="50.440453" lon="11.7699712">
        <ele>603.5</ele>
        <time>2026-09-11T06:18:24.000Z</time>
      </trkpt>
      <trkpt lat="50.4410366" lon="11.7692045">
        <ele>597.3</ele>
        <time>2026-09-11T06:18:46.000Z</time>
      </trkpt>
      <trkpt lat="50.4410915" lon="11.769047">
        <ele>597</ele>
        <time>2026-09-11T06:19:06.000Z</time>
      </trkpt>
      <trkpt lat="50.4410884" lon="11.769065">
        <ele>598.8</ele>
        <time>2026-09-11T06:19:27.000Z</time>
      </trkpt>
      <trkpt lat="50.4412694" lon="11.7690302">
        <ele>596.1</ele>
        <time>2026-09-11T06:19:48.000Z</time>
      </trkpt>
      <trkpt lat="50.441893" lon="11.7680448">
        <ele>591.1</ele>
        <time>2026-09-11T06:20:08.000Z</time>
      </trkpt>
      <trkpt lat="50.4422529" lon="11.766614">
        <ele>590.8</ele>
        <time>2026-09-11T06:20:29.000Z</time>
      </trkpt>
      <trkpt lat="50.4425846" lon="11.766003">
        <ele>593.9</ele>
        <time>2026-09-11T06:20:50.000Z</time>
      </trkpt>
      <trkpt lat="50.4427574" lon="11.7653091">
        <ele>598.7</ele>
        <time>2026-09-11T06:21:11.000Z</time>
      </trkpt>
      <trkpt lat="50.4429325" lon="11.7646443">
        <ele>598</ele>
        <time>2026-09-11T06:21:32.000Z</time>
      </trkpt>
      <trkpt lat="50.4420106" lon="11.7642968">
        <ele>593.8</ele>
        <time>2026-09-11T06:21:52.000Z</time>
      </trkpt>
      <trkpt lat="50.4405155" lon="11.7641098">
        <ele>585.7</ele>
        <time>2026-09-11T06:22:14.000Z</time>
      </trkpt>
      <trkpt lat="50.438953" lon="11.7637902">
        <ele>583.4</ele>
        <time>2026-09-11T06:22:34.000Z</time>
      </trkpt>
      <trkpt lat="50.437821" lon="11.7628505">
        <ele>582.3</ele>
        <time>2026-09-11T06:22:55.000Z</time>
      </trkpt>
      <trkpt lat="50.4367725" lon="11.7615604">
        <ele>579.2</ele>
        <time>2026-09-11T06:23:15.000Z</time>
      </trkpt>
      <trkpt lat="50.4358319" lon="11.7604033">
        <ele>581</ele>
        <time>2026-09-11T06:23:37.000Z</time>
      </trkpt>
      <trkpt lat="50.4353912" lon="11.7598716">
        <ele>584.7</ele>
        <time>2026-09-11T06:23:57.000Z</time>
      </trkpt>
      <trkpt lat="50.4350873" lon="11.7594734">
        <ele>589</ele>
        <time>2026-09-11T06:24:18.000Z</time>
      </trkpt>
      <trkpt lat="50.4347713" lon="11.7590888">
        <ele>591.9</ele>
        <time>2026-09-11T06:24:40.000Z</time>
      </trkpt>
      <trkpt lat="50.4344491" lon="11.7587205">
        <ele>595.1</ele>
        <time>2026-09-11T06:25:00.000Z</time>
      </trkpt>
      <trkpt lat="50.4341509" lon="11.7582994">
        <ele>597.8</ele>
        <time>2026-09-11T06:25:21.000Z</time>
      </trkpt>
      <trkpt lat="50.4338029" lon="11.7578158">
        <ele>600.3</ele>
        <time>2026-09-11T06:25:42.000Z</time>
      </trkpt>
      <trkpt lat="50.4334051" lon="11.757308">
        <ele>602.3</ele>
        <time>2026-09-11T06:26:02.000Z</time>
      </trkpt>
      <trkpt lat="50.4330241" lon="11.7568096">
        <ele>605</ele>
        <time>2026-09-11T06:26:23.000Z</time>
      </trkpt>
      <trkpt lat="50.4325284" lon="11.7561671">
        <ele>606.4</ele>
        <time>2026-09-11T06:26:43.000Z</time>
      </trkpt>
      <trkpt lat="50.4320112" lon="11.7555175">
        <ele>608</ele>
        <time>2026-09-11T06:27:04.000Z</time>
      </trkpt>
      <trkpt lat="50.4315183" lon="11.7547349">
        <ele>607.7</ele>
        <time>2026-09-11T06:27:25.000Z</time>
      </trkpt>
      <trkpt lat="50.4310202" lon="11.7536752">
        <ele>604.6</ele>
        <time>2026-09-11T06:27:45.000Z</time>
      </trkpt>
      <trkpt lat="50.4304996" lon="11.752762">
        <ele>600.1</ele>
        <time>2026-09-11T06:28:06.000Z</time>
      </trkpt>
      <trkpt lat="50.4297982" lon="11.7516394">
        <ele>593.4</ele>
        <time>2026-09-11T06:28:28.000Z</time>
      </trkpt>
      <trkpt lat="50.4292425" lon="11.7503454">
        <ele>597.5</ele>
        <time>2026-09-11T06:28:48.000Z</time>
      </trkpt>
      <trkpt lat="50.4287718" lon="11.7491805">
        <ele>598.5</ele>
        <time>2026-09-11T06:29:09.000Z</time>
      </trkpt>
      <trkpt lat="50.4286129" lon="11.7478899">
        <ele>600.9</ele>
        <time>2026-09-11T06:29:30.000Z</time>
      </trkpt>
      <trkpt lat="50.4288686" lon="11.7463259">
        <ele>594.3</ele>
        <time>2026-09-11T06:29:51.000Z</time>
      </trkpt>
      <trkpt lat="50.4292845" lon="11.7442982">
        <ele>589.8</ele>
        <time>2026-09-11T06:30:11.000Z</time>
      </trkpt>
      <trkpt lat="50.4286061" lon="11.7431715">
        <ele>589.2</ele>
        <time>2026-09-11T06:30:32.000Z</time>
      </trkpt>
      <trkpt lat="50.4274275" lon="11.7429731">
        <ele>590.5</ele>
        <time>2026-09-11T06:30:52.000Z</time>
      </trkpt>
      <trkpt lat="50.4268848" lon="11.7422129">
        <ele>594.2</ele>
        <time>2026-09-11T06:31:13.000Z</time>
      </trkpt>
      <trkpt lat="50.4263886" lon="11.7415284">
        <ele>595.8</ele>
        <time>2026-09-11T06:31:34.000Z</time>
      </trkpt>
      <trkpt lat="50.425556" lon="11.7406337">
        <ele>590.9</ele>
        <time>2026-09-11T06:31:54.000Z</time>
      </trkpt>
      <trkpt lat="50.424375" lon="11.7396332">
        <ele>587.6</ele>
        <time>2026-09-11T06:32:15.000Z</time>
      </trkpt>
      <trkpt lat="50.4237198" lon="11.7391872">
        <ele>591.7</ele>
        <time>2026-09-11T06:32:36.000Z</time>
      </trkpt>
      <trkpt lat="50.423109" lon="11.7386674">
        <ele>594.1</ele>
        <time>2026-09-11T06:32:56.000Z</time>
      </trkpt>
      <trkpt lat="50.4224351" lon="11.7380322">
        <ele>595</ele>
        <time>2026-09-11T06:33:17.000Z</time>
      </trkpt>
      <trkpt lat="50.4218389" lon="11.7373888">
        <ele>597</ele>
        <time>2026-09-11T06:33:38.000Z</time>
      </trkpt>
      <trkpt lat="50.4212677" lon="11.7366883">
        <ele>598.4</ele>
        <time>2026-09-11T06:33:58.000Z</time>
      </trkpt>
      <trkpt lat="50.4207395" lon="11.736021">
        <ele>599</ele>
        <time>2026-09-11T06:34:19.000Z</time>
      </trkpt>
      <trkpt lat="50.4203652" lon="11.7355242">
        <ele>602.6</ele>
        <time>2026-09-11T06:34:40.000Z</time>
      </trkpt>
      <trkpt lat="50.4200472" lon="11.7351348">
        <ele>605.8</ele>
        <time>2026-09-11T06:35:01.000Z</time>
      </trkpt>
      <trkpt lat="50.4197811" lon="11.7346613">
        <ele>608.3</ele>
        <time>2026-09-11T06:35:23.000Z</time>
      </trkpt>
      <trkpt lat="50.4196694" lon="11.7340598">
        <ele>611.5</ele>
        <time>2026-09-11T06:35:43.000Z</time>
      </trkpt>
      <trkpt lat="50.4196912" lon="11.7336921">
        <ele>611.5</ele>
        <time>2026-09-11T06:36:04.000Z</time>
      </trkpt>
      <trkpt lat="50.4196272" lon="11.7335196">
        <ele>611.4</ele>
        <time>2026-09-11T06:36:24.000Z</time>
      </trkpt>
      <trkpt lat="50.4185226" lon="11.7331352">
        <ele>610</ele>
        <time>2026-09-11T06:36:46.000Z</time>
      </trkpt>
      <trkpt lat="50.4173191" lon="11.7323541">
        <ele>607.6</ele>
        <time>2026-09-11T06:37:06.000Z</time>
      </trkpt>
      <trkpt lat="50.4161801" lon="11.731097">
        <ele>601.1</ele>
        <time>2026-09-11T06:37:27.000Z</time>
      </trkpt>
      <trkpt lat="50.4149369" lon="11.7289971">
        <ele>590.7</ele>
        <time>2026-09-11T06:37:49.000Z</time>
      </trkpt>
      <trkpt lat="50.4138171" lon="11.727002">
        <ele>589.3</ele>
        <time>2026-09-11T06:38:10.000Z</time>
      </trkpt>
      <trkpt lat="50.4133636" lon="11.7264102">
        <ele>590</ele>
        <time>2026-09-11T06:38:30.000Z</time>
      </trkpt>
      <trkpt lat="50.4132217" lon="11.7265527">
        <ele>592.7</ele>
        <time>2026-09-11T06:38:51.000Z</time>
      </trkpt>
      <trkpt lat="50.4125674" lon="11.7268553">
        <ele>589.6</ele>
        <time>2026-09-11T06:39:12.000Z</time>
      </trkpt>
      <trkpt lat="50.4116787" lon="11.7262997">
        <ele>584.6</ele>
        <time>2026-09-11T06:39:34.000Z</time>
      </trkpt>
      <trkpt lat="50.4107312" lon="11.7254796">
        <ele>581.2</ele>
        <time>2026-09-11T06:39:54.000Z</time>
      </trkpt>
      <trkpt lat="50.4098921" lon="11.7244355">
        <ele>579.3</ele>
        <time>2026-09-11T06:40:15.000Z</time>
      </trkpt>
      <trkpt lat="50.4090332" lon="11.7233513">
        <ele>576.3</ele>
        <time>2026-09-11T06:40:36.000Z</time>
      </trkpt>
      <trkpt lat="50.4082782" lon="11.7223602">
        <ele>573.3</ele>
        <time>2026-09-11T06:40:57.000Z</time>
      </trkpt>
      <trkpt lat="50.4076286" lon="11.7215234">
        <ele>570.7</ele>
        <time>2026-09-11T06:41:18.000Z</time>
      </trkpt>
      <trkpt lat="50.4069179" lon="11.7206074">
        <ele>566.2</ele>
        <time>2026-09-11T06:41:39.000Z</time>
      </trkpt>
      <trkpt lat="50.4062467" lon="11.719507">
        <ele>559.9</ele>
        <time>2026-09-11T06:42:01.000Z</time>
      </trkpt>
      <trkpt lat="50.4057054" lon="11.7184971">
        <ele>555.5</ele>
        <time>2026-09-11T06:42:21.000Z</time>
      </trkpt>
      <trkpt lat="50.4051283" lon="11.717581">
        <ele>546</ele>
        <time>2026-09-11T06:42:43.000Z</time>
      </trkpt>
      <trkpt lat="50.4049736" lon="11.7162003">
        <ele>548.2</ele>
        <time>2026-09-11T06:43:04.000Z</time>
      </trkpt>
      <trkpt lat="50.4049729" lon="11.7149859">
        <ele>550.3</ele>
        <time>2026-09-11T06:43:25.000Z</time>
      </trkpt>
      <trkpt lat="50.4049709" lon="11.7139083">
        <ele>551.2</ele>
        <time>2026-09-11T06:43:45.000Z</time>
      </trkpt>
      <trkpt lat="50.4053674" lon="11.7128992">
        <ele>547.9</ele>
        <time>2026-09-11T06:44:06.000Z</time>
      </trkpt>
      <trkpt lat="50.4056082" lon="11.7118207">
        <ele>542.5</ele>
        <time>2026-09-11T06:44:28.000Z</time>
      </trkpt>
      <trkpt lat="50.4052018" lon="11.7103541">
        <ele>533.8</ele>
        <time>2026-09-11T06:44:49.000Z</time>
      </trkpt>
      <trkpt lat="50.4050163" lon="11.7089794">
        <ele>528</ele>
        <time>2026-09-11T06:45:10.000Z</time>
      </trkpt>
      <trkpt lat="50.4055467" lon="11.7080273">
        <ele>520.8</ele>
        <time>2026-09-11T06:45:30.000Z</time>
      </trkpt>
      <trkpt lat="50.4064629" lon="11.7073923">
        <ele>513.2</ele>
        <time>2026-09-11T06:45:51.000Z</time>
      </trkpt>
      <trkpt lat="50.4073352" lon="11.7070826">
        <ele>508.2</ele>
        <time>2026-09-11T06:46:12.000Z</time>
      </trkpt>
      <trkpt lat="50.4075853" lon="11.7063075">
        <ele>501</ele>
        <time>2026-09-11T06:46:33.000Z</time>
      </trkpt>
      <trkpt lat="50.4069685" lon="11.7068583">
        <ele>499.1</ele>
        <time>2026-09-11T06:46:54.000Z</time>
      </trkpt>
      <trkpt lat="50.4054169" lon="11.7069036">
        <ele>491.9</ele>
        <time>2026-09-11T06:47:14.000Z</time>
      </trkpt>
      <trkpt lat="50.4039115" lon="11.7059212">
        <ele>475.6</ele>
        <time>2026-09-11T06:47:35.000Z</time>
      </trkpt>
      <trkpt lat="50.4032037" lon="11.7036518">
        <ele>467.2</ele>
        <time>2026-09-11T06:47:56.000Z</time>
      </trkpt>
      <trkpt lat="50.4029366" lon="11.7022961">
        <ele>468.2</ele>
        <time>2026-09-11T06:48:17.000Z</time>
      </trkpt>
      <trkpt lat="50.4028099" lon="11.7012617">
        <ele>470.8</ele>
        <time>2026-09-11T06:48:37.000Z</time>
      </trkpt>
      <trkpt lat="50.4028611" lon="11.7009668">
        <ele>472.8</ele>
        <time>2026-09-11T06:48:58.000Z</time>
      </trkpt>
      <trkpt lat="50.4029599" lon="11.7007807">
        <ele>472.5</ele>
        <time>2026-09-11T06:49:18.000Z</time>
      </trkpt>
      <trkpt lat="50.4029802" lon="11.7008234">
        <ele>473.7</ele>
        <time>2026-09-11T06:49:39.000Z</time>
      </trkpt>
      <trkpt lat="50.4029652" lon="11.7008274">
        <ele>474.5</ele>
        <time>2026-09-11T06:49:59.000Z</time>
      </trkpt>
      <trkpt lat="50.4029993" lon="11.7008302">
        <ele>475.1</ele>
        <time>2026-09-11T06:50:21.000Z</time>
      </trkpt>
      <trkpt lat="50.4029894" lon="11.7008392">
        <ele>474.3</ele>
        <time>2026-09-11T06:50:41.000Z</time>
      </trkpt>
      <trkpt lat="50.4029938" lon="11.7008621">
        <ele>476</ele>
        <time>2026-09-11T06:51:03.000Z</time>
      </trkpt>
      <trkpt lat="50.4029972" lon="11.7008679">
        <ele>476.5</ele>
        <time>2026-09-11T06:51:24.000Z</time>
      </trkpt>
      <trkpt lat="50.4029924" lon="11.7008438">
        <ele>476.1</ele>
        <time>2026-09-11T06:51:44.000Z</time>
      </trkpt>
      <trkpt lat="50.4030114" lon="11.7008304">
        <ele>477.9</ele>
        <time>2026-09-11T06:52:05.000Z</time>
      </trkpt>
      <trkpt lat="50.4030093" lon="11.7008277">
        <ele>479.2</ele>
        <time>2026-09-11T06:52:25.000Z</time>
      </trkpt>
      <trkpt lat="50.4029511" lon="11.7008516">
        <ele>477.7</ele>
        <time>2026-09-11T06:52:46.000Z</time>
      </trkpt>
      <trkpt lat="50.4029949" lon="11.7008662">
        <ele>479.7</ele>
        <time>2026-09-11T06:53:07.000Z</time>
      </trkpt>
      <trkpt lat="50.4030197" lon="11.7008417">
        <ele>480.3</ele>
        <time>2026-09-11T06:53:28.000Z</time>
      </trkpt>
      <trkpt lat="50.4030076" lon="11.7008296">
        <ele>480.3</ele>
        <time>2026-09-11T06:53:49.000Z</time>
      </trkpt>
      <trkpt lat="50.4029883" lon="11.7008541">
        <ele>478.2</ele>
        <time>2026-09-11T06:54:10.000Z</time>
      </trkpt>
      <trkpt lat="50.4030009" lon="11.7008536">
        <ele>475.8</ele>
        <time>2026-09-11T06:54:32.000Z</time>
      </trkpt>
      <trkpt lat="50.4029918" lon="11.7008225">
        <ele>474.2</ele>
        <time>2026-09-11T06:54:52.000Z</time>
      </trkpt>
      <trkpt lat="50.4028896" lon="11.7004451">
        <ele>474.9</ele>
        <time>2026-09-11T06:55:13.000Z</time>
      </trkpt>
      <trkpt lat="50.402848" lon="11.6998596">
        <ele>477.9</ele>
        <time>2026-09-11T06:55:34.000Z</time>
      </trkpt>
      <trkpt lat="50.4024872" lon="11.6996337">
        <ele>483.4</ele>
        <time>2026-09-11T06:55:55.000Z</time>
      </trkpt>
      <trkpt lat="50.4021815" lon="11.6992545">
        <ele>484</ele>
        <time>2026-09-11T06:56:16.000Z</time>
      </trkpt>
      <trkpt lat="50.4019861" lon="11.6987993">
        <ele>484.5</ele>
        <time>2026-09-11T06:56:36.000Z</time>
      </trkpt>
      <trkpt lat="50.4019346" lon="11.6987576">
        <ele>485.5</ele>
        <time>2026-09-11T06:56:57.000Z</time>
      </trkpt>
      <trkpt lat="50.4019459" lon="11.6987655">
        <ele>484.1</ele>
        <time>2026-09-11T06:57:17.000Z</time>
      </trkpt>
      <trkpt lat="50.4019399" lon="11.6987198">
        <ele>485.4</ele>
        <time>2026-09-11T06:57:38.000Z</time>
      </trkpt>
      <trkpt lat="50.4019296" lon="11.6987272">
        <ele>483.9</ele>
        <time>2026-09-11T06:57:59.000Z</time>
      </trkpt>
      <trkpt lat="50.4019249" lon="11.698719">
        <ele>483.4</ele>
        <time>2026-09-11T06:58:20.000Z</time>
      </trkpt>
      <trkpt lat="50.401942" lon="11.6987144">
        <ele>483.2</ele>
        <time>2026-09-11T06:58:41.000Z</time>
      </trkpt>
      <trkpt lat="50.401561" lon="11.6981086">
        <ele>482.1</ele>
        <time>2026-09-11T06:59:01.000Z</time>
      </trkpt>
      <trkpt lat="50.4012215" lon="11.6973931">
        <ele>484.7</ele>
        <time>2026-09-11T06:59:23.000Z</time>
      </trkpt>
      <trkpt lat="50.400772" lon="11.6967314">
        <ele>485.1</ele>
        <time>2026-09-11T06:59:43.000Z</time>
      </trkpt>
      <trkpt lat="50.4003354" lon="11.6962651">
        <ele>487.9</ele>
        <time>2026-09-11T07:00:04.000Z</time>
      </trkpt>
      <trkpt lat="50.3999237" lon="11.6958979">
        <ele>490.8</ele>
        <time>2026-09-11T07:00:24.000Z</time>
      </trkpt>
      <trkpt lat="50.3996772" lon="11.6954805">
        <ele>494.8</ele>
        <time>2026-09-11T07:00:45.000Z</time>
      </trkpt>
      <trkpt lat="50.399409" lon="11.6950551">
        <ele>498.5</ele>
        <time>2026-09-11T07:01:06.000Z</time>
      </trkpt>
      <trkpt lat="50.3989783" lon="11.6946249">
        <ele>500.5</ele>
        <time>2026-09-11T07:01:26.000Z</time>
      </trkpt>
      <trkpt lat="50.3984001" lon="11.6941025">
        <ele>500.3</ele>
        <time>2026-09-11T07:01:47.000Z</time>
      </trkpt>
      <trkpt lat="50.3978667" lon="11.6933071">
        <ele>502.2</ele>
        <time>2026-09-11T07:02:07.000Z</time>
      </trkpt>
      <trkpt lat="50.3977655" lon="11.6927692">
        <ele>504.3</ele>
        <time>2026-09-11T07:02:28.000Z</time>
      </trkpt>
      <trkpt lat="50.3976955" lon="11.6921701">
        <ele>510.3</ele>
        <time>2026-09-11T07:02:49.000Z</time>
      </trkpt>
      <trkpt lat="50.3975926" lon="11.6916617">
        <ele>515.4</ele>
        <time>2026-09-11T07:03:11.000Z</time>
      </trkpt>
      <trkpt lat="50.3976024" lon="11.6911349">
        <ele>517.6</ele>
        <time>2026-09-11T07:03:31.000Z</time>
      </trkpt>
      <trkpt lat="50.3977557" lon="11.6907866">
        <ele>521.9</ele>
        <time>2026-09-11T07:03:52.000Z</time>
      </trkpt>
      <trkpt lat="50.3980701" lon="11.6905559">
        <ele>525</ele>
        <time>2026-09-11T07:04:13.000Z</time>
      </trkpt>
      <trkpt lat="50.3982405" lon="11.6904127">
        <ele>525.9</ele>
        <time>2026-09-11T07:04:34.000Z</time>
      </trkpt>
      <trkpt lat="50.3985838" lon="11.6902196">
        <ele>527.7</ele>
        <time>2026-09-11T07:04:55.000Z</time>
      </trkpt>
      <trkpt lat="50.3989465" lon="11.6900949">
        <ele>530.1</ele>
        <time>2026-09-11T07:05:15.000Z</time>
      </trkpt>
      <trkpt lat="50.3993014" lon="11.6898691">
        <ele>531.3</ele>
        <time>2026-09-11T07:05:36.000Z</time>
      </trkpt>
      <trkpt lat="50.3995949" lon="11.6895217">
        <ele>536.2</ele>
        <time>2026-09-11T07:05:58.000Z</time>
      </trkpt>
      <trkpt lat="50.3998631" lon="11.6891814">
        <ele>540</ele>
        <time>2026-09-11T07:06:19.000Z</time>
      </trkpt>
      <trkpt lat="50.4001489" lon="11.6888093">
        <ele>544.3</ele>
        <time>2026-09-11T07:06:39.000Z</time>
      </trkpt>
      <trkpt lat="50.4004569" lon="11.6885515">
        <ele>547.8</ele>
        <time>2026-09-11T07:07:00.000Z</time>
      </trkpt>
      <trkpt lat="50.400826" lon="11.6883614">
        <ele>551.4</ele>
        <time>2026-09-11T07:07:22.000Z</time>
      </trkpt>
      <trkpt lat="50.4011834" lon="11.6881873">
        <ele>553.8</ele>
        <time>2026-09-11T07:07:42.000Z</time>
      </trkpt>
      <trkpt lat="50.4015507" lon="11.6880175">
        <ele>556.3</ele>
        <time>2026-09-11T07:08:03.000Z</time>
      </trkpt>
      <trkpt lat="50.401887" lon="11.6878657">
        <ele>558.9</ele>
        <time>2026-09-11T07:08:24.000Z</time>
      </trkpt>
      <trkpt lat="50.4022439" lon="11.6876932">
        <ele>562.4</ele>
        <time>2026-09-11T07:08:46.000Z</time>
      </trkpt>
      <trkpt lat="50.4025861" lon="11.6872951">
        <ele>564.3</ele>
        <time>2026-09-11T07:09:07.000Z</time>
      </trkpt>
      <trkpt lat="50.402905" lon="11.6867082">
        <ele>567.1</ele>
        <time>2026-09-11T07:09:27.000Z</time>
      </trkpt>
      <trkpt lat="50.4032924" lon="11.686069">
        <ele>567.2</ele>
        <time>2026-09-11T07:09:48.000Z</time>
      </trkpt>
      <trkpt lat="50.4037207" lon="11.6854299">
        <ele>569.4</ele>
        <time>2026-09-11T07:10:10.000Z</time>
      </trkpt>
      <trkpt lat="50.4042427" lon="11.6849436">
        <ele>570.6</ele>
        <time>2026-09-11T07:10:30.000Z</time>
      </trkpt>
      <trkpt lat="50.4045156" lon="11.6842784">
        <ele>574.7</ele>
        <time>2026-09-11T07:10:51.000Z</time>
      </trkpt>
      <trkpt lat="50.4047531" lon="11.6838371">
        <ele>578</ele>
        <time>2026-09-11T07:11:12.000Z</time>
      </trkpt>
      <trkpt lat="50.4050415" lon="11.6833778">
        <ele>580.7</ele>
        <time>2026-09-11T07:11:32.000Z</time>
      </trkpt>
      <trkpt lat="50.4050735" lon="11.6828298">
        <ele>582.5</ele>
        <time>2026-09-11T07:11:54.000Z</time>
      </trkpt>
      <trkpt lat="50.4049193" lon="11.6823293">
        <ele>586.9</ele>
        <time>2026-09-11T07:12:15.000Z</time>
      </trkpt>
      <trkpt lat="50.4049284" lon="11.6817754">
        <ele>590.4</ele>
        <time>2026-09-11T07:12:35.000Z</time>
      </trkpt>
      <trkpt lat="50.4051097" lon="11.6812422">
        <ele>593.2</ele>
        <time>2026-09-11T07:12:56.000Z</time>
      </trkpt>
      <trkpt lat="50.405291" lon="11.680711">
        <ele>596</ele>
        <time>2026-09-11T07:13:17.000Z</time>
      </trkpt>
      <trkpt lat="50.405548" lon="11.68029">
        <ele>596.4</ele>
        <time>2026-09-11T07:13:38.000Z</time>
      </trkpt>
      <trkpt lat="50.4057767" lon="11.6798761">
        <ele>597.2</ele>
        <time>2026-09-11T07:13:58.000Z</time>
      </trkpt>
      <trkpt lat="50.4059346" lon="11.6789478">
        <ele>600</ele>
        <time>2026-09-11T07:14:20.000Z</time>
      </trkpt>
      <trkpt lat="50.4059351" lon="11.6780108">
        <ele>601.6</ele>
        <time>2026-09-11T07:14:40.000Z</time>
      </trkpt>
      <trkpt lat="50.4060245" lon="11.6774224">
        <ele>601.9</ele>
        <time>2026-09-11T07:15:01.000Z</time>
      </trkpt>
      <trkpt lat="50.4061689" lon="11.6767364">
        <ele>603.1</ele>
        <time>2026-09-11T07:15:23.000Z</time>
      </trkpt>
      <trkpt lat="50.4063623" lon="11.6758769">
        <ele>604.6</ele>
        <time>2026-09-11T07:15:44.000Z</time>
      </trkpt>
      <trkpt lat="50.4066725" lon="11.674912">
        <ele>605.4</ele>
        <time>2026-09-11T07:16:04.000Z</time>
      </trkpt>
      <trkpt lat="50.4070514" lon="11.674007">
        <ele>608.4</ele>
        <time>2026-09-11T07:16:25.000Z</time>
      </trkpt>
      <trkpt lat="50.4073449" lon="11.6731013">
        <ele>609</ele>
        <time>2026-09-11T07:16:46.000Z</time>
      </trkpt>
      <trkpt lat="50.4073983" lon="11.6729037">
        <ele>608.5</ele>
        <time>2026-09-11T07:17:07.000Z</time>
      </trkpt>
      <trkpt lat="50.4073914" lon="11.6729043">
        <ele>610.9</ele>
        <time>2026-09-11T07:17:28.000Z</time>
      </trkpt>
      <trkpt lat="50.4073908" lon="11.6729047">
        <ele>610.8</ele>
        <time>2026-09-11T07:17:49.000Z</time>
      </trkpt>
      <trkpt lat="50.4073882" lon="11.6729107">
        <ele>612.2</ele>
        <time>2026-09-11T07:18:10.000Z</time>
      </trkpt>
      <trkpt lat="50.4073847" lon="11.6729111">
        <ele>612.6</ele>
        <time>2026-09-11T07:18:31.000Z</time>
      </trkpt>
      <trkpt lat="50.4073846" lon="11.672911">
        <ele>613.1</ele>
        <time>2026-09-11T07:18:51.000Z</time>
      </trkpt>
      <trkpt lat="50.4073751" lon="11.6728853">
        <ele>609</ele>
        <time>2026-09-11T07:19:12.000Z</time>
      </trkpt>
      <trkpt lat="50.4073849" lon="11.6725578">
        <ele>609.3</ele>
        <time>2026-09-11T07:19:33.000Z</time>
      </trkpt>
      <trkpt lat="50.4075324" lon="11.6717647">
        <ele>609.5</ele>
        <time>2026-09-11T07:19:54.000Z</time>
      </trkpt>
      <trkpt lat="50.4077014" lon="11.6709963">
        <ele>609.9</ele>
        <time>2026-09-11T07:20:14.000Z</time>
      </trkpt>
      <trkpt lat="50.407628" lon="11.6703558">
        <ele>612</ele>
        <time>2026-09-11T07:20:35.000Z</time>
      </trkpt>
      <trkpt lat="50.4072742" lon="11.6698931">
        <ele>614.9</ele>
        <time>2026-09-11T07:20:55.000Z</time>
      </trkpt>
      <trkpt lat="50.4070893" lon="11.6692135">
        <ele>618</ele>
        <time>2026-09-11T07:21:16.000Z</time>
      </trkpt>
      <trkpt lat="50.4070381" lon="11.6685464">
        <ele>620.4</ele>
        <time>2026-09-11T07:21:37.000Z</time>
      </trkpt>
      <trkpt lat="50.4068447" lon="11.6678755">
        <ele>622.3</ele>
        <time>2026-09-11T07:21:58.000Z</time>
      </trkpt>
      <trkpt lat="50.4066553" lon="11.6671909">
        <ele>624.6</ele>
        <time>2026-09-11T07:22:18.000Z</time>
      </trkpt>
      <trkpt lat="50.4065096" lon="11.6664727">
        <ele>625.5</ele>
        <time>2026-09-11T07:22:40.000Z</time>
      </trkpt>
      <trkpt lat="50.4064858" lon="11.6658077">
        <ele>628</ele>
        <time>2026-09-11T07:23:00.000Z</time>
      </trkpt>
      <trkpt lat="50.4066065" lon="11.6652274">
        <ele>630.5</ele>
        <time>2026-09-11T07:23:21.000Z</time>
      </trkpt>
      <trkpt lat="50.4067703" lon="11.6646355">
        <ele>632.6</ele>
        <time>2026-09-11T07:23:42.000Z</time>
      </trkpt>
      <trkpt lat="50.4068301" lon="11.6639924">
        <ele>635.9</ele>
        <time>2026-09-11T07:24:04.000Z</time>
      </trkpt>
      <trkpt lat="50.4068357" lon="11.6633672">
        <ele>639.6</ele>
        <time>2026-09-11T07:24:24.000Z</time>
      </trkpt>
      <trkpt lat="50.4067788" lon="11.662853">
        <ele>643.1</ele>
        <time>2026-09-11T07:24:45.000Z</time>
      </trkpt>
      <trkpt lat="50.4065578" lon="11.6624073">
        <ele>647.1</ele>
        <time>2026-09-11T07:25:05.000Z</time>
      </trkpt>
      <trkpt lat="50.4062429" lon="11.6620152">
        <ele>650.1</ele>
        <time>2026-09-11T07:25:26.000Z</time>
      </trkpt>
      <trkpt lat="50.4058691" lon="11.6615527">
        <ele>650.7</ele>
        <time>2026-09-11T07:25:46.000Z</time>
      </trkpt>
      <trkpt lat="50.4052932" lon="11.6607529">
        <ele>650.5</ele>
        <time>2026-09-11T07:26:07.000Z</time>
      </trkpt>
      <trkpt lat="50.4047985" lon="11.6598849">
        <ele>653.6</ele>
        <time>2026-09-11T07:26:27.000Z</time>
      </trkpt>
      <trkpt lat="50.4045444" lon="11.6594008">
        <ele>655.1</ele>
        <time>2026-09-11T07:26:48.000Z</time>
      </trkpt>
      <trkpt lat="50.404095" lon="11.6585264">
        <ele>654.2</ele>
        <time>2026-09-11T07:27:09.000Z</time>
      </trkpt>
      <trkpt lat="50.4034203" lon="11.6568558">
        <ele>646.9</ele>
        <time>2026-09-11T07:27:30.000Z</time>
      </trkpt>
      <trkpt lat="50.4032356" lon="11.6543624">
        <ele>634.1</ele>
        <time>2026-09-11T07:27:50.000Z</time>
      </trkpt>
      <trkpt lat="50.4034368" lon="11.6525625">
        <ele>633.5</ele>
        <time>2026-09-11T07:28:11.000Z</time>
      </trkpt>
      <trkpt lat="50.4034401" lon="11.6515606">
        <ele>633.4</ele>
        <time>2026-09-11T07:28:31.000Z</time>
      </trkpt>
      <trkpt lat="50.4033632" lon="11.6503785">
        <ele>634.9</ele>
        <time>2026-09-11T07:28:53.000Z</time>
      </trkpt>
      <trkpt lat="50.4032695" lon="11.6491433">
        <ele>635.1</ele>
        <time>2026-09-11T07:29:13.000Z</time>
      </trkpt>
      <trkpt lat="50.4031481" lon="11.6478345">
        <ele>638</ele>
        <time>2026-09-11T07:29:34.000Z</time>
      </trkpt>
      <trkpt lat="50.4031145" lon="11.6470986">
        <ele>641</ele>
        <time>2026-09-11T07:29:55.000Z</time>
      </trkpt>
      <trkpt lat="50.4031016" lon="11.6462947">
        <ele>642</ele>
        <time>2026-09-11T07:30:15.000Z</time>
      </trkpt>
      <trkpt lat="50.4032229" lon="11.6452954">
        <ele>643.3</ele>
        <time>2026-09-11T07:30:36.000Z</time>
      </trkpt>
      <trkpt lat="50.4035201" lon="11.6441578">
        <ele>643.6</ele>
        <time>2026-09-11T07:30:56.000Z</time>
      </trkpt>
      <trkpt lat="50.4039471" lon="11.6430749">
        <ele>644.8</ele>
        <time>2026-09-11T07:31:17.000Z</time>
      </trkpt>
      <trkpt lat="50.4042534" lon="11.6422024">
        <ele>646.6</ele>
        <time>2026-09-11T07:31:38.000Z</time>
      </trkpt>
      <trkpt lat="50.4042911" lon="11.6414102">
        <ele>650.2</ele>
        <time>2026-09-11T07:31:58.000Z</time>
      </trkpt>
      <trkpt lat="50.4043772" lon="11.6406605">
        <ele>652.4</ele>
        <time>2026-09-11T07:32:19.000Z</time>
      </trkpt>
      <trkpt lat="50.4045157" lon="11.639968">
        <ele>655.2</ele>
        <time>2026-09-11T07:32:40.000Z</time>
      </trkpt>
      <trkpt lat="50.4046772" lon="11.6392054">
        <ele>659.6</ele>
        <time>2026-09-11T07:33:00.000Z</time>
      </trkpt>
      <trkpt lat="50.4048107" lon="11.6385825">
        <ele>660.9</ele>
        <time>2026-09-11T07:33:21.000Z</time>
      </trkpt>
      <trkpt lat="50.4050431" lon="11.6379463">
        <ele>663.2</ele>
        <time>2026-09-11T07:33:42.000Z</time>
      </trkpt>
      <trkpt lat="50.4052774" lon="11.6371986">
        <ele>665.2</ele>
        <time>2026-09-11T07:34:02.000Z</time>
      </trkpt>
      <trkpt lat="50.405428" lon="11.6362498">
        <ele>667.1</ele>
        <time>2026-09-11T07:34:23.000Z</time>
      </trkpt>
      <trkpt lat="50.4055597" lon="11.6352917">
        <ele>669.7</ele>
        <time>2026-09-11T07:34:43.000Z</time>
      </trkpt>
      <trkpt lat="50.4056435" lon="11.6342585">
        <ele>670.8</ele>
        <time>2026-09-11T07:35:04.000Z</time>
      </trkpt>
      <trkpt lat="50.4057579" lon="11.633343">
        <ele>674.2</ele>
        <time>2026-09-11T07:35:26.000Z</time>
      </trkpt>
      <trkpt lat="50.4059349" lon="11.6327556">
        <ele>676.9</ele>
        <time>2026-09-11T07:35:46.000Z</time>
      </trkpt>
      <trkpt lat="50.4061016" lon="11.6321891">
        <ele>679.9</ele>
        <time>2026-09-11T07:36:07.000Z</time>
      </trkpt>
      <trkpt lat="50.4062732" lon="11.6315163">
        <ele>682.9</ele>
        <time>2026-09-11T07:36:28.000Z</time>
      </trkpt>
      <trkpt lat="50.406491" lon="11.6308118">
        <ele>685.8</ele>
        <time>2026-09-11T07:36:48.000Z</time>
      </trkpt>
      <trkpt lat="50.4066566" lon="11.6303191">
        <ele>688.1</ele>
        <time>2026-09-11T07:37:09.000Z</time>
      </trkpt>
      <trkpt lat="50.4067731" lon="11.6295234">
        <ele>686.3</ele>
        <time>2026-09-11T07:37:30.000Z</time>
      </trkpt>
      <trkpt lat="50.406992" lon="11.6282226">
        <ele>683.7</ele>
        <time>2026-09-11T07:37:50.000Z</time>
      </trkpt>
      <trkpt lat="50.4074121" lon="11.6270006">
        <ele>682.3</ele>
        <time>2026-09-11T07:38:11.000Z</time>
      </trkpt>
      <trkpt lat="50.4075804" lon="11.6255369">
        <ele>681.8</ele>
        <time>2026-09-11T07:38:31.000Z</time>
      </trkpt>
      <trkpt lat="50.4073806" lon="11.6242198">
        <ele>677.1</ele>
        <time>2026-09-11T07:38:52.000Z</time>
      </trkpt>
      <trkpt lat="50.4071082" lon="11.6225027">
        <ele>674.8</ele>
        <time>2026-09-11T07:39:12.000Z</time>
      </trkpt>
      <trkpt lat="50.4066419" lon="11.6212498">
        <ele>672.9</ele>
        <time>2026-09-11T07:39:34.000Z</time>
      </trkpt>
      <trkpt lat="50.4060015" lon="11.6204477">
        <ele>668.9</ele>
        <time>2026-09-11T07:39:55.000Z</time>
      </trkpt>
      <trkpt lat="50.4054663" lon="11.6196084">
        <ele>667.8</ele>
        <time>2026-09-11T07:40:15.000Z</time>
      </trkpt>
      <trkpt lat="50.4054776" lon="11.6194024">
        <ele>666.3</ele>
        <time>2026-09-11T07:40:37.000Z</time>
      </trkpt>
      <trkpt lat="50.4054882" lon="11.6194205">
        <ele>664.9</ele>
        <time>2026-09-11T07:40:57.000Z</time>
      </trkpt>
      <trkpt lat="50.4055037" lon="11.6194096">
        <ele>664.9</ele>
        <time>2026-09-11T07:41:18.000Z</time>
      </trkpt>
      <trkpt lat="50.4054997" lon="11.6194244">
        <ele>664.9</ele>
        <time>2026-09-11T07:41:39.000Z</time>
      </trkpt>
      <trkpt lat="50.4054997" lon="11.6194287">
        <ele>664</ele>
        <time>2026-09-11T07:42:01.000Z</time>
      </trkpt>
      <trkpt lat="50.4055005" lon="11.6194339">
        <ele>664.1</ele>
        <time>2026-09-11T07:42:22.000Z</time>
      </trkpt>
      <trkpt lat="50.4054817" lon="11.6194295">
        <ele>667.1</ele>
        <time>2026-09-11T07:42:43.000Z</time>
      </trkpt>
      <trkpt lat="50.4054924" lon="11.6194189">
        <ele>667</ele>
        <time>2026-09-11T07:43:03.000Z</time>
      </trkpt>
      <trkpt lat="50.4054864" lon="11.6194077">
        <ele>669</ele>
        <time>2026-09-11T07:43:25.000Z</time>
      </trkpt>
      <trkpt lat="50.4054929" lon="11.6194009">
        <ele>670.7</ele>
        <time>2026-09-11T07:43:45.000Z</time>
      </trkpt>
      <trkpt lat="50.4054981" lon="11.6193869">
        <ele>670.6</ele>
        <time>2026-09-11T07:44:06.000Z</time>
      </trkpt>
      <trkpt lat="50.4054964" lon="11.6194236">
        <ele>672.2</ele>
        <time>2026-09-11T07:44:26.000Z</time>
      </trkpt>
      <trkpt lat="50.4054911" lon="11.6194026">
        <ele>672.6</ele>
        <time>2026-09-11T07:44:47.000Z</time>
      </trkpt>
      <trkpt lat="50.4054897" lon="11.619391">
        <ele>674.9</ele>
        <time>2026-09-11T07:45:09.000Z</time>
      </trkpt>
      <trkpt lat="50.4054966" lon="11.619376">
        <ele>674.6</ele>
        <time>2026-09-11T07:45:29.000Z</time>
      </trkpt>
      <trkpt lat="50.4054464" lon="11.6193909">
        <ele>671.1</ele>
        <time>2026-09-11T07:45:50.000Z</time>
      </trkpt>
      <trkpt lat="50.4054768" lon="11.6193791">
        <ele>672.1</ele>
        <time>2026-09-11T07:46:12.000Z</time>
      </trkpt>
      <trkpt lat="50.4054849" lon="11.6193497">
        <ele>674.4</ele>
        <time>2026-09-11T07:46:32.000Z</time>
      </trkpt>
      <trkpt lat="50.4054808" lon="11.619407">
        <ele>664.5</ele>
        <time>2026-09-11T07:46:53.000Z</time>
      </trkpt>
      <trkpt lat="50.4054713" lon="11.6193781">
        <ele>667.8</ele>
        <time>2026-09-11T07:47:14.000Z</time>
      </trkpt>
      <trkpt lat="50.4054712" lon="11.6193574">
        <ele>664.1</ele>
        <time>2026-09-11T07:47:35.000Z</time>
      </trkpt>
      <trkpt lat="50.4054851" lon="11.619386">
        <ele>668</ele>
        <time>2026-09-11T07:47:56.000Z</time>
      </trkpt>
      <trkpt lat="50.4054751" lon="11.6194382">
        <ele>665.8</ele>
        <time>2026-09-11T07:48:17.000Z</time>
      </trkpt>
      <trkpt lat="50.4054866" lon="11.6194459">
        <ele>667.5</ele>
        <time>2026-09-11T07:48:37.000Z</time>
      </trkpt>
      <trkpt lat="50.4054927" lon="11.6194296">
        <ele>667.3</ele>
        <time>2026-09-11T07:48:57.000Z</time>
      </trkpt>
      <trkpt lat="50.4054725" lon="11.6194165">
        <ele>671.1</ele>
        <time>2026-09-11T07:49:18.000Z</time>
      </trkpt>
      <trkpt lat="50.4054552" lon="11.6194068">
        <ele>674.2</ele>
        <time>2026-09-11T07:49:39.000Z</time>
      </trkpt>
      <trkpt lat="50.4056033" lon="11.6189475">
        <ele>669.7</ele>
        <time>2026-09-11T07:49:59.000Z</time>
      </trkpt>
      <trkpt lat="50.4058174" lon="11.6182751">
        <ele>670.7</ele>
        <time>2026-09-11T07:50:20.000Z</time>
      </trkpt>
      <trkpt lat="50.4058444" lon="11.617574">
        <ele>673</ele>
        <time>2026-09-11T07:50:41.000Z</time>
      </trkpt>
      <trkpt lat="50.4057545" lon="11.6168813">
        <ele>678.7</ele>
        <time>2026-09-11T07:51:01.000Z</time>
      </trkpt>
      <trkpt lat="50.4056915" lon="11.6161831">
        <ele>682.7</ele>
        <time>2026-09-11T07:51:22.000Z</time>
      </trkpt>
      <trkpt lat="50.4056669" lon="11.6155553">
        <ele>684.2</ele>
        <time>2026-09-11T07:51:43.000Z</time>
      </trkpt>
      <trkpt lat="50.4056835" lon="11.6149563">
        <ele>687.7</ele>
        <time>2026-09-11T07:52:04.000Z</time>
      </trkpt>
      <trkpt lat="50.4057231" lon="11.6142567">
        <ele>690.4</ele>
        <time>2026-09-11T07:52:25.000Z</time>
      </trkpt>
      <trkpt lat="50.4057594" lon="11.6133856">
        <ele>691.7</ele>
        <time>2026-09-11T07:52:46.000Z</time>
      </trkpt>
      <trkpt lat="50.4057693" lon="11.6125865">
        <ele>693.9</ele>
        <time>2026-09-11T07:53:06.000Z</time>
      </trkpt>
      <trkpt lat="50.405771" lon="11.6116972">
        <ele>696.5</ele>
        <time>2026-09-11T07:53:28.000Z</time>
      </trkpt>
      <trkpt lat="50.4057728" lon="11.610845">
        <ele>698.1</ele>
        <time>2026-09-11T07:53:49.000Z</time>
      </trkpt>
      <trkpt lat="50.4058431" lon="11.6098221">
        <ele>699.5</ele>
        <time>2026-09-11T07:54:10.000Z</time>
      </trkpt>
      <trkpt lat="50.4059826" lon="11.6089809">
        <ele>699.9</ele>
        <time>2026-09-11T07:54:30.000Z</time>
      </trkpt>
      <trkpt lat="50.4061049" lon="11.6086033">
        <ele>701.7</ele>
        <time>2026-09-11T07:54:51.000Z</time>
      </trkpt>
      <trkpt lat="50.4063662" lon="11.6083168">
        <ele>703</ele>
        <time>2026-09-11T07:55:12.000Z</time>
      </trkpt>
      <trkpt lat="50.4067013" lon="11.6080581">
        <ele>706.1</ele>
        <time>2026-09-11T07:55:33.000Z</time>
      </trkpt>
      <trkpt lat="50.4071886" lon="11.6074004">
        <ele>706.7</ele>
        <time>2026-09-11T07:55:54.000Z</time>
      </trkpt>
      <trkpt lat="50.4074909" lon="11.6062522">
        <ele>706.9</ele>
        <time>2026-09-11T07:56:15.000Z</time>
      </trkpt>
      <trkpt lat="50.4077479" lon="11.605273">
        <ele>709.8</ele>
        <time>2026-09-11T07:56:36.000Z</time>
      </trkpt>
      <trkpt lat="50.4083911" lon="11.6042078">
        <ele>707.8</ele>
        <time>2026-09-11T07:56:57.000Z</time>
      </trkpt>
      <trkpt lat="50.4092369" lon="11.6034532">
        <ele>707.4</ele>
        <time>2026-09-11T07:57:18.000Z</time>
      </trkpt>
      <trkpt lat="50.4098152" lon="11.6028704">
        <ele>715.1</ele>
        <time>2026-09-11T07:57:38.000Z</time>
      </trkpt>
      <trkpt lat="50.4101348" lon="11.602474">
        <ele>719.8</ele>
        <time>2026-09-11T07:57:59.000Z</time>
      </trkpt>
      <trkpt lat="50.4104013" lon="11.6022382">
        <ele>724.4</ele>
        <time>2026-09-11T07:58:20.000Z</time>
      </trkpt>
      <trkpt lat="50.4106849" lon="11.601959">
        <ele>727</ele>
        <time>2026-09-11T07:58:42.000Z</time>
      </trkpt>
      <trkpt lat="50.4109214" lon="11.6014764">
        <ele>728.3</ele>
        <time>2026-09-11T07:59:02.000Z</time>
      </trkpt>
      <trkpt lat="50.4111653" lon="11.6007792">
        <ele>729.2</ele>
        <time>2026-09-11T07:59:23.000Z</time>
      </trkpt>
      <trkpt lat="50.4119085" lon="11.6000453">
        <ele>729.3</ele>
        <time>2026-09-11T07:59:43.000Z</time>
      </trkpt>
      <trkpt lat="50.4131591" lon="11.5994452">
        <ele>727</ele>
        <time>2026-09-11T08:00:04.000Z</time>
      </trkpt>
      <trkpt lat="50.4141243" lon="11.5988427">
        <ele>725.3</ele>
        <time>2026-09-11T08:00:25.000Z</time>
      </trkpt>
      <trkpt lat="50.4151182" lon="11.5984123">
        <ele>728.8</ele>
        <time>2026-09-11T08:00:46.000Z</time>
      </trkpt>
      <trkpt lat="50.4158923" lon="11.5983168">
        <ele>729.4</ele>
        <time>2026-09-11T08:01:07.000Z</time>
      </trkpt>
      <trkpt lat="50.4164606" lon="11.5981888">
        <ele>731.1</ele>
        <time>2026-09-11T08:01:27.000Z</time>
      </trkpt>
      <trkpt lat="50.4169972" lon="11.5982206">
        <ele>736.1</ele>
        <time>2026-09-11T08:01:48.000Z</time>
      </trkpt>
      <trkpt lat="50.4173873" lon="11.5985554">
        <ele>738.4</ele>
        <time>2026-09-11T08:02:08.000Z</time>
      </trkpt>
      <trkpt lat="50.4177385" lon="11.5988466">
        <ele>744.9</ele>
        <time>2026-09-11T08:02:29.000Z</time>
      </trkpt>
      <trkpt lat="50.4182767" lon="11.5992962">
        <ele>745</ele>
        <time>2026-09-11T08:02:50.000Z</time>
      </trkpt>
      <trkpt lat="50.4189414" lon="11.5997366">
        <ele>740.8</ele>
        <time>2026-09-11T08:03:10.000Z</time>
      </trkpt>
      <trkpt lat="50.4201289" lon="11.6000818">
        <ele>735.7</ele>
        <time>2026-09-11T08:03:31.000Z</time>
      </trkpt>
      <trkpt lat="50.4214919" lon="11.6000795">
        <ele>737.3</ele>
        <time>2026-09-11T08:03:51.000Z</time>
      </trkpt>
      <trkpt lat="50.4223926" lon="11.5997288">
        <ele>738.5</ele>
        <time>2026-09-11T08:04:12.000Z</time>
      </trkpt>
      <trkpt lat="50.4232116" lon="11.5991644">
        <ele>739.9</ele>
        <time>2026-09-11T08:04:32.000Z</time>
      </trkpt>
      <trkpt lat="50.4239465" lon="11.5983368">
        <ele>741.4</ele>
        <time>2026-09-11T08:04:53.000Z</time>
      </trkpt>
      <trkpt lat="50.4248402" lon="11.5973661">
        <ele>736.6</ele>
        <time>2026-09-11T08:05:13.000Z</time>
      </trkpt>
      <trkpt lat="50.4264245" lon="11.5970171">
        <ele>729.4</ele>
        <time>2026-09-11T08:05:34.000Z</time>
      </trkpt>
      <trkpt lat="50.4283096" lon="11.5968759">
        <ele>721.2</ele>
        <time>2026-09-11T08:05:55.000Z</time>
      </trkpt>
      <trkpt lat="50.4298036" lon="11.5979221">
        <ele>718.1</ele>
        <time>2026-09-11T08:06:16.000Z</time>
      </trkpt>
      <trkpt lat="50.4314688" lon="11.5984156">
        <ele>719.2</ele>
        <time>2026-09-11T08:06:38.000Z</time>
      </trkpt>
      <trkpt lat="50.4322101" lon="11.5982158">
        <ele>723.1</ele>
        <time>2026-09-11T08:06:59.000Z</time>
      </trkpt>
      <trkpt lat="50.4327359" lon="11.5981355">
        <ele>725.3</ele>
        <time>2026-09-11T08:07:19.000Z</time>
      </trkpt>
      <trkpt lat="50.4332875" lon="11.5978063">
        <ele>728.2</ele>
        <time>2026-09-11T08:07:40.000Z</time>
      </trkpt>
      <trkpt lat="50.4337948" lon="11.597235">
        <ele>729.6</ele>
        <time>2026-09-11T08:08:01.000Z</time>
      </trkpt>
      <trkpt lat="50.4342464" lon="11.5964708">
        <ele>730.8</ele>
        <time>2026-09-11T08:08:22.000Z</time>
      </trkpt>
      <trkpt lat="50.434712" lon="11.5957193">
        <ele>731.2</ele>
        <time>2026-09-11T08:08:43.000Z</time>
      </trkpt>
      <trkpt lat="50.4352345" lon="11.5951113">
        <ele>731.8</ele>
        <time>2026-09-11T08:09:03.000Z</time>
      </trkpt>
      <trkpt lat="50.43548" lon="11.594607">
        <ele>731.7</ele>
        <time>2026-09-11T08:09:24.000Z</time>
      </trkpt>
      <trkpt lat="50.4354828" lon="11.5946081">
        <ele>731.8</ele>
        <time>2026-09-11T08:09:46.000Z</time>
      </trkpt>
      <trkpt lat="50.4354828" lon="11.594608">
        <ele>731.8</ele>
        <time>2026-09-11T08:10:06.000Z</time>
      </trkpt>
      <trkpt lat="50.4354828" lon="11.5946079">
        <ele>731.8</ele>
        <time>2026-09-11T08:10:28.000Z</time>
      </trkpt>
      <trkpt lat="50.4354828" lon="11.5946078">
        <ele>731.8</ele>
        <time>2026-09-11T08:10:48.000Z</time>
      </trkpt>
      <trkpt lat="50.4354829" lon="11.5946076">
        <ele>731.8</ele>
        <time>2026-09-11T08:11:09.000Z</time>
      </trkpt>
      <trkpt lat="50.4354832" lon="11.5946074">
        <ele>731.8</ele>
        <time>2026-09-11T08:11:29.000Z</time>
      </trkpt>
      <trkpt lat="50.4354832" lon="11.5946072">
        <ele>731.8</ele>
        <time>2026-09-11T08:11:50.000Z</time>
      </trkpt>
      <trkpt lat="50.4354831" lon="11.5946069">
        <ele>731.8</ele>
        <time>2026-09-11T08:12:11.000Z</time>
      </trkpt>
      <trkpt lat="50.435483" lon="11.5946064">
        <ele>731.8</ele>
        <time>2026-09-11T08:12:32.000Z</time>
      </trkpt>
      <trkpt lat="50.4354828" lon="11.5946061">
        <ele>731.8</ele>
        <time>2026-09-11T08:12:52.000Z</time>
      </trkpt>
      <trkpt lat="50.4354827" lon="11.594606">
        <ele>731.7</ele>
        <time>2026-09-11T08:13:14.000Z</time>
      </trkpt>
      <trkpt lat="50.4354827" lon="11.5946058">
        <ele>731.7</ele>
        <time>2026-09-11T08:13:34.000Z</time>
      </trkpt>
      <trkpt lat="50.4354813" lon="11.5945978">
        <ele>731.2</ele>
        <time>2026-09-11T08:13:55.000Z</time>
      </trkpt>
      <trkpt lat="50.4354509" lon="11.5948453">
        <ele>734.2</ele>
        <time>2026-09-11T08:14:15.000Z</time>
      </trkpt>
      <trkpt lat="50.4355666" lon="11.5943443">
        <ele>733.1</ele>
        <time>2026-09-11T08:14:36.000Z</time>
      </trkpt>
      <trkpt lat="50.4351312" lon="11.5934458">
        <ele>733.4</ele>
        <time>2026-09-11T08:14:56.000Z</time>
      </trkpt>
      <trkpt lat="50.434623" lon="11.5921575">
        <ele>729.6</ele>
        <time>2026-09-11T08:15:17.000Z</time>
      </trkpt>
      <trkpt lat="50.4338852" lon="11.5894431">
        <ele>713.5</ele>
        <time>2026-09-11T08:15:37.000Z</time>
      </trkpt>
      <trkpt lat="50.4336933" lon="11.585904">
        <ele>692.8</ele>
        <time>2026-09-11T08:15:58.000Z</time>
      </trkpt>
      <trkpt lat="50.43282" lon="11.5829321">
        <ele>670.8</ele>
        <time>2026-09-11T08:16:19.000Z</time>
      </trkpt>
      <trkpt lat="50.4312925" lon="11.5810269">
        <ele>663.1</ele>
        <time>2026-09-11T08:16:39.000Z</time>
      </trkpt>
      <trkpt lat="50.4309164" lon="11.5796862">
        <ele>667.7</ele>
        <time>2026-09-11T08:17:00.000Z</time>
      </trkpt>
      <trkpt lat="50.4308484" lon="11.5785417">
        <ele>670.1</ele>
        <time>2026-09-11T08:17:20.000Z</time>
      </trkpt>
      <trkpt lat="50.4308813" lon="11.5774494">
        <ele>673.9</ele>
        <time>2026-09-11T08:17:41.000Z</time>
      </trkpt>
      <trkpt lat="50.4309167" lon="11.5765787">
        <ele>678.1</ele>
        <time>2026-09-11T08:18:02.000Z</time>
      </trkpt>
      <trkpt lat="50.4309317" lon="11.575828">
        <ele>681.5</ele>
        <time>2026-09-11T08:18:23.000Z</time>
      </trkpt>
      <trkpt lat="50.4308959" lon="11.5751871">
        <ele>683</ele>
        <time>2026-09-11T08:18:44.000Z</time>
      </trkpt>
      <trkpt lat="50.4308207" lon="11.5746194">
        <ele>687</ele>
        <time>2026-09-11T08:19:04.000Z</time>
      </trkpt>
      <trkpt lat="50.4307094" lon="11.5741448">
        <ele>689.9</ele>
        <time>2026-09-11T08:19:25.000Z</time>
      </trkpt>
      <trkpt lat="50.4305249" lon="11.5736782">
        <ele>693.2</ele>
        <time>2026-09-11T08:19:45.000Z</time>
      </trkpt>
      <trkpt lat="50.4303068" lon="11.5732331">
        <ele>696.1</ele>
        <time>2026-09-11T08:20:06.000Z</time>
      </trkpt>
      <trkpt lat="50.4300875" lon="11.5727636">
        <ele>699.9</ele>
        <time>2026-09-11T08:20:27.000Z</time>
      </trkpt>
      <trkpt lat="50.4298032" lon="11.5721905">
        <ele>702.3</ele>
        <time>2026-09-11T08:20:48.000Z</time>
      </trkpt>
      <trkpt lat="50.4295251" lon="11.5716145">
        <ele>705.6</ele>
        <time>2026-09-11T08:21:10.000Z</time>
      </trkpt>
      <trkpt lat="50.4292462" lon="11.5710122">
        <ele>707.4</ele>
        <time>2026-09-11T08:21:31.000Z</time>
      </trkpt>
      <trkpt lat="50.4290201" lon="11.5703901">
        <ele>710.1</ele>
        <time>2026-09-11T08:21:51.000Z</time>
      </trkpt>
      <trkpt lat="50.4288273" lon="11.5696426">
        <ele>711.2</ele>
        <time>2026-09-11T08:22:12.000Z</time>
      </trkpt>
      <trkpt lat="50.4285554" lon="11.5686935">
        <ele>710.4</ele>
        <time>2026-09-11T08:22:33.000Z</time>
      </trkpt>
      <trkpt lat="50.4280398" lon="11.5677511">
        <ele>712</ele>
        <time>2026-09-11T08:22:54.000Z</time>
      </trkpt>
      <trkpt lat="50.4271732" lon="11.5669277">
        <ele>708.8</ele>
        <time>2026-09-11T08:23:15.000Z</time>
      </trkpt>
      <trkpt lat="50.4265328" lon="11.5652617">
        <ele>702.1</ele>
        <time>2026-09-11T08:23:36.000Z</time>
      </trkpt>
      <trkpt lat="50.4263121" lon="11.5623948">
        <ele>692.5</ele>
        <time>2026-09-11T08:23:57.000Z</time>
      </trkpt>
      <trkpt lat="50.4265245" lon="11.560545">
        <ele>693.6</ele>
        <time>2026-09-11T08:24:18.000Z</time>
      </trkpt>
      <trkpt lat="50.4267157" lon="11.5596934">
        <ele>696.2</ele>
        <time>2026-09-11T08:24:39.000Z</time>
      </trkpt>
      <trkpt lat="50.4267513" lon="11.5591992">
        <ele>698.4</ele>
        <time>2026-09-11T08:25:00.000Z</time>
      </trkpt>
      <trkpt lat="50.4266573" lon="11.5586755">
        <ele>700.3</ele>
        <time>2026-09-11T08:25:20.000Z</time>
      </trkpt>
      <trkpt lat="50.4265125" lon="11.5581928">
        <ele>710</ele>
        <time>2026-09-11T08:25:41.000Z</time>
      </trkpt>
      <trkpt lat="50.4263025" lon="11.5578056">
        <ele>714.5</ele>
        <time>2026-09-11T08:26:02.000Z</time>
      </trkpt>
      <trkpt lat="50.4261326" lon="11.5573562">
        <ele>716.4</ele>
        <time>2026-09-11T08:26:22.000Z</time>
      </trkpt>
      <trkpt lat="50.4260229" lon="11.556838">
        <ele>720</ele>
        <time>2026-09-11T08:26:43.000Z</time>
      </trkpt>
      <trkpt lat="50.4259342" lon="11.5562079">
        <ele>722.8</ele>
        <time>2026-09-11T08:27:05.000Z</time>
      </trkpt>
      <trkpt lat="50.4257972" lon="11.5555217">
        <ele>725</ele>
        <time>2026-09-11T08:27:25.000Z</time>
      </trkpt>
      <trkpt lat="50.4255591" lon="11.5547914">
        <ele>726.7</ele>
        <time>2026-09-11T08:27:46.000Z</time>
      </trkpt>
      <trkpt lat="50.425313" lon="11.5540539">
        <ele>728.2</ele>
        <time>2026-09-11T08:28:06.000Z</time>
      </trkpt>
      <trkpt lat="50.4250303" lon="11.5533329">
        <ele>729</ele>
        <time>2026-09-11T08:28:27.000Z</time>
      </trkpt>
      <trkpt lat="50.4246592" lon="11.5527464">
        <ele>731.9</ele>
        <time>2026-09-11T08:28:48.000Z</time>
      </trkpt>
      <trkpt lat="50.4242267" lon="11.5520739">
        <ele>736.5</ele>
        <time>2026-09-11T08:29:09.000Z</time>
      </trkpt>
      <trkpt lat="50.4237844" lon="11.551431">
        <ele>738.3</ele>
        <time>2026-09-11T08:29:30.000Z</time>
      </trkpt>
      <trkpt lat="50.4233397" lon="11.5506793">
        <ele>737.6</ele>
        <time>2026-09-11T08:29:50.000Z</time>
      </trkpt>
      <trkpt lat="50.4229518" lon="11.5497265">
        <ele>737.7</ele>
        <time>2026-09-11T08:30:11.000Z</time>
      </trkpt>
      <trkpt lat="50.4225924" lon="11.5482935">
        <ele>736.9</ele>
        <time>2026-09-11T08:30:31.000Z</time>
      </trkpt>
      <trkpt lat="50.4223031" lon="11.5463912">
        <ele>734</ele>
        <time>2026-09-11T08:30:52.000Z</time>
      </trkpt>
      <trkpt lat="50.422031" lon="11.5442182">
        <ele>733.7</ele>
        <time>2026-09-11T08:31:15.000Z</time>
      </trkpt>
      <trkpt lat="50.4218648" lon="11.5424538">
        <ele>731.8</ele>
        <time>2026-09-11T08:31:35.000Z</time>
      </trkpt>
      <trkpt lat="50.4216249" lon="11.5407253">
        <ele>732</ele>
        <time>2026-09-11T08:31:57.000Z</time>
      </trkpt>
      <trkpt lat="50.4211286" lon="11.5394588">
        <ele>736.3</ele>
        <time>2026-09-11T08:32:17.000Z</time>
      </trkpt>
      <trkpt lat="50.4208054" lon="11.5383769">
        <ele>738</ele>
        <time>2026-09-11T08:32:38.000Z</time>
      </trkpt>
      <trkpt lat="50.4207946" lon="11.5374153">
        <ele>737.2</ele>
        <time>2026-09-11T08:32:59.000Z</time>
      </trkpt>
      <trkpt lat="50.4207729" lon="11.5359608">
        <ele>737.7</ele>
        <time>2026-09-11T08:33:20.000Z</time>
      </trkpt>
      <trkpt lat="50.4207981" lon="11.5343801">
        <ele>733.9</ele>
        <time>2026-09-11T08:33:41.000Z</time>
      </trkpt>
      <trkpt lat="50.4207567" lon="11.5331163">
        <ele>734.6</ele>
        <time>2026-09-11T08:34:01.000Z</time>
      </trkpt>
      <trkpt lat="50.420655" lon="11.5320373">
        <ele>735.8</ele>
        <time>2026-09-11T08:34:22.000Z</time>
      </trkpt>
      <trkpt lat="50.4202822" lon="11.5313871">
        <ele>739</ele>
        <time>2026-09-11T08:34:43.000Z</time>
      </trkpt>
      <trkpt lat="50.4202937" lon="11.5313572">
        <ele>740.2</ele>
        <time>2026-09-11T08:35:04.000Z</time>
      </trkpt>
      <trkpt lat="50.4202842" lon="11.5313415">
        <ele>741.2</ele>
        <time>2026-09-11T08:35:24.000Z</time>
      </trkpt>
      <trkpt lat="50.4202814" lon="11.5313128">
        <ele>746.9</ele>
        <time>2026-09-11T08:35:46.000Z</time>
      </trkpt>
      <trkpt lat="50.4202798" lon="11.5313053">
        <ele>747.5</ele>
        <time>2026-09-11T08:36:06.000Z</time>
      </trkpt>
      <trkpt lat="50.4202794" lon="11.5313078">
        <ele>747.2</ele>
        <time>2026-09-11T08:36:27.000Z</time>
      </trkpt>
      <trkpt lat="50.4203028" lon="11.5313473">
        <ele>746.1</ele>
        <time>2026-09-11T08:36:48.000Z</time>
      </trkpt>
      <trkpt lat="50.4203503" lon="11.5313585">
        <ele>743.1</ele>
        <time>2026-09-11T08:37:09.000Z</time>
      </trkpt>
      <trkpt lat="50.4203432" lon="11.531345">
        <ele>743</ele>
        <time>2026-09-11T08:37:29.000Z</time>
      </trkpt>
      <trkpt lat="50.4203191" lon="11.531325">
        <ele>741.9</ele>
        <time>2026-09-11T08:37:50.000Z</time>
      </trkpt>
      <trkpt lat="50.420297" lon="11.5314328">
        <ele>738.6</ele>
        <time>2026-09-11T08:38:11.000Z</time>
      </trkpt>
      <trkpt lat="50.4203003" lon="11.5314297">
        <ele>736.2</ele>
        <time>2026-09-11T08:38:32.000Z</time>
      </trkpt>
      <trkpt lat="50.420298" lon="11.5313917">
        <ele>735.8</ele>
        <time>2026-09-11T08:38:52.000Z</time>
      </trkpt>
      <trkpt lat="50.4202977" lon="11.5313917">
        <ele>735.8</ele>
        <time>2026-09-11T08:39:13.000Z</time>
      </trkpt>
      <trkpt lat="50.4202909" lon="11.5313916">
        <ele>737.2</ele>
        <time>2026-09-11T08:39:34.000Z</time>
      </trkpt>
      <trkpt lat="50.4202837" lon="11.5313804">
        <ele>737.1</ele>
        <time>2026-09-11T08:39:54.000Z</time>
      </trkpt>
      <trkpt lat="50.4202835" lon="11.5313806">
        <ele>737</ele>
        <time>2026-09-11T08:40:15.000Z</time>
      </trkpt>
      <trkpt lat="50.4202866" lon="11.5313834">
        <ele>736.3</ele>
        <time>2026-09-11T08:40:36.000Z</time>
      </trkpt>
      <trkpt lat="50.4202886" lon="11.5313769">
        <ele>736</ele>
        <time>2026-09-11T08:40:57.000Z</time>
      </trkpt>
      <trkpt lat="50.4203073" lon="11.5313227">
        <ele>735.2</ele>
        <time>2026-09-11T08:41:17.000Z</time>
      </trkpt>
      <trkpt lat="50.4203413" lon="11.5313494">
        <ele>729.2</ele>
        <time>2026-09-11T08:41:38.000Z</time>
      </trkpt>
      <trkpt lat="50.4203355" lon="11.5313592">
        <ele>731.9</ele>
        <time>2026-09-11T08:41:59.000Z</time>
      </trkpt>
      <trkpt lat="50.420315" lon="11.5313679">
        <ele>733.2</ele>
        <time>2026-09-11T08:42:19.000Z</time>
      </trkpt>
      <trkpt lat="50.4202563" lon="11.5313526">
        <ele>735.5</ele>
        <time>2026-09-11T08:42:40.000Z</time>
      </trkpt>
      <trkpt lat="50.4202369" lon="11.5313518">
        <ele>735.1</ele>
        <time>2026-09-11T08:43:01.000Z</time>
      </trkpt>
      <trkpt lat="50.419861" lon="11.5311231">
        <ele>736</ele>
        <time>2026-09-11T08:43:23.000Z</time>
      </trkpt>
      <trkpt lat="50.4192987" lon="11.5305478">
        <ele>739.3</ele>
        <time>2026-09-11T08:43:44.000Z</time>
      </trkpt>
      <trkpt lat="50.4189222" lon="11.5300896">
        <ele>747.5</ele>
        <time>2026-09-11T08:44:05.000Z</time>
      </trkpt>
      <trkpt lat="50.4188337" lon="11.5296034">
        <ele>750.5</ele>
        <time>2026-09-11T08:44:26.000Z</time>
      </trkpt>
      <trkpt lat="50.4190726" lon="11.5288528">
        <ele>753.8</ele>
        <time>2026-09-11T08:44:46.000Z</time>
      </trkpt>
      <trkpt lat="50.4193265" lon="11.5280744">
        <ele>755.8</ele>
        <time>2026-09-11T08:45:07.000Z</time>
      </trkpt>
      <trkpt lat="50.419598" lon="11.5271968">
        <ele>756.7</ele>
        <time>2026-09-11T08:45:28.000Z</time>
      </trkpt>
      <trkpt lat="50.4199294" lon="11.5261367">
        <ele>757.7</ele>
        <time>2026-09-11T08:45:48.000Z</time>
      </trkpt>
      <trkpt lat="50.4203865" lon="11.5247535">
        <ele>755.1</ele>
        <time>2026-09-11T08:46:09.000Z</time>
      </trkpt>
      <trkpt lat="50.4209987" lon="11.522817">
        <ele>755</ele>
        <time>2026-09-11T08:46:29.000Z</time>
      </trkpt>
      <trkpt lat="50.4214312" lon="11.5214362">
        <ele>758.1</ele>
        <time>2026-09-11T08:46:50.000Z</time>
      </trkpt>
      <trkpt lat="50.4217435" lon="11.5203954">
        <ele>759.2</ele>
        <time>2026-09-11T08:47:11.000Z</time>
      </trkpt>
      <trkpt lat="50.4220756" lon="11.519305">
        <ele>762.2</ele>
        <time>2026-09-11T08:47:31.000Z</time>
      </trkpt>
      <trkpt lat="50.4224162" lon="11.5182181">
        <ele>764.2</ele>
        <time>2026-09-11T08:47:52.000Z</time>
      </trkpt>
      <trkpt lat="50.4226926" lon="11.5173542">
        <ele>765.2</ele>
        <time>2026-09-11T08:48:13.000Z</time>
      </trkpt>
      <trkpt lat="50.422935" lon="11.516665">
        <ele>767.9</ele>
        <time>2026-09-11T08:48:33.000Z</time>
      </trkpt>
      <trkpt lat="50.4231121" lon="11.5160159">
        <ele>771.7</ele>
        <time>2026-09-11T08:48:53.000Z</time>
      </trkpt>
      <trkpt lat="50.4233354" lon="11.5153558">
        <ele>772.9</ele>
        <time>2026-09-11T08:49:15.000Z</time>
      </trkpt>
      <trkpt lat="50.4237423" lon="11.5139917">
        <ele>768.4</ele>
        <time>2026-09-11T08:49:35.000Z</time>
      </trkpt>
      <trkpt lat="50.4241962" lon="11.512568">
        <ele>767.2</ele>
        <time>2026-09-11T08:49:57.000Z</time>
      </trkpt>
      <trkpt lat="50.4247078" lon="11.5109678">
        <ele>764.2</ele>
        <time>2026-09-11T08:50:17.000Z</time>
      </trkpt>
      <trkpt lat="50.4252443" lon="11.5092449">
        <ele>763.3</ele>
        <time>2026-09-11T08:50:38.000Z</time>
      </trkpt>
      <trkpt lat="50.4257262" lon="11.507755">
        <ele>764.2</ele>
        <time>2026-09-11T08:50:58.000Z</time>
      </trkpt>
      <trkpt lat="50.4260355" lon="11.506783">
        <ele>766</ele>
        <time>2026-09-11T08:51:20.000Z</time>
      </trkpt>
      <trkpt lat="50.4263009" lon="11.5059258">
        <ele>766.9</ele>
        <time>2026-09-11T08:51:40.000Z</time>
      </trkpt>
      <trkpt lat="50.4265565" lon="11.5051198">
        <ele>769.8</ele>
        <time>2026-09-11T08:52:02.000Z</time>
      </trkpt>
      <trkpt lat="50.426822" lon="11.5042845">
        <ele>771.3</ele>
        <time>2026-09-11T08:52:22.000Z</time>
      </trkpt>
      <trkpt lat="50.4270756" lon="11.5035238">
        <ele>772</ele>
        <time>2026-09-11T08:52:43.000Z</time>
      </trkpt>
      <trkpt lat="50.4273438" lon="11.5026832">
        <ele>771.3</ele>
        <time>2026-09-11T08:53:03.000Z</time>
      </trkpt>
      <trkpt lat="50.4282438" lon="11.5012828">
        <ele>756.6</ele>
        <time>2026-09-11T08:53:24.000Z</time>
      </trkpt>
      <trkpt lat="50.4291864" lon="11.4999978">
        <ele>748.3</ele>
        <time>2026-09-11T08:53:45.000Z</time>
      </trkpt>
      <trkpt lat="50.4302665" lon="11.4987259">
        <ele>744.2</ele>
        <time>2026-09-11T08:54:05.000Z</time>
      </trkpt>
      <trkpt lat="50.4304788" lon="11.4986975">
        <ele>745.5</ele>
        <time>2026-09-11T08:54:26.000Z</time>
      </trkpt>
      <trkpt lat="50.4304694" lon="11.498694">
        <ele>743.8</ele>
        <time>2026-09-11T08:54:47.000Z</time>
      </trkpt>
      <trkpt lat="50.430468" lon="11.4986895">
        <ele>743.6</ele>
        <time>2026-09-11T08:55:08.000Z</time>
      </trkpt>
      <trkpt lat="50.4304679" lon="11.4986897">
        <ele>743.6</ele>
        <time>2026-09-11T08:55:29.000Z</time>
      </trkpt>
      <trkpt lat="50.4304676" lon="11.4986897">
        <ele>743.6</ele>
        <time>2026-09-11T08:55:50.000Z</time>
      </trkpt>
      <trkpt lat="50.4304439" lon="11.4986957">
        <ele>743.9</ele>
        <time>2026-09-11T08:56:12.000Z</time>
      </trkpt>
      <trkpt lat="50.4304345" lon="11.4986901">
        <ele>742.7</ele>
        <time>2026-09-11T08:56:32.000Z</time>
      </trkpt>
      <trkpt lat="50.4304354" lon="11.4986911">
        <ele>744.9</ele>
        <time>2026-09-11T08:56:53.000Z</time>
      </trkpt>
      <trkpt lat="50.4304403" lon="11.498693">
        <ele>745.7</ele>
        <time>2026-09-11T08:57:15.000Z</time>
      </trkpt>
      <trkpt lat="50.4304301" lon="11.4986835">
        <ele>743.7</ele>
        <time>2026-09-11T08:57:36.000Z</time>
      </trkpt>
      <trkpt lat="50.4304445" lon="11.4987055">
        <ele>744.9</ele>
        <time>2026-09-11T08:57:56.000Z</time>
      </trkpt>
      <trkpt lat="50.4304577" lon="11.4987088">
        <ele>745.7</ele>
        <time>2026-09-11T08:58:18.000Z</time>
      </trkpt>
      <trkpt lat="50.4304497" lon="11.4986971">
        <ele>743.1</ele>
        <time>2026-09-11T08:58:39.000Z</time>
      </trkpt>
      <trkpt lat="50.4304298" lon="11.498689">
        <ele>739.4</ele>
        <time>2026-09-11T08:59:00.000Z</time>
      </trkpt>
      <trkpt lat="50.4304322" lon="11.4986881">
        <ele>739.6</ele>
        <time>2026-09-11T08:59:20.000Z</time>
      </trkpt>
      <trkpt lat="50.4304439" lon="11.4986809">
        <ele>739.7</ele>
        <time>2026-09-11T08:59:41.000Z</time>
      </trkpt>
      <trkpt lat="50.4304583" lon="11.4986958">
        <ele>740.9</ele>
        <time>2026-09-11T09:00:03.000Z</time>
      </trkpt>
      <trkpt lat="50.4304583" lon="11.4986959">
        <ele>740.9</ele>
        <time>2026-09-11T09:00:23.000Z</time>
      </trkpt>
      <trkpt lat="50.4304418" lon="11.4986849">
        <ele>739.7</ele>
        <time>2026-09-11T09:00:45.000Z</time>
      </trkpt>
      <trkpt lat="50.4304569" lon="11.4986986">
        <ele>745.2</ele>
        <time>2026-09-11T09:01:05.000Z</time>
      </trkpt>
      <trkpt lat="50.4304514" lon="11.4986792">
        <ele>746.3</ele>
        <time>2026-09-11T09:01:26.000Z</time>
      </trkpt>
      <trkpt lat="50.4304505" lon="11.4986594">
        <ele>747.1</ele>
        <time>2026-09-11T09:01:47.000Z</time>
      </trkpt>
      <trkpt lat="50.4304438" lon="11.4986588">
        <ele>746.8</ele>
        <time>2026-09-11T09:02:08.000Z</time>
      </trkpt>
      <trkpt lat="50.4304483" lon="11.4986547">
        <ele>747.7</ele>
        <time>2026-09-11T09:02:28.000Z</time>
      </trkpt>
      <trkpt lat="50.4304487" lon="11.4986663">
        <ele>746.9</ele>
        <time>2026-09-11T09:02:49.000Z</time>
      </trkpt>
      <trkpt lat="50.4304475" lon="11.498686">
        <ele>745.3</ele>
        <time>2026-09-11T09:03:10.000Z</time>
      </trkpt>
      <trkpt lat="50.4304463" lon="11.4987046">
        <ele>744.1</ele>
        <time>2026-09-11T09:03:30.000Z</time>
      </trkpt>
      <trkpt lat="50.4304421" lon="11.4987104">
        <ele>744.1</ele>
        <time>2026-09-11T09:03:51.000Z</time>
      </trkpt>
      <trkpt lat="50.4304475" lon="11.4986947">
        <ele>744.4</ele>
        <time>2026-09-11T09:04:12.000Z</time>
      </trkpt>
      <trkpt lat="50.4305242" lon="11.4986466">
        <ele>744.5</ele>
        <time>2026-09-11T09:04:32.000Z</time>
      </trkpt>
      <trkpt lat="50.4309502" lon="11.4984948">
        <ele>746.2</ele>
        <time>2026-09-11T09:04:54.000Z</time>
      </trkpt>
      <trkpt lat="50.4314193" lon="11.4982611">
        <ele>747.9</ele>
        <time>2026-09-11T09:05:15.000Z</time>
      </trkpt>
      <trkpt lat="50.4319896" lon="11.4978021">
        <ele>748.4</ele>
        <time>2026-09-11T09:05:36.000Z</time>
      </trkpt>
      <trkpt lat="50.4328595" lon="11.4968851">
        <ele>746.4</ele>
        <time>2026-09-11T09:05:56.000Z</time>
      </trkpt>
      <trkpt lat="50.4338697" lon="11.4952922">
        <ele>740.3</ele>
        <time>2026-09-11T09:06:17.000Z</time>
      </trkpt>
      <trkpt lat="50.434725" lon="11.4928775">
        <ele>731.7</ele>
        <time>2026-09-11T09:06:37.000Z</time>
      </trkpt>
      <trkpt lat="50.4353861" lon="11.4899769">
        <ele>716.9</ele>
        <time>2026-09-11T09:06:59.000Z</time>
      </trkpt>
      <trkpt lat="50.436556" lon="11.4874057">
        <ele>699.9</ele>
        <time>2026-09-11T09:07:19.000Z</time>
      </trkpt>
      <trkpt lat="50.4377422" lon="11.4863942">
        <ele>690</ele>
        <time>2026-09-11T09:07:40.000Z</time>
      </trkpt>
      <trkpt lat="50.4388499" lon="11.4860299">
        <ele>674.7</ele>
        <time>2026-09-11T09:08:00.000Z</time>
      </trkpt>
      <trkpt lat="50.4385853" lon="11.4834291">
        <ele>666.5</ele>
        <time>2026-09-11T09:08:21.000Z</time>
      </trkpt>
      <trkpt lat="50.4385278" lon="11.4826869">
        <ele>670.5</ele>
        <time>2026-09-11T09:08:42.000Z</time>
      </trkpt>
      <trkpt lat="50.4384932" lon="11.4820999">
        <ele>675.5</ele>
        <time>2026-09-11T09:09:03.000Z</time>
      </trkpt>
      <trkpt lat="50.4384519" lon="11.4815728">
        <ele>678</ele>
        <time>2026-09-11T09:09:23.000Z</time>
      </trkpt>
      <trkpt lat="50.4384094" lon="11.4811095">
        <ele>681.2</ele>
        <time>2026-09-11T09:09:45.000Z</time>
      </trkpt>
      <trkpt lat="50.4383661" lon="11.4806105">
        <ele>684.4</ele>
        <time>2026-09-11T09:10:05.000Z</time>
      </trkpt>
      <trkpt lat="50.4383264" lon="11.480151">
        <ele>687.3</ele>
        <time>2026-09-11T09:10:26.000Z</time>
      </trkpt>
      <trkpt lat="50.4382889" lon="11.4796975">
        <ele>689.8</ele>
        <time>2026-09-11T09:10:47.000Z</time>
      </trkpt>
      <trkpt lat="50.4382409" lon="11.4791889">
        <ele>692.4</ele>
        <time>2026-09-11T09:11:07.000Z</time>
      </trkpt>
      <trkpt lat="50.4382021" lon="11.478704">
        <ele>695</ele>
        <time>2026-09-11T09:11:28.000Z</time>
      </trkpt>
      <trkpt lat="50.4381721" lon="11.4781958">
        <ele>698.8</ele>
        <time>2026-09-11T09:11:49.000Z</time>
      </trkpt>
      <trkpt lat="50.4381321" lon="11.4777326">
        <ele>701.2</ele>
        <time>2026-09-11T09:12:10.000Z</time>
      </trkpt>
      <trkpt lat="50.4380832" lon="11.4772251">
        <ele>704.1</ele>
        <time>2026-09-11T09:12:30.000Z</time>
      </trkpt>
      <trkpt lat="50.4380507" lon="11.4767592">
        <ele>707.1</ele>
        <time>2026-09-11T09:12:51.000Z</time>
      </trkpt>
      <trkpt lat="50.4380021" lon="11.476296">
        <ele>709.7</ele>
        <time>2026-09-11T09:13:11.000Z</time>
      </trkpt>
      <trkpt lat="50.4379821" lon="11.4758252">
        <ele>713.9</ele>
        <time>2026-09-11T09:13:32.000Z</time>
      </trkpt>
      <trkpt lat="50.4379405" lon="11.4753903">
        <ele>716.2</ele>
        <time>2026-09-11T09:13:53.000Z</time>
      </trkpt>
      <trkpt lat="50.4379127" lon="11.4749655">
        <ele>719.2</ele>
        <time>2026-09-11T09:14:14.000Z</time>
      </trkpt>
      <trkpt lat="50.4378853" lon="11.4745427">
        <ele>723.1</ele>
        <time>2026-09-11T09:14:35.000Z</time>
      </trkpt>
      <trkpt lat="50.4378516" lon="11.4740846">
        <ele>726.7</ele>
        <time>2026-09-11T09:14:56.000Z</time>
      </trkpt>
      <trkpt lat="50.4378" lon="11.4737143">
        <ele>731.1</ele>
        <time>2026-09-11T09:15:17.000Z</time>
      </trkpt>
      <trkpt lat="50.4377819" lon="11.4733106">
        <ele>734.2</ele>
        <time>2026-09-11T09:15:37.000Z</time>
      </trkpt>
      <trkpt lat="50.4377243" lon="11.4729919">
        <ele>737.4</ele>
        <time>2026-09-11T09:15:58.000Z</time>
      </trkpt>
      <trkpt lat="50.4376956" lon="11.4725978">
        <ele>739</ele>
        <time>2026-09-11T09:16:19.000Z</time>
      </trkpt>
      <trkpt lat="50.4376708" lon="11.472213">
        <ele>743.1</ele>
        <time>2026-09-11T09:16:40.000Z</time>
      </trkpt>
      <trkpt lat="50.4375799" lon="11.4718312">
        <ele>745.5</ele>
        <time>2026-09-11T09:17:00.000Z</time>
      </trkpt>
      <trkpt lat="50.4375793" lon="11.471684">
        <ele>745.1</ele>
        <time>2026-09-11T09:17:22.000Z</time>
      </trkpt>
      <trkpt lat="50.4375829" lon="11.471704">
        <ele>745.8</ele>
        <time>2026-09-11T09:17:43.000Z</time>
      </trkpt>
      <trkpt lat="50.4375933" lon="11.4717009">
        <ele>745.3</ele>
        <time>2026-09-11T09:18:04.000Z</time>
      </trkpt>
      <trkpt lat="50.4375932" lon="11.4717006">
        <ele>745.3</ele>
        <time>2026-09-11T09:18:24.000Z</time>
      </trkpt>
      <trkpt lat="50.4375933" lon="11.4717001">
        <ele>745.3</ele>
        <time>2026-09-11T09:18:45.000Z</time>
      </trkpt>
      <trkpt lat="50.4375979" lon="11.4717057">
        <ele>746.8</ele>
        <time>2026-09-11T09:19:07.000Z</time>
      </trkpt>
      <trkpt lat="50.4375931" lon="11.4717114">
        <ele>748.5</ele>
        <time>2026-09-11T09:19:27.000Z</time>
      </trkpt>
      <trkpt lat="50.4375931" lon="11.4717108">
        <ele>748.5</ele>
        <time>2026-09-11T09:19:48.000Z</time>
      </trkpt>
      <trkpt lat="50.4375931" lon="11.4717102">
        <ele>748.6</ele>
        <time>2026-09-11T09:20:09.000Z</time>
      </trkpt>
      <trkpt lat="50.4375878" lon="11.4716824">
        <ele>748.4</ele>
        <time>2026-09-11T09:20:30.000Z</time>
      </trkpt>
      <trkpt lat="50.4375877" lon="11.471682">
        <ele>748.4</ele>
        <time>2026-09-11T09:20:50.000Z</time>
      </trkpt>
      <trkpt lat="50.4376098" lon="11.4717016">
        <ele>748.9</ele>
        <time>2026-09-11T09:21:11.000Z</time>
      </trkpt>
      <trkpt lat="50.4376108" lon="11.4716988">
        <ele>748.6</ele>
        <time>2026-09-11T09:21:31.000Z</time>
      </trkpt>
      <trkpt lat="50.4376005" lon="11.4717261">
        <ele>747.4</ele>
        <time>2026-09-11T09:21:52.000Z</time>
      </trkpt>
      <trkpt lat="50.4375928" lon="11.4717215">
        <ele>750</ele>
        <time>2026-09-11T09:22:14.000Z</time>
      </trkpt>
      <trkpt lat="50.4375904" lon="11.4717166">
        <ele>749.6</ele>
        <time>2026-09-11T09:22:34.000Z</time>
      </trkpt>
      <trkpt lat="50.4375934" lon="11.4716726">
        <ele>748.1</ele>
        <time>2026-09-11T09:22:56.000Z</time>
      </trkpt>
      <trkpt lat="50.4375931" lon="11.4716778">
        <ele>748.1</ele>
        <time>2026-09-11T09:23:16.000Z</time>
      </trkpt>
      <trkpt lat="50.4375968" lon="11.4717044">
        <ele>746</ele>
        <time>2026-09-11T09:23:38.000Z</time>
      </trkpt>
      <trkpt lat="50.4375955" lon="11.4717105">
        <ele>748.5</ele>
        <time>2026-09-11T09:23:59.000Z</time>
      </trkpt>
      <trkpt lat="50.4376094" lon="11.4716954">
        <ele>745.8</ele>
        <time>2026-09-11T09:24:19.000Z</time>
      </trkpt>
      <trkpt lat="50.4375924" lon="11.4716765">
        <ele>746.3</ele>
        <time>2026-09-11T09:24:41.000Z</time>
      </trkpt>
      <trkpt lat="50.4376123" lon="11.471706">
        <ele>744.3</ele>
        <time>2026-09-11T09:25:02.000Z</time>
      </trkpt>
      <trkpt lat="50.4376047" lon="11.4717282">
        <ele>743.9</ele>
        <time>2026-09-11T09:25:22.000Z</time>
      </trkpt>
      <trkpt lat="50.4375982" lon="11.4717342">
        <ele>743.7</ele>
        <time>2026-09-11T09:25:43.000Z</time>
      </trkpt>
      <trkpt lat="50.4375962" lon="11.4717082">
        <ele>744.5</ele>
        <time>2026-09-11T09:26:04.000Z</time>
      </trkpt>
      <trkpt lat="50.4375963" lon="11.4717081">
        <ele>744.5</ele>
        <time>2026-09-11T09:26:25.000Z</time>
      </trkpt>
      <trkpt lat="50.4375547" lon="11.4716675">
        <ele>745.9</ele>
        <time>2026-09-11T09:26:46.000Z</time>
      </trkpt>
      <trkpt lat="50.4372561" lon="11.4712278">
        <ele>747.1</ele>
        <time>2026-09-11T09:27:08.000Z</time>
      </trkpt>
      <trkpt lat="50.4369915" lon="11.4705841">
        <ele>750.6</ele>
        <time>2026-09-11T09:27:28.000Z</time>
      </trkpt>
      <trkpt lat="50.4370451" lon="11.4697988">
        <ele>749.3</ele>
        <time>2026-09-11T09:27:49.000Z</time>
      </trkpt>
      <trkpt lat="50.4375421" lon="11.4694758">
        <ele>748.1</ele>
        <time>2026-09-11T09:28:11.000Z</time>
      </trkpt>
      <trkpt lat="50.4380821" lon="11.4685468">
        <ele>749.2</ele>
        <time>2026-09-11T09:28:31.000Z</time>
      </trkpt>
      <trkpt lat="50.4385127" lon="11.467728">
        <ele>749.1</ele>
        <time>2026-09-11T09:28:52.000Z</time>
      </trkpt>
      <trkpt lat="50.438804" lon="11.4671889">
        <ele>752</ele>
        <time>2026-09-11T09:29:13.000Z</time>
      </trkpt>
      <trkpt lat="50.4392009" lon="11.4668956">
        <ele>756.7</ele>
        <time>2026-09-11T09:29:33.000Z</time>
      </trkpt>
      <trkpt lat="50.439632" lon="11.466639">
        <ele>756.6</ele>
        <time>2026-09-11T09:29:54.000Z</time>
      </trkpt>
      <trkpt lat="50.4403273" lon="11.4662104">
        <ele>757.8</ele>
        <time>2026-09-11T09:30:15.000Z</time>
      </trkpt>
      <trkpt lat="50.4412791" lon="11.4656503">
        <ele>759.1</ele>
        <time>2026-09-11T09:30:36.000Z</time>
      </trkpt>
      <trkpt lat="50.442226" lon="11.4650839">
        <ele>759.5</ele>
        <time>2026-09-11T09:30:56.000Z</time>
      </trkpt>
      <trkpt lat="50.4428363" lon="11.4646273">
        <ele>759.2</ele>
        <time>2026-09-11T09:31:17.000Z</time>
      </trkpt>
      <trkpt lat="50.4428692" lon="11.4646225">
        <ele>760.2</ele>
        <time>2026-09-11T09:31:37.000Z</time>
      </trkpt>
      <trkpt lat="50.4428692" lon="11.4646219">
        <ele>760.2</ele>
        <time>2026-09-11T09:31:58.000Z</time>
      </trkpt>
      <trkpt lat="50.4428816" lon="11.4646112">
        <ele>760.2</ele>
        <time>2026-09-11T09:32:19.000Z</time>
      </trkpt>
      <trkpt lat="50.4428899" lon="11.4645906">
        <ele>761.5</ele>
        <time>2026-09-11T09:32:39.000Z</time>
      </trkpt>
      <trkpt lat="50.4428776" lon="11.464594">
        <ele>760.2</ele>
        <time>2026-09-11T09:33:01.000Z</time>
      </trkpt>
      <trkpt lat="50.4428816" lon="11.4645925">
        <ele>760.2</ele>
        <time>2026-09-11T09:33:21.000Z</time>
      </trkpt>
      <trkpt lat="50.4428808" lon="11.4645493">
        <ele>761</ele>
        <time>2026-09-11T09:33:43.000Z</time>
      </trkpt>
      <trkpt lat="50.4429131" lon="11.4646358">
        <ele>759.2</ele>
        <time>2026-09-11T09:34:03.000Z</time>
      </trkpt>
      <trkpt lat="50.4433468" lon="11.4644217">
        <ele>755.8</ele>
        <time>2026-09-11T09:34:24.000Z</time>
      </trkpt>
      <trkpt lat="50.4440542" lon="11.4640107">
        <ele>755.8</ele>
        <time>2026-09-11T09:34:45.000Z</time>
      </trkpt>
      <trkpt lat="50.4448512" lon="11.4634671">
        <ele>756.8</ele>
        <time>2026-09-11T09:35:05.000Z</time>
      </trkpt>
      <trkpt lat="50.4455329" lon="11.4630382">
        <ele>759.2</ele>
        <time>2026-09-11T09:35:26.000Z</time>
      </trkpt>
      <trkpt lat="50.4460706" lon="11.4627401">
        <ele>760.2</ele>
        <time>2026-09-11T09:35:47.000Z</time>
      </trkpt>
      <trkpt lat="50.4465931" lon="11.4624655">
        <ele>760.9</ele>
        <time>2026-09-11T09:36:08.000Z</time>
      </trkpt>
      <trkpt lat="50.4471181" lon="11.4621754">
        <ele>764.5</ele>
        <time>2026-09-11T09:36:30.000Z</time>
      </trkpt>
      <trkpt lat="50.4477879" lon="11.4617846">
        <ele>767</ele>
        <time>2026-09-11T09:36:50.000Z</time>
      </trkpt>
      <trkpt lat="50.4485271" lon="11.461324">
        <ele>768.4</ele>
        <time>2026-09-11T09:37:11.000Z</time>
      </trkpt>
      <trkpt lat="50.4492641" lon="11.4611494">
        <ele>769.9</ele>
        <time>2026-09-11T09:37:32.000Z</time>
      </trkpt>
      <trkpt lat="50.4498395" lon="11.4612108">
        <ele>772.4</ele>
        <time>2026-09-11T09:37:52.000Z</time>
      </trkpt>
      <trkpt lat="50.450442" lon="11.4613039">
        <ele>774.9</ele>
        <time>2026-09-11T09:38:13.000Z</time>
      </trkpt>
      <trkpt lat="50.4510139" lon="11.4614897">
        <ele>777.9</ele>
        <time>2026-09-11T09:38:33.000Z</time>
      </trkpt>
      <trkpt lat="50.4515795" lon="11.4616662">
        <ele>781.3</ele>
        <time>2026-09-11T09:38:54.000Z</time>
      </trkpt>
      <trkpt lat="50.4521162" lon="11.46182">
        <ele>783.8</ele>
        <time>2026-09-11T09:39:16.000Z</time>
      </trkpt>
      <trkpt lat="50.4526786" lon="11.4619879">
        <ele>786.9</ele>
        <time>2026-09-11T09:39:36.000Z</time>
      </trkpt>
      <trkpt lat="50.4531908" lon="11.4621055">
        <ele>790.4</ele>
        <time>2026-09-11T09:39:57.000Z</time>
      </trkpt>
      <trkpt lat="50.4537907" lon="11.4621685">
        <ele>793</ele>
        <time>2026-09-11T09:40:17.000Z</time>
      </trkpt>
      <trkpt lat="50.4543555" lon="11.4624063">
        <ele>792.4</ele>
        <time>2026-09-11T09:40:38.000Z</time>
      </trkpt>
      <trkpt lat="50.4549295" lon="11.4627277">
        <ele>793.8</ele>
        <time>2026-09-11T09:40:58.000Z</time>
      </trkpt>
      <trkpt lat="50.4553485" lon="11.4629764">
        <ele>795</ele>
        <time>2026-09-11T09:41:19.000Z</time>
      </trkpt>
      <trkpt lat="50.4553709" lon="11.4630171">
        <ele>794.7</ele>
        <time>2026-09-11T09:41:41.000Z</time>
      </trkpt>
      <trkpt lat="50.4553841" lon="11.4630029">
        <ele>796.1</ele>
        <time>2026-09-11T09:42:01.000Z</time>
      </trkpt>
      <trkpt lat="50.4553779" lon="11.462998">
        <ele>796.3</ele>
        <time>2026-09-11T09:42:22.000Z</time>
      </trkpt>
      <trkpt lat="50.4553772" lon="11.4630127">
        <ele>797.6</ele>
        <time>2026-09-11T09:42:43.000Z</time>
      </trkpt>
      <trkpt lat="50.4553771" lon="11.4630334">
        <ele>795</ele>
        <time>2026-09-11T09:43:04.000Z</time>
      </trkpt>
      <trkpt lat="50.4553787" lon="11.4630332">
        <ele>795.1</ele>
        <time>2026-09-11T09:43:25.000Z</time>
      </trkpt>
      <trkpt lat="50.455373" lon="11.4630049">
        <ele>794.7</ele>
        <time>2026-09-11T09:43:46.000Z</time>
      </trkpt>
      <trkpt lat="50.4554003" lon="11.4629934">
        <ele>794.6</ele>
        <time>2026-09-11T09:44:07.000Z</time>
      </trkpt>
      <trkpt lat="50.4554051" lon="11.4630093">
        <ele>796.1</ele>
        <time>2026-09-11T09:44:27.000Z</time>
      </trkpt>
      <trkpt lat="50.455415" lon="11.4630319">
        <ele>795.9</ele>
        <time>2026-09-11T09:44:48.000Z</time>
      </trkpt>
      <trkpt lat="50.4554201" lon="11.4630296">
        <ele>796.4</ele>
        <time>2026-09-11T09:45:08.000Z</time>
      </trkpt>
      <trkpt lat="50.4554093" lon="11.463036">
        <ele>794.4</ele>
        <time>2026-09-11T09:45:29.000Z</time>
      </trkpt>
      <trkpt lat="50.4554092" lon="11.4630361">
        <ele>794.4</ele>
        <time>2026-09-11T09:45:50.000Z</time>
      </trkpt>
      <trkpt lat="50.4554192" lon="11.463026">
        <ele>793.2</ele>
        <time>2026-09-11T09:46:11.000Z</time>
      </trkpt>
      <trkpt lat="50.4554014" lon="11.4630522">
        <ele>793.6</ele>
        <time>2026-09-11T09:46:31.000Z</time>
      </trkpt>
      <trkpt lat="50.455404" lon="11.4630494">
        <ele>794.4</ele>
        <time>2026-09-11T09:46:52.000Z</time>
      </trkpt>
      <trkpt lat="50.4554001" lon="11.4630545">
        <ele>793.9</ele>
        <time>2026-09-11T09:47:12.000Z</time>
      </trkpt>
      <trkpt lat="50.4554032" lon="11.4630696">
        <ele>794</ele>
        <time>2026-09-11T09:47:33.000Z</time>
      </trkpt>
      <trkpt lat="50.4554026" lon="11.4630712">
        <ele>794.5</ele>
        <time>2026-09-11T09:47:53.000Z</time>
      </trkpt>
      <trkpt lat="50.4554026" lon="11.4630711">
        <ele>794.5</ele>
        <time>2026-09-11T09:48:15.000Z</time>
      </trkpt>
      <trkpt lat="50.4554034" lon="11.4630631">
        <ele>794.8</ele>
        <time>2026-09-11T09:48:35.000Z</time>
      </trkpt>
      <trkpt lat="50.4554045" lon="11.4630728">
        <ele>794.2</ele>
        <time>2026-09-11T09:48:56.000Z</time>
      </trkpt>
      <trkpt lat="50.4554066" lon="11.4630742">
        <ele>794.2</ele>
        <time>2026-09-11T09:49:16.000Z</time>
      </trkpt>
      <trkpt lat="50.4554072" lon="11.4630607">
        <ele>794.3</ele>
        <time>2026-09-11T09:49:37.000Z</time>
      </trkpt>
      <trkpt lat="50.455405" lon="11.4630561">
        <ele>795.1</ele>
        <time>2026-09-11T09:49:57.000Z</time>
      </trkpt>
      <trkpt lat="50.4554127" lon="11.4630507">
        <ele>795</ele>
        <time>2026-09-11T09:50:19.000Z</time>
      </trkpt>
      <trkpt lat="50.455405" lon="11.4630535">
        <ele>795</ele>
        <time>2026-09-11T09:50:39.000Z</time>
      </trkpt>
      <trkpt lat="50.4554007" lon="11.4630639">
        <ele>796.5</ele>
        <time>2026-09-11T09:51:00.000Z</time>
      </trkpt>
      <trkpt lat="50.4554042" lon="11.4630542">
        <ele>796.2</ele>
        <time>2026-09-11T09:51:20.000Z</time>
      </trkpt>
      <trkpt lat="50.4554013" lon="11.46306">
        <ele>795.9</ele>
        <time>2026-09-11T09:51:41.000Z</time>
      </trkpt>
      <trkpt lat="50.4553986" lon="11.4630735">
        <ele>794.4</ele>
        <time>2026-09-11T09:52:02.000Z</time>
      </trkpt>
      <trkpt lat="50.4553932" lon="11.4630733">
        <ele>795</ele>
        <time>2026-09-11T09:52:23.000Z</time>
      </trkpt>
      <trkpt lat="50.4553867" lon="11.4630716">
        <ele>796.2</ele>
        <time>2026-09-11T09:52:43.000Z</time>
      </trkpt>
      <trkpt lat="50.4553877" lon="11.4630711">
        <ele>795.6</ele>
        <time>2026-09-11T09:53:04.000Z</time>
      </trkpt>
      <trkpt lat="50.4553906" lon="11.4630659">
        <ele>794.7</ele>
        <time>2026-09-11T09:53:25.000Z</time>
      </trkpt>
      <trkpt lat="50.4553936" lon="11.4630731">
        <ele>793.3</ele>
        <time>2026-09-11T09:53:45.000Z</time>
      </trkpt>
      <trkpt lat="50.4553947" lon="11.4630804">
        <ele>793</ele>
        <time>2026-09-11T09:54:05.000Z</time>
      </trkpt>
      <trkpt lat="50.4553911" lon="11.4630762">
        <ele>793.5</ele>
        <time>2026-09-11T09:54:26.000Z</time>
      </trkpt>
      <trkpt lat="50.4553955" lon="11.4630721">
        <ele>793.8</ele>
        <time>2026-09-11T09:54:46.000Z</time>
      </trkpt>
      <trkpt lat="50.4553909" lon="11.4630697">
        <ele>793.8</ele>
        <time>2026-09-11T09:55:07.000Z</time>
      </trkpt>
      <trkpt lat="50.4553877" lon="11.4630693">
        <ele>793.8</ele>
        <time>2026-09-11T09:55:27.000Z</time>
      </trkpt>
      <trkpt lat="50.4553877" lon="11.4630726">
        <ele>793.8</ele>
        <time>2026-09-11T09:55:48.000Z</time>
      </trkpt>
      <trkpt lat="50.4553889" lon="11.4630733">
        <ele>793.8</ele>
        <time>2026-09-11T09:56:09.000Z</time>
      </trkpt>
      <trkpt lat="50.45539" lon="11.4630736">
        <ele>794</ele>
        <time>2026-09-11T09:56:29.000Z</time>
      </trkpt>
      <trkpt lat="50.4553919" lon="11.463076">
        <ele>794</ele>
        <time>2026-09-11T09:56:49.000Z</time>
      </trkpt>
      <trkpt lat="50.4553911" lon="11.4630736">
        <ele>794</ele>
        <time>2026-09-11T09:57:10.000Z</time>
      </trkpt>
      <trkpt lat="50.4553903" lon="11.4630707">
        <ele>794</ele>
        <time>2026-09-11T09:57:31.000Z</time>
      </trkpt>
      <trkpt lat="50.4553905" lon="11.4630735">
        <ele>793.9</ele>
        <time>2026-09-11T09:57:51.000Z</time>
      </trkpt>
      <trkpt lat="50.4553907" lon="11.463079">
        <ele>793.9</ele>
        <time>2026-09-11T09:58:13.000Z</time>
      </trkpt>
      <trkpt lat="50.4553922" lon="11.4630791">
        <ele>793.9</ele>
        <time>2026-09-11T09:58:34.000Z</time>
      </trkpt>
      <trkpt lat="50.4553914" lon="11.4630759">
        <ele>794</ele>
        <time>2026-09-11T09:58:55.000Z</time>
      </trkpt>
      <trkpt lat="50.4553868" lon="11.4630564">
        <ele>793.6</ele>
        <time>2026-09-11T09:59:16.000Z</time>
      </trkpt>
      <trkpt lat="50.4553826" lon="11.4630475">
        <ele>794.7</ele>
        <time>2026-09-11T09:59:36.000Z</time>
      </trkpt>
      <trkpt lat="50.4554246" lon="11.4629961">
        <ele>795.4</ele>
        <time>2026-09-11T09:59:56.000Z</time>
      </trkpt>
      <trkpt lat="50.4554316" lon="11.4630029">
        <ele>795.3</ele>
        <time>2026-09-11T10:00:16.000Z</time>
      </trkpt>
      <trkpt lat="50.4554741" lon="11.463">
        <ele>794.6</ele>
        <time>2026-09-11T10:00:37.000Z</time>
      </trkpt>
      <trkpt lat="50.4561016" lon="11.4631013">
        <ele>794.8</ele>
        <time>2026-09-11T10:00:58.000Z</time>
      </trkpt>
      <trkpt lat="50.4567322" lon="11.4632031">
        <ele>794.8</ele>
        <time>2026-09-11T10:01:19.000Z</time>
      </trkpt>
      <trkpt lat="50.4567092" lon="11.463154">
        <ele>796.6</ele>
        <time>2026-09-11T10:01:39.000Z</time>
      </trkpt>
      <trkpt lat="50.4574347" lon="11.4628975">
        <ele>794.3</ele>
        <time>2026-09-11T10:02:00.000Z</time>
      </trkpt>
      <trkpt lat="50.4585145" lon="11.4623002">
        <ele>791.4</ele>
        <time>2026-09-11T10:02:21.000Z</time>
      </trkpt>
      <trkpt lat="50.459712" lon="11.4628284">
        <ele>790.1</ele>
        <time>2026-09-11T10:02:41.000Z</time>
      </trkpt>
      <trkpt lat="50.4607105" lon="11.4642449">
        <ele>787.9</ele>
        <time>2026-09-11T10:03:02.000Z</time>
      </trkpt>
      <trkpt lat="50.4618211" lon="11.4657722">
        <ele>784.3</ele>
        <time>2026-09-11T10:03:23.000Z</time>
      </trkpt>
      <trkpt lat="50.4632752" lon="11.4666843">
        <ele>779.3</ele>
        <time>2026-09-11T10:03:44.000Z</time>
      </trkpt>
      <trkpt lat="50.4650895" lon="11.4659382">
        <ele>767.1</ele>
        <time>2026-09-11T10:04:05.000Z</time>
      </trkpt>
      <trkpt lat="50.4665456" lon="11.4642307">
        <ele>756.7</ele>
        <time>2026-09-11T10:04:25.000Z</time>
      </trkpt>
      <trkpt lat="50.46749" lon="11.4613832">
        <ele>745</ele>
        <time>2026-09-11T10:04:47.000Z</time>
      </trkpt>
      <trkpt lat="50.4687598" lon="11.4588254">
        <ele>732.3</ele>
        <time>2026-09-11T10:05:07.000Z</time>
      </trkpt>
      <trkpt lat="50.470608" lon="11.4570371">
        <ele>718.1</ele>
        <time>2026-09-11T10:05:29.000Z</time>
      </trkpt>
      <trkpt lat="50.4719437" lon="11.4559514">
        <ele>710.1</ele>
        <time>2026-09-11T10:05:50.000Z</time>
      </trkpt>
      <trkpt lat="50.4723926" lon="11.4550292">
        <ele>706.8</ele>
        <time>2026-09-11T10:06:10.000Z</time>
      </trkpt>
      <trkpt lat="50.473176" lon="11.4535189">
        <ele>703.7</ele>
        <time>2026-09-11T10:06:31.000Z</time>
      </trkpt>
      <trkpt lat="50.4745751" lon="11.4532381">
        <ele>692.1</ele>
        <time>2026-09-11T10:06:52.000Z</time>
      </trkpt>
      <trkpt lat="50.4752882" lon="11.4530402">
        <ele>687.2</ele>
        <time>2026-09-11T10:07:12.000Z</time>
      </trkpt>
      <trkpt lat="50.4753566" lon="11.4529192">
        <ele>689.4</ele>
        <time>2026-09-11T10:07:33.000Z</time>
      </trkpt>
      <trkpt lat="50.4753557" lon="11.4528896">
        <ele>691.5</ele>
        <time>2026-09-11T10:07:54.000Z</time>
      </trkpt>
      <trkpt lat="50.475381" lon="11.4528976">
        <ele>692.9</ele>
        <time>2026-09-11T10:08:15.000Z</time>
      </trkpt>
      <trkpt lat="50.475378" lon="11.4528848">
        <ele>694.5</ele>
        <time>2026-09-11T10:08:36.000Z</time>
      </trkpt>
      <trkpt lat="50.4753798" lon="11.4528596">
        <ele>693</ele>
        <time>2026-09-11T10:08:57.000Z</time>
      </trkpt>
      <trkpt lat="50.4753905" lon="11.4528074">
        <ele>690.1</ele>
        <time>2026-09-11T10:09:17.000Z</time>
      </trkpt>
      <trkpt lat="50.475379" lon="11.452803">
        <ele>689.6</ele>
        <time>2026-09-11T10:09:38.000Z</time>
      </trkpt>
      <trkpt lat="50.4753776" lon="11.4528855">
        <ele>689.2</ele>
        <time>2026-09-11T10:09:59.000Z</time>
      </trkpt>
      <trkpt lat="50.4754051" lon="11.4529314">
        <ele>684.8</ele>
        <time>2026-09-11T10:10:19.000Z</time>
      </trkpt>
      <trkpt lat="50.475392" lon="11.452928">
        <ele>685.9</ele>
        <time>2026-09-11T10:10:40.000Z</time>
      </trkpt>
      <trkpt lat="50.4753622" lon="11.4529008">
        <ele>688.2</ele>
        <time>2026-09-11T10:11:00.000Z</time>
      </trkpt>
      <trkpt lat="50.4753832" lon="11.4528975">
        <ele>692.1</ele>
        <time>2026-09-11T10:11:21.000Z</time>
      </trkpt>
      <trkpt lat="50.4753904" lon="11.4528971">
        <ele>693</ele>
        <time>2026-09-11T10:11:42.000Z</time>
      </trkpt>
      <trkpt lat="50.4754046" lon="11.4528769">
        <ele>692.6</ele>
        <time>2026-09-11T10:12:03.000Z</time>
      </trkpt>
      <trkpt lat="50.4754278" lon="11.4529314">
        <ele>690.3</ele>
        <time>2026-09-11T10:12:24.000Z</time>
      </trkpt>
      <trkpt lat="50.4754357" lon="11.4529841">
        <ele>690.4</ele>
        <time>2026-09-11T10:12:45.000Z</time>
      </trkpt>
      <trkpt lat="50.475399" lon="11.4529754">
        <ele>685.7</ele>
        <time>2026-09-11T10:13:05.000Z</time>
      </trkpt>
      <trkpt lat="50.4753621" lon="11.4529604">
        <ele>683</ele>
        <time>2026-09-11T10:13:26.000Z</time>
      </trkpt>
      <trkpt lat="50.4753679" lon="11.4529498">
        <ele>686.7</ele>
        <time>2026-09-11T10:13:47.000Z</time>
      </trkpt>
      <trkpt lat="50.475369" lon="11.4529601">
        <ele>686.5</ele>
        <time>2026-09-11T10:14:07.000Z</time>
      </trkpt>
      <trkpt lat="50.4753776" lon="11.4529155">
        <ele>693.1</ele>
        <time>2026-09-11T10:14:28.000Z</time>
      </trkpt>
      <trkpt lat="50.4753883" lon="11.452886">
        <ele>693.9</ele>
        <time>2026-09-11T10:14:49.000Z</time>
      </trkpt>
      <trkpt lat="50.4753899" lon="11.452913">
        <ele>693.6</ele>
        <time>2026-09-11T10:15:09.000Z</time>
      </trkpt>
      <trkpt lat="50.4753869" lon="11.4529325">
        <ele>690.5</ele>
        <time>2026-09-11T10:15:31.000Z</time>
      </trkpt>
      <trkpt lat="50.475392" lon="11.4528926">
        <ele>691.6</ele>
        <time>2026-09-11T10:15:51.000Z</time>
      </trkpt>
      <trkpt lat="50.4753824" lon="11.4529055">
        <ele>692.2</ele>
        <time>2026-09-11T10:16:13.000Z</time>
      </trkpt>
      <trkpt lat="50.4753452" lon="11.452892">
        <ele>692.5</ele>
        <time>2026-09-11T10:16:34.000Z</time>
      </trkpt>
      <trkpt lat="50.4753972" lon="11.4526097">
        <ele>689.4</ele>
        <time>2026-09-11T10:16:54.000Z</time>
      </trkpt>
      <trkpt lat="50.4756868" lon="11.4515526">
        <ele>691.1</ele>
        <time>2026-09-11T10:17:15.000Z</time>
      </trkpt>
      <trkpt lat="50.4757141" lon="11.451478">
        <ele>692.7</ele>
        <time>2026-09-11T10:17:36.000Z</time>
      </trkpt>
      <trkpt lat="50.4757165" lon="11.4512525">
        <ele>693.7</ele>
        <time>2026-09-11T10:17:56.000Z</time>
      </trkpt>
      <trkpt lat="50.4759323" lon="11.45028">
        <ele>690.7</ele>
        <time>2026-09-11T10:18:17.000Z</time>
      </trkpt>
      <trkpt lat="50.475836" lon="11.4493487">
        <ele>686.9</ele>
        <time>2026-09-11T10:18:39.000Z</time>
      </trkpt>
      <trkpt lat="50.4755527" lon="11.4487341">
        <ele>676.9</ele>
        <time>2026-09-11T10:18:59.000Z</time>
      </trkpt>
      <trkpt lat="50.475564" lon="11.4481357">
        <ele>676.2</ele>
        <time>2026-09-11T10:19:20.000Z</time>
      </trkpt>
      <trkpt lat="50.4759126" lon="11.448003">
        <ele>679.3</ele>
        <time>2026-09-11T10:19:41.000Z</time>
      </trkpt>
      <trkpt lat="50.4761157" lon="11.4473011">
        <ele>684</ele>
        <time>2026-09-11T10:20:01.000Z</time>
      </trkpt>
      <trkpt lat="50.4763974" lon="11.446359">
        <ele>685.3</ele>
        <time>2026-09-11T10:20:22.000Z</time>
      </trkpt>
      <trkpt lat="50.4766856" lon="11.4449565">
        <ele>684.4</ele>
        <time>2026-09-11T10:20:44.000Z</time>
      </trkpt>
      <trkpt lat="50.4769829" lon="11.4439033">
        <ele>683.7</ele>
        <time>2026-09-11T10:21:05.000Z</time>
      </trkpt>
      <trkpt lat="50.47705" lon="11.4426244">
        <ele>677.2</ele>
        <time>2026-09-11T10:21:25.000Z</time>
      </trkpt>
      <trkpt lat="50.4774835" lon="11.4416351">
        <ele>679</ele>
        <time>2026-09-11T10:21:47.000Z</time>
      </trkpt>
      <trkpt lat="50.4781606" lon="11.4416536">
        <ele>681.9</ele>
        <time>2026-09-11T10:22:07.000Z</time>
      </trkpt>
      <trkpt lat="50.4787656" lon="11.4421071">
        <ele>682.5</ele>
        <time>2026-09-11T10:22:28.000Z</time>
      </trkpt>
      <trkpt lat="50.479353" lon="11.4422145">
        <ele>684.4</ele>
        <time>2026-09-11T10:22:49.000Z</time>
      </trkpt>
      <trkpt lat="50.4798846" lon="11.4425937">
        <ele>689.2</ele>
        <time>2026-09-11T10:23:10.000Z</time>
      </trkpt>
      <trkpt lat="50.4803458" lon="11.4430257">
        <ele>694.6</ele>
        <time>2026-09-11T10:23:31.000Z</time>
      </trkpt>
      <trkpt lat="50.4807942" lon="11.4434209">
        <ele>697.4</ele>
        <time>2026-09-11T10:23:51.000Z</time>
      </trkpt>
      <trkpt lat="50.4812438" lon="11.4436946">
        <ele>699.9</ele>
        <time>2026-09-11T10:24:12.000Z</time>
      </trkpt>
      <trkpt lat="50.4816702" lon="11.4440118">
        <ele>703.5</ele>
        <time>2026-09-11T10:24:32.000Z</time>
      </trkpt>
      <trkpt lat="50.4820727" lon="11.4443924">
        <ele>706.3</ele>
        <time>2026-09-11T10:24:53.000Z</time>
      </trkpt>
      <trkpt lat="50.4825538" lon="11.4450489">
        <ele>709.3</ele>
        <time>2026-09-11T10:25:14.000Z</time>
      </trkpt>
      <trkpt lat="50.482946" lon="11.4459417">
        <ele>710.6</ele>
        <time>2026-09-11T10:25:35.000Z</time>
      </trkpt>
      <trkpt lat="50.4832947" lon="11.4469997">
        <ele>712.1</ele>
        <time>2026-09-11T10:25:55.000Z</time>
      </trkpt>
      <trkpt lat="50.4835757" lon="11.4483339">
        <ele>710</ele>
        <time>2026-09-11T10:26:16.000Z</time>
      </trkpt>
      <trkpt lat="50.4840622" lon="11.4496751">
        <ele>707.4</ele>
        <time>2026-09-11T10:26:37.000Z</time>
      </trkpt>
      <trkpt lat="50.4849093" lon="11.4513353">
        <ele>703.8</ele>
        <time>2026-09-11T10:26:58.000Z</time>
      </trkpt>
      <trkpt lat="50.485722" lon="11.4533966">
        <ele>698.4</ele>
        <time>2026-09-11T10:27:18.000Z</time>
      </trkpt>
      <trkpt lat="50.4867996" lon="11.455366">
        <ele>691.7</ele>
        <time>2026-09-11T10:27:39.000Z</time>
      </trkpt>
      <trkpt lat="50.4877011" lon="11.4580236">
        <ele>684.6</ele>
        <time>2026-09-11T10:28:00.000Z</time>
      </trkpt>
      <trkpt lat="50.4882412" lon="11.4592948">
        <ele>683</ele>
        <time>2026-09-11T10:28:20.000Z</time>
      </trkpt>
      <trkpt lat="50.4893018" lon="11.4600538">
        <ele>680.1</ele>
        <time>2026-09-11T10:28:41.000Z</time>
      </trkpt>
      <trkpt lat="50.4904505" lon="11.4611687">
        <ele>680.6</ele>
        <time>2026-09-11T10:29:01.000Z</time>
      </trkpt>
      <trkpt lat="50.4911321" lon="11.4620386">
        <ele>683.9</ele>
        <time>2026-09-11T10:29:22.000Z</time>
      </trkpt>
      <trkpt lat="50.4915577" lon="11.4629624">
        <ele>685.9</ele>
        <time>2026-09-11T10:29:42.000Z</time>
      </trkpt>
      <trkpt lat="50.4918084" lon="11.4641231">
        <ele>683.9</ele>
        <time>2026-09-11T10:30:03.000Z</time>
      </trkpt>
      <trkpt lat="50.4925316" lon="11.4661334">
        <ele>680</ele>
        <time>2026-09-11T10:30:23.000Z</time>
      </trkpt>
      <trkpt lat="50.4932788" lon="11.4684838">
        <ele>675.7</ele>
        <time>2026-09-11T10:30:44.000Z</time>
      </trkpt>
      <trkpt lat="50.4939007" lon="11.4703418">
        <ele>674.1</ele>
        <time>2026-09-11T10:31:05.000Z</time>
      </trkpt>
      <trkpt lat="50.4942135" lon="11.470569">
        <ele>672.7</ele>
        <time>2026-09-11T10:31:25.000Z</time>
      </trkpt>
      <trkpt lat="50.49439" lon="11.4701256">
        <ele>672.6</ele>
        <time>2026-09-11T10:31:46.000Z</time>
      </trkpt>
      <trkpt lat="50.4945227" lon="11.4692511">
        <ele>669.1</ele>
        <time>2026-09-11T10:32:06.000Z</time>
      </trkpt>
      <trkpt lat="50.4950543" lon="11.467044">
        <ele>659.6</ele>
        <time>2026-09-11T10:32:27.000Z</time>
      </trkpt>
      <trkpt lat="50.4961057" lon="11.4644774">
        <ele>647.3</ele>
        <time>2026-09-11T10:32:48.000Z</time>
      </trkpt>
      <trkpt lat="50.4974" lon="11.4627473">
        <ele>639.6</ele>
        <time>2026-09-11T10:33:09.000Z</time>
      </trkpt>
      <trkpt lat="50.4989543" lon="11.4614166">
        <ele>630.8</ele>
        <time>2026-09-11T10:33:29.000Z</time>
      </trkpt>
      <trkpt lat="50.4999326" lon="11.46035">
        <ele>633.5</ele>
        <time>2026-09-11T10:33:50.000Z</time>
      </trkpt>
      <trkpt lat="50.5005201" lon="11.4598313">
        <ele>636.1</ele>
        <time>2026-09-11T10:34:11.000Z</time>
      </trkpt>
      <trkpt lat="50.5009805" lon="11.4594577">
        <ele>638.9</ele>
        <time>2026-09-11T10:34:32.000Z</time>
      </trkpt>
      <trkpt lat="50.5014221" lon="11.4591059">
        <ele>640.8</ele>
        <time>2026-09-11T10:34:52.000Z</time>
      </trkpt>
      <trkpt lat="50.5017931" lon="11.4588435">
        <ele>645.2</ele>
        <time>2026-09-11T10:35:13.000Z</time>
      </trkpt>
      <trkpt lat="50.5021803" lon="11.4585035">
        <ele>647.7</ele>
        <time>2026-09-11T10:35:34.000Z</time>
      </trkpt>
      <trkpt lat="50.5025304" lon="11.4581151">
        <ele>648.4</ele>
        <time>2026-09-11T10:35:55.000Z</time>
      </trkpt>
      <trkpt lat="50.5028336" lon="11.4576953">
        <ele>650.5</ele>
        <time>2026-09-11T10:36:16.000Z</time>
      </trkpt>
      <trkpt lat="50.5031144" lon="11.4570824">
        <ele>652.4</ele>
        <time>2026-09-11T10:36:37.000Z</time>
      </trkpt>
      <trkpt lat="50.503471" lon="11.4560433">
        <ele>651.8</ele>
        <time>2026-09-11T10:36:57.000Z</time>
      </trkpt>
      <trkpt lat="50.5038771" lon="11.4549372">
        <ele>653.1</ele>
        <time>2026-09-11T10:37:18.000Z</time>
      </trkpt>
      <trkpt lat="50.5043706" lon="11.454045">
        <ele>655</ele>
        <time>2026-09-11T10:37:39.000Z</time>
      </trkpt>
      <trkpt lat="50.5050136" lon="11.4534561">
        <ele>654.1</ele>
        <time>2026-09-11T10:38:00.000Z</time>
      </trkpt>
      <trkpt lat="50.5060371" lon="11.4531372">
        <ele>650.2</ele>
        <time>2026-09-11T10:38:21.000Z</time>
      </trkpt>
      <trkpt lat="50.5073275" lon="11.4523959">
        <ele>646.5</ele>
        <time>2026-09-11T10:38:42.000Z</time>
      </trkpt>
      <trkpt lat="50.5084913" lon="11.4518028">
        <ele>646.4</ele>
        <time>2026-09-11T10:39:03.000Z</time>
      </trkpt>
      <trkpt lat="50.5094126" lon="11.451484">
        <ele>648.1</ele>
        <time>2026-09-11T10:39:24.000Z</time>
      </trkpt>
      <trkpt lat="50.5100431" lon="11.4514904">
        <ele>650.9</ele>
        <time>2026-09-11T10:39:44.000Z</time>
      </trkpt>
      <trkpt lat="50.5106683" lon="11.4514266">
        <ele>650.6</ele>
        <time>2026-09-11T10:40:05.000Z</time>
      </trkpt>
      <trkpt lat="50.511392" lon="11.4513873">
        <ele>651</ele>
        <time>2026-09-11T10:40:25.000Z</time>
      </trkpt>
      <trkpt lat="50.5114398" lon="11.451382">
        <ele>653.1</ele>
        <time>2026-09-11T10:40:46.000Z</time>
      </trkpt>
      <trkpt lat="50.5114396" lon="11.4513723">
        <ele>655.6</ele>
        <time>2026-09-11T10:41:06.000Z</time>
      </trkpt>
      <trkpt lat="50.5114446" lon="11.4514231">
        <ele>660.6</ele>
        <time>2026-09-11T10:41:27.000Z</time>
      </trkpt>
      <trkpt lat="50.5114486" lon="11.4514216">
        <ele>659.9</ele>
        <time>2026-09-11T10:41:48.000Z</time>
      </trkpt>
      <trkpt lat="50.511442" lon="11.451421">
        <ele>657</ele>
        <time>2026-09-11T10:42:09.000Z</time>
      </trkpt>
      <trkpt lat="50.5114592" lon="11.4514256">
        <ele>658.3</ele>
        <time>2026-09-11T10:42:30.000Z</time>
      </trkpt>
      <trkpt lat="50.5114398" lon="11.4514098">
        <ele>656.9</ele>
        <time>2026-09-11T10:42:50.000Z</time>
      </trkpt>
      <trkpt lat="50.5114357" lon="11.4514023">
        <ele>655.8</ele>
        <time>2026-09-11T10:43:11.000Z</time>
      </trkpt>
      <trkpt lat="50.5114475" lon="11.4513955">
        <ele>656.7</ele>
        <time>2026-09-11T10:43:31.000Z</time>
      </trkpt>
      <trkpt lat="50.511443" lon="11.4514203">
        <ele>655.2</ele>
        <time>2026-09-11T10:43:52.000Z</time>
      </trkpt>
      <trkpt lat="50.5114287" lon="11.45143">
        <ele>655.7</ele>
        <time>2026-09-11T10:44:13.000Z</time>
      </trkpt>
      <trkpt lat="50.511427" lon="11.4514019">
        <ele>656.8</ele>
        <time>2026-09-11T10:44:34.000Z</time>
      </trkpt>
      <trkpt lat="50.5116976" lon="11.4513535">
        <ele>655.8</ele>
        <time>2026-09-11T10:44:54.000Z</time>
      </trkpt>
      <trkpt lat="50.512081" lon="11.4509838">
        <ele>658.7</ele>
        <time>2026-09-11T10:45:15.000Z</time>
      </trkpt>
      <trkpt lat="50.512495" lon="11.4507233">
        <ele>660.5</ele>
        <time>2026-09-11T10:45:35.000Z</time>
      </trkpt>
      <trkpt lat="50.5128907" lon="11.4509624">
        <ele>662</ele>
        <time>2026-09-11T10:45:56.000Z</time>
      </trkpt>
      <trkpt lat="50.5132482" lon="11.4513269">
        <ele>666</ele>
        <time>2026-09-11T10:46:17.000Z</time>
      </trkpt>
      <trkpt lat="50.5136595" lon="11.4516656">
        <ele>670.6</ele>
        <time>2026-09-11T10:46:38.000Z</time>
      </trkpt>
      <trkpt lat="50.5142103" lon="11.4521495">
        <ele>673.1</ele>
        <time>2026-09-11T10:46:59.000Z</time>
      </trkpt>
      <trkpt lat="50.5150294" lon="11.4528511">
        <ele>671.8</ele>
        <time>2026-09-11T10:47:19.000Z</time>
      </trkpt>
      <trkpt lat="50.5159356" lon="11.453073">
        <ele>667.1</ele>
        <time>2026-09-11T10:47:40.000Z</time>
      </trkpt>
      <trkpt lat="50.5164939" lon="11.4522722">
        <ele>675.9</ele>
        <time>2026-09-11T10:48:00.000Z</time>
      </trkpt>
      <trkpt lat="50.5168693" lon="11.4516728">
        <ele>672.3</ele>
        <time>2026-09-11T10:48:21.000Z</time>
      </trkpt>
      <trkpt lat="50.5181998" lon="11.4504359">
        <ele>661.7</ele>
        <time>2026-09-11T10:48:42.000Z</time>
      </trkpt>
      <trkpt lat="50.5197078" lon="11.4492773">
        <ele>660.3</ele>
        <time>2026-09-11T10:49:03.000Z</time>
      </trkpt>
      <trkpt lat="50.520854" lon="11.4487999">
        <ele>658.8</ele>
        <time>2026-09-11T10:49:25.000Z</time>
      </trkpt>
      <trkpt lat="50.5209615" lon="11.4487792">
        <ele>660.7</ele>
        <time>2026-09-11T10:49:45.000Z</time>
      </trkpt>
      <trkpt lat="50.5209365" lon="11.4488434">
        <ele>661.6</ele>
        <time>2026-09-11T10:50:06.000Z</time>
      </trkpt>
      <trkpt lat="50.5209354" lon="11.4488723">
        <ele>662.9</ele>
        <time>2026-09-11T10:50:27.000Z</time>
      </trkpt>
      <trkpt lat="50.5209501" lon="11.4488097">
        <ele>661.2</ele>
        <time>2026-09-11T10:50:48.000Z</time>
      </trkpt>
      <trkpt lat="50.521103" lon="11.4488474">
        <ele>660.5</ele>
        <time>2026-09-11T10:51:10.000Z</time>
      </trkpt>
      <trkpt lat="50.5221011" lon="11.4487246">
        <ele>656.6</ele>
        <time>2026-09-11T10:51:31.000Z</time>
      </trkpt>
      <trkpt lat="50.5234591" lon="11.448013">
        <ele>644.3</ele>
        <time>2026-09-11T10:51:52.000Z</time>
      </trkpt>
      <trkpt lat="50.524546" lon="11.4458023">
        <ele>639.4</ele>
        <time>2026-09-11T10:52:12.000Z</time>
      </trkpt>
      <trkpt lat="50.524686" lon="11.4456363">
        <ele>639.1</ele>
        <time>2026-09-11T10:52:33.000Z</time>
      </trkpt>
      <trkpt lat="50.5248314" lon="11.445331">
        <ele>639.3</ele>
        <time>2026-09-11T10:52:54.000Z</time>
      </trkpt>
      <trkpt lat="50.5251316" lon="11.4444297">
        <ele>644.2</ele>
        <time>2026-09-11T10:53:15.000Z</time>
      </trkpt>
      <trkpt lat="50.5255313" lon="11.4441886">
        <ele>647.6</ele>
        <time>2026-09-11T10:53:36.000Z</time>
      </trkpt>
      <trkpt lat="50.5260014" lon="11.4443509">
        <ele>652.8</ele>
        <time>2026-09-11T10:53:57.000Z</time>
      </trkpt>
      <trkpt lat="50.5263911" lon="11.4446539">
        <ele>658</ele>
        <time>2026-09-11T10:54:18.000Z</time>
      </trkpt>
      <trkpt lat="50.5267556" lon="11.4448896">
        <ele>663.6</ele>
        <time>2026-09-11T10:54:39.000Z</time>
      </trkpt>
      <trkpt lat="50.5270311" lon="11.4447574">
        <ele>667</ele>
        <time>2026-09-11T10:55:00.000Z</time>
      </trkpt>
      <trkpt lat="50.5273738" lon="11.4441143">
        <ele>666</ele>
        <time>2026-09-11T10:55:20.000Z</time>
      </trkpt>
      <trkpt lat="50.528179" lon="11.4424264">
        <ele>661.6</ele>
        <time>2026-09-11T10:55:41.000Z</time>
      </trkpt>
      <trkpt lat="50.5290883" lon="11.4411608">
        <ele>662.7</ele>
        <time>2026-09-11T10:56:02.000Z</time>
      </trkpt>
      <trkpt lat="50.530172" lon="11.4398637">
        <ele>657.4</ele>
        <time>2026-09-11T10:56:23.000Z</time>
      </trkpt>
      <trkpt lat="50.5312475" lon="11.4384251">
        <ele>656.1</ele>
        <time>2026-09-11T10:56:43.000Z</time>
      </trkpt>
      <trkpt lat="50.5318214" lon="11.4374236">
        <ele>659</ele>
        <time>2026-09-11T10:57:05.000Z</time>
      </trkpt>
      <trkpt lat="50.5319865" lon="11.4366542">
        <ele>661.7</ele>
        <time>2026-09-11T10:57:25.000Z</time>
      </trkpt>
      <trkpt lat="50.5322751" lon="11.4357253">
        <ele>662.3</ele>
        <time>2026-09-11T10:57:46.000Z</time>
      </trkpt>
      <trkpt lat="50.5325859" lon="11.4347768">
        <ele>664</ele>
        <time>2026-09-11T10:58:08.000Z</time>
      </trkpt>
      <trkpt lat="50.5329093" lon="11.4338439">
        <ele>665</ele>
        <time>2026-09-11T10:58:28.000Z</time>
      </trkpt>
      <trkpt lat="50.5332804" lon="11.4330764">
        <ele>666.8</ele>
        <time>2026-09-11T10:58:49.000Z</time>
      </trkpt>
      <trkpt lat="50.5337194" lon="11.4323554">
        <ele>667</ele>
        <time>2026-09-11T10:59:10.000Z</time>
      </trkpt>
      <trkpt lat="50.5343123" lon="11.4310792">
        <ele>665.7</ele>
        <time>2026-09-11T10:59:31.000Z</time>
      </trkpt>
      <trkpt lat="50.5349227" lon="11.429342">
        <ele>662.3</ele>
        <time>2026-09-11T10:59:52.000Z</time>
      </trkpt>
      <trkpt lat="50.5354299" lon="11.4279834">
        <ele>662.7</ele>
        <time>2026-09-11T11:00:13.000Z</time>
      </trkpt>
      <trkpt lat="50.5361316" lon="11.4265084">
        <ele>660.5</ele>
        <time>2026-09-11T11:00:33.000Z</time>
      </trkpt>
      <trkpt lat="50.5367254" lon="11.4251576">
        <ele>656.8</ele>
        <time>2026-09-11T11:00:54.000Z</time>
      </trkpt>
      <trkpt lat="50.53739" lon="11.4241808">
        <ele>655.6</ele>
        <time>2026-09-11T11:01:15.000Z</time>
      </trkpt>
      <trkpt lat="50.5377707" lon="11.4234286">
        <ele>655.4</ele>
        <time>2026-09-11T11:01:36.000Z</time>
      </trkpt>
      <trkpt lat="50.5374829" lon="11.4222875">
        <ele>653.2</ele>
        <time>2026-09-11T11:01:57.000Z</time>
      </trkpt>
      <trkpt lat="50.5369156" lon="11.4208514">
        <ele>650.4</ele>
        <time>2026-09-11T11:02:18.000Z</time>
      </trkpt>
      <trkpt lat="50.5368329" lon="11.4192441">
        <ele>648.4</ele>
        <time>2026-09-11T11:02:39.000Z</time>
      </trkpt>
      <trkpt lat="50.5364487" lon="11.4178449">
        <ele>648.5</ele>
        <time>2026-09-11T11:02:59.000Z</time>
      </trkpt>
      <trkpt lat="50.5361828" lon="11.4161454">
        <ele>647.6</ele>
        <time>2026-09-11T11:03:21.000Z</time>
      </trkpt>
      <trkpt lat="50.5358565" lon="11.4147516">
        <ele>649.5</ele>
        <time>2026-09-11T11:03:42.000Z</time>
      </trkpt>
      <trkpt lat="50.5355138" lon="11.4136759">
        <ele>651.7</ele>
        <time>2026-09-11T11:04:02.000Z</time>
      </trkpt>
      <trkpt lat="50.5350946" lon="11.4126069">
        <ele>651.5</ele>
        <time>2026-09-11T11:04:23.000Z</time>
      </trkpt>
      <trkpt lat="50.534714" lon="11.4116999">
        <ele>653.5</ele>
        <time>2026-09-11T11:04:43.000Z</time>
      </trkpt>
      <trkpt lat="50.5344367" lon="11.4109601">
        <ele>654.3</ele>
        <time>2026-09-11T11:05:05.000Z</time>
      </trkpt>
      <trkpt lat="50.5341436" lon="11.4102833">
        <ele>653.6</ele>
        <time>2026-09-11T11:05:26.000Z</time>
      </trkpt>
      <trkpt lat="50.5341501" lon="11.4103067">
        <ele>654.2</ele>
        <time>2026-09-11T11:05:46.000Z</time>
      </trkpt>
      <trkpt lat="50.5341492" lon="11.4102849">
        <ele>655.1</ele>
        <time>2026-09-11T11:06:07.000Z</time>
      </trkpt>
      <trkpt lat="50.5341494" lon="11.4102855">
        <ele>655.2</ele>
        <time>2026-09-11T11:06:27.000Z</time>
      </trkpt>
      <trkpt lat="50.5341491" lon="11.4102901">
        <ele>655.2</ele>
        <time>2026-09-11T11:06:49.000Z</time>
      </trkpt>
      <trkpt lat="50.5341492" lon="11.4102895">
        <ele>655.7</ele>
        <time>2026-09-11T11:07:10.000Z</time>
      </trkpt>
      <trkpt lat="50.534149" lon="11.4102894">
        <ele>655.7</ele>
        <time>2026-09-11T11:07:30.000Z</time>
      </trkpt>
      <trkpt lat="50.5341648" lon="11.4102043">
        <ele>656.9</ele>
        <time>2026-09-11T11:07:51.000Z</time>
      </trkpt>
      <trkpt lat="50.5341846" lon="11.4101675">
        <ele>656.7</ele>
        <time>2026-09-11T11:08:12.000Z</time>
      </trkpt>
      <trkpt lat="50.5341743" lon="11.4101684">
        <ele>655.3</ele>
        <time>2026-09-11T11:08:32.000Z</time>
      </trkpt>
      <trkpt lat="50.5341612" lon="11.4102847">
        <ele>656.1</ele>
        <time>2026-09-11T11:08:53.000Z</time>
      </trkpt>
      <trkpt lat="50.5341709" lon="11.4102027">
        <ele>656.8</ele>
        <time>2026-09-11T11:09:14.000Z</time>
      </trkpt>
      <trkpt lat="50.5340474" lon="11.4090748">
        <ele>650.8</ele>
        <time>2026-09-11T11:09:36.000Z</time>
      </trkpt>
      <trkpt lat="50.5336403" lon="11.4067463">
        <ele>638.7</ele>
        <time>2026-09-11T11:09:57.000Z</time>
      </trkpt>
      <trkpt lat="50.5335281" lon="11.4051027">
        <ele>629.7</ele>
        <time>2026-09-11T11:10:17.000Z</time>
      </trkpt>
      <trkpt lat="50.5347521" lon="11.4043696">
        <ele>623</ele>
        <time>2026-09-11T11:10:38.000Z</time>
      </trkpt>
      <trkpt lat="50.5352292" lon="11.4023955">
        <ele>617.7</ele>
        <time>2026-09-11T11:10:59.000Z</time>
      </trkpt>
      <trkpt lat="50.5364825" lon="11.4016633">
        <ele>618.4</ele>
        <time>2026-09-11T11:11:20.000Z</time>
      </trkpt>
      <trkpt lat="50.5379389" lon="11.3999986">
        <ele>605.1</ele>
        <time>2026-09-11T11:11:41.000Z</time>
      </trkpt>
      <trkpt lat="50.5394844" lon="11.3984337">
        <ele>589.3</ele>
        <time>2026-09-11T11:12:02.000Z</time>
      </trkpt>
      <trkpt lat="50.5399009" lon="11.3959388">
        <ele>580</ele>
        <time>2026-09-11T11:12:22.000Z</time>
      </trkpt>
      <trkpt lat="50.5386876" lon="11.3947697">
        <ele>559.2</ele>
        <time>2026-09-11T11:12:43.000Z</time>
      </trkpt>
      <trkpt lat="50.5368738" lon="11.3949946">
        <ele>534.4</ele>
        <time>2026-09-11T11:13:03.000Z</time>
      </trkpt>
      <trkpt lat="50.5359455" lon="11.3926998">
        <ele>508</ele>
        <time>2026-09-11T11:13:24.000Z</time>
      </trkpt>
      <trkpt lat="50.5348346" lon="11.3929261">
        <ele>484.7</ele>
        <time>2026-09-11T11:13:45.000Z</time>
      </trkpt>
      <trkpt lat="50.5338037" lon="11.389877">
        <ele>456.4</ele>
        <time>2026-09-11T11:14:05.000Z</time>
      </trkpt>
      <trkpt lat="50.5337858" lon="11.3869166">
        <ele>438.3</ele>
        <time>2026-09-11T11:14:26.000Z</time>
      </trkpt>
      <trkpt lat="50.5329424" lon="11.3845715">
        <ele>410.1</ele>
        <time>2026-09-11T11:14:46.000Z</time>
      </trkpt>
      <trkpt lat="50.532278" lon="11.381874">
        <ele>394.1</ele>
        <time>2026-09-11T11:15:07.000Z</time>
      </trkpt>
      <trkpt lat="50.5321402" lon="11.3801396">
        <ele>388</ele>
        <time>2026-09-11T11:15:28.000Z</time>
      </trkpt>
      <trkpt lat="50.5321323" lon="11.3800853">
        <ele>387.1</ele>
        <time>2026-09-11T11:15:48.000Z</time>
      </trkpt>
      <trkpt lat="50.5321525" lon="11.380059">
        <ele>392.6</ele>
        <time>2026-09-11T11:16:10.000Z</time>
      </trkpt>
      <trkpt lat="50.5321495" lon="11.3800518">
        <ele>393.5</ele>
        <time>2026-09-11T11:16:30.000Z</time>
      </trkpt>
      <trkpt lat="50.5321193" lon="11.3800672">
        <ele>389.9</ele>
        <time>2026-09-11T11:16:52.000Z</time>
      </trkpt>
      <trkpt lat="50.5321219" lon="11.3800783">
        <ele>392.7</ele>
        <time>2026-09-11T11:17:12.000Z</time>
      </trkpt>
      <trkpt lat="50.5321375" lon="11.380093">
        <ele>393</ele>
        <time>2026-09-11T11:17:34.000Z</time>
      </trkpt>
      <trkpt lat="50.5321389" lon="11.3800585">
        <ele>393.5</ele>
        <time>2026-09-11T11:17:54.000Z</time>
      </trkpt>
      <trkpt lat="50.532104" lon="11.3800867">
        <ele>392.7</ele>
        <time>2026-09-11T11:18:15.000Z</time>
      </trkpt>
      <trkpt lat="50.5319156" lon="11.3800673">
        <ele>388.4</ele>
        <time>2026-09-11T11:18:35.000Z</time>
      </trkpt>
      <trkpt lat="50.5317035" lon="11.380204">
        <ele>383.6</ele>
        <time>2026-09-11T11:18:56.000Z</time>
      </trkpt>
      <trkpt lat="50.5314539" lon="11.3804645">
        <ele>388.2</ele>
        <time>2026-09-11T11:19:16.000Z</time>
      </trkpt>
      <trkpt lat="50.5313272" lon="11.3807769">
        <ele>387.2</ele>
        <time>2026-09-11T11:19:37.000Z</time>
      </trkpt>
      <trkpt lat="50.5313352" lon="11.3812708">
        <ele>394</ele>
        <time>2026-09-11T11:19:58.000Z</time>
      </trkpt>
      <trkpt lat="50.531144" lon="11.3815755">
        <ele>396.6</ele>
        <time>2026-09-11T11:20:19.000Z</time>
      </trkpt>
      <trkpt lat="50.530929" lon="11.3818866">
        <ele>399.6</ele>
        <time>2026-09-11T11:20:40.000Z</time>
      </trkpt>
      <trkpt lat="50.5307436" lon="11.3822124">
        <ele>399.5</ele>
        <time>2026-09-11T11:21:00.000Z</time>
      </trkpt>
      <trkpt lat="50.530627" lon="11.382392">
        <ele>402.9</ele>
        <time>2026-09-11T11:21:22.000Z</time>
      </trkpt>
    </trkseg>
  </trk>
</gpx>
